step,n_seeds,validate/loss_step_mean,validate/loss_step_std,validate/pred_loss_step_mean,validate/pred_loss_step_std,validate/sigreg_loss_step_mean,validate/sigreg_loss_step_std,epoch_mean,epoch_std,fit/grad_norm_pre_clip_mean,fit/grad_norm_pre_clip_std,fit/loss_mean,fit/loss_std,fit/pred_loss_mean,fit/pred_loss_std,fit/rand_diff_loss_mean,fit/rand_diff_loss_std,fit/sigreg_loss_mean,fit/sigreg_loss_std,validate/loss_epoch_mean,validate/loss_epoch_std,validate/pred_loss_epoch_mean,validate/pred_loss_epoch_std,validate/sigreg_loss_epoch_mean,validate/sigreg_loss_epoch_std
0,3,0.18605399628480276,0.0391935765933593,0.01841076835989952,0.0021880286311567435,1.8619791666666667,0.4443062461462627,,,,,,,,,,,,,,,,,,
1,3,0.18650545179843903,0.013377810418111886,0.02537264550725619,0.007494488965959488,1.7890625,0.20536624106398305,,,,,,,,,,,,,,,,,,
2,3,0.18314616878827414,0.01515189540109902,0.020060230046510696,0.0036272940314001764,1.8151041666666667,0.16468137243502476,,,,,,,,,,,,,,,,,,
3,3,0.17173014084498087,0.02444334278753865,0.026222326482335728,0.005956417110405878,1.6145833333333333,0.23363598768080088,,,,,,,,,,,,,,,,,,
4,3,0.18998728692531586,0.011069368813464936,0.020065408820907276,0.003569745709610372,1.8880208333333333,0.08353653610596583,,,,,,,,,,,,,,,,,,
5,3,0.17294010519981384,0.006281262864060588,0.021898442258437473,0.0045457501179654,1.6770833333333333,0.03157384284630766,,,,,,,,,,,,,,,,,,
6,3,0.1914108544588089,0.00843883239703201,0.021488981321454048,0.006959254051271834,1.8880208333333333,0.1289259770259017,,,,,,,,,,,,,,,,,,
7,3,0.1479517718156179,0.0128063417657082,0.019371042648951214,0.003784956612549137,1.4296875,0.10334966058846057,,,,,,,,,,,,,,,,,,
8,3,0.1734833618005117,0.022826018825935487,0.019186485558748245,0.000927964028565032,1.7135416666666667,0.2555933532773952,,,,,,,,,,,,,,,,,,
9,3,0.17584143579006195,0.020417482063622976,0.0244742501527071,0.007320832864413331,1.6796875,0.1769492445766582,,,,,,,,,,,,,,,,,,
10,3,0.2062316139539083,0.03382420413428806,0.023288901895284653,0.004508307958267578,2.0338541666666665,0.33460248297731343,,,,,,,,,,,,,,,,,,
11,3,0.1735119769970576,0.0349090758912998,0.017261977617939312,0.002365775736118652,1.7317708333333333,0.36862528787995996,,,,,,,,,,,,,,,,,,
12,3,0.17819905281066895,0.018449304783055495,0.018693840131163597,0.0002515440819857039,1.7708333333333333,0.20437316831493155,,,,,,,,,,,,,,,,,,
13,3,0.17998497188091278,0.025469667575330136,0.01982872560620308,0.006977230133552092,1.78125,0.203125,,,,,,,,,,,,,,,,,,
14,3,0.18340502679347992,0.02854875003805945,0.01836596615612507,0.0048490707922717235,1.8333333333333333,0.2633558097936769,,,,,,,,,,,,,,,,,,
15,3,0.17399012545744577,0.01770972700928378,0.016763561715682346,0.0020860827917249755,1.7447916666666667,0.22156852366047694,,,,,,,,,,,,,,,,,,
16,3,0.17321098844210306,0.003966350656779276,0.02054171512524287,0.0038480296835737286,1.6979166666666667,0.06644453553215142,,,,,,,,,,,,,,,,,,
17,3,0.17413989206155142,0.00468974251234504,0.017889889267583687,0.0029091373739863033,1.7395833333333333,0.03608439182435161,,,,,,,,,,,,,,,,,,
18,3,0.19787204265594482,0.02066033043684921,0.016556943766772747,0.0031206252536908675,2.0182291666666665,0.2584430420606895,,,,,,,,,,,,,,,,,,
19,3,0.16211596628030142,0.01983390443349442,0.019537839107215405,0.004450329361814615,1.5833333333333333,0.16979086784065664,,,,,,,,,,,,,,,,,,
49,3,,,,,,,0.0,0.0,2.375567356745402,0.5399836865952689,0.9604379932085673,0.015245622171537961,0.2552776088317235,0.0077378554553848315,1.245205561319987,0.01907115177132664,7.697916666666667,0.23454854685828547,,,,,,
99,3,,,,,,,0.0,0.0,3.097686290740967,0.5302542010432179,0.7800673842430115,0.02152721533206284,0.2460514505704244,0.007396919446233169,1.1880525747934978,0.018292837173730935,5.8125,0.31715286140913185,,,,,,
149,3,,,,,,,0.0,0.0,3.6718204021453857,0.3956395764632533,0.654850701491038,0.0036480838519734123,0.22346924245357513,0.005500302629569523,1.211063067118327,0.010621851633047921,4.666666666666667,0.09021097956087903,,,,,,
199,3,,,,,,,0.0,0.0,1.8281896114349365,0.5701034366914619,0.5552243590354919,0.010441820990530199,0.1848833163579305,0.02207444297796581,1.226811130841573,0.007527980711769523,3.9739583333333335,0.15651020001371582,,,,,,
249,3,,,,,,,0.0,0.0,1.6762402852376301,0.1753023120349911,0.5235116283098856,0.03412644748052135,0.17379971841971079,0.017598323327249785,1.2472325960795085,0.021615007370908355,3.7447916666666665,0.38727732177127716,,,,,,
299,3,,,,,,,0.0,0.0,2.1856807867685952,0.6875112208195853,0.4470682243506114,0.016229411508829072,0.15163679917653403,0.013350484907896925,1.2879353761672974,0.021730584617540124,3.1354166666666665,0.08605578980134534,,,,,,
349,3,,,,,,,0.0,0.0,1.6554982662200928,0.5263240541149494,0.41064395507176715,0.010618874734201552,0.12911670903364816,0.012796731596738675,1.3298075993855794,0.006454963866752238,2.9739583333333335,0.047735163489123336,,,,,,
399,3,,,,,,,0.0,0.0,1.2945262591044109,0.2687509658663765,0.3931346933046977,0.010704421179524208,0.11238827308019002,0.015790887048072896,1.349381963411967,0.0027940441492012563,2.96875,0.258167369404036,,,,,,
449,3,,,,,,,0.0,0.0,1.7215428749720256,0.4231451019881123,0.4210948944091797,0.03331933779257195,0.12871885051329932,0.006900376002277066,1.3730209271113079,0.006841577263257559,3.0989583333333335,0.2982424646295918,,,,,,
499,3,,,,,,,0.0,0.0,1.4385194778442383,0.31396143202405213,0.35154297947883606,0.010827043620168645,0.09717483321825664,0.01303556412769902,1.3808253208796184,0.01646366701179107,2.671875,0.05633673867912483,,,,,,
549,3,,,,,,,0.0,0.0,2.2348092794418335,1.680001704896159,0.3665219346682231,0.025071581535559134,0.11130076398452123,0.032652894404143866,1.3684707482655842,0.0234567555569382,2.6875,0.4230308240837776,,,,,,
599,3,,,,,,,0.0,0.0,1.8955768744150798,0.6840300918392992,0.35155612230300903,0.008875403816173051,0.0857662782073021,0.011829760108460628,1.4487768014272053,0.08702676228424892,2.7916666666666665,0.15728821740147395,,,,,,
649,3,,,,,,,0.0,0.0,1.6388767162958782,0.22809448187352876,0.34680630763371784,0.04023959030998167,0.07902098447084427,0.023221954849881724,1.4530117511749268,0.10497602962594531,2.8125,0.3125,,,,,,
699,3,,,,,,,0.0,0.0,1.8788864612579346,0.24275624704730042,0.33609259128570557,0.0351584466336755,0.08714348822832108,0.024463746006363755,1.4899630546569824,0.09911022248061892,2.6041666666666665,0.2189359328852469,,,,,,
749,3,,,,,,,0.0,0.0,2.3343058824539185,0.9393873899022498,0.32094613711039227,0.03769296661709861,0.09476608783006668,0.03205234428235173,1.5242551962534587,0.12301432770537084,2.34375,0.09504316453590968,,,,,,
799,3,,,,,,,0.0,0.0,2.8460795084635415,1.0800247335814772,0.3132384816805522,0.004531983079904449,0.08418273429075877,0.0127069071318057,1.5188554128011067,0.10129023234662377,2.375,0.09504316453590968,,,,,,
849,3,,,,,,,0.0,0.0,2.757850766181946,1.0660902455212682,0.2911527951558431,0.01278232507642024,0.07100365807612737,0.019957053369070415,1.5722060998280842,0.06251281230037753,2.2708333333333335,0.10403637685124052,,,,,,
899,3,,,,,,,0.0,0.0,2.257570823033651,0.3559860364420266,0.2920571565628052,0.028944415342894308,0.06948428601026535,0.008108794401192955,1.5541619857152302,0.04723590365024969,2.3020833333333335,0.2634716639571196,,,,,,
949,3,,,,,,,0.0,0.0,1.6272776126861572,0.07354635543685775,0.2873986264069875,0.01682933010865235,0.07240256418784459,0.014928981570574954,1.6428354978561401,0.1079190649842672,2.203125,0.027063293868263706,,,,,,
999,3,,,,,,,0.0,0.0,2.4120327631632485,0.4807334831934183,0.2685757080713908,0.011431863464420483,0.05948784574866295,0.013895551233482644,1.7030563354492188,0.12295939637881743,2.1354166666666665,0.1016626109163705,,,,,,
1049,3,,,,,,,0.0,0.0,1.877987543741862,0.570964891107701,0.27734829982121784,0.019241460440308562,0.0668004813293616,0.016527828314588756,1.6862927277882893,0.055470664448566555,2.15625,0.05633673867912483,,,,,,
1099,3,,,,,,,0.0,0.0,1.8700069586435955,0.8100797216880129,0.2873051365216573,0.024774601754425293,0.07015505060553551,0.012191154958021262,1.7280295292536418,0.1137280393429462,2.21875,0.13621559198564606,,,,,,
1149,3,,,,,,,0.0,0.0,2.0373849868774414,0.5350315367005075,0.2724844018618266,0.013123080388806116,0.07068329056104024,0.006573523041054532,1.7556324005126953,0.11648534905902533,2.0494791666666665,0.08353653610596583,,,,,,
1199,3,,,,,,,0.0,0.0,2.4448181788126626,0.7623630129487481,0.28244948387145996,0.02207296643492993,0.07607873405019443,0.01987854153767541,1.7894187768300374,0.053771912006652114,2.09375,0.10245997694221876,,,,,,
1249,3,,,,,,,0.0,0.0,1.6835246880849202,0.7646770215755431,0.2488314857085546,0.002290520688559673,0.05949872483809789,0.006562437450184332,1.7783278226852417,0.13162852667934505,1.9088541666666667,0.10664372515335037,,,,,,
1299,3,,,,,,,0.0,0.0,2.3626004457473755,1.9450963449195715,0.264371857047081,0.025280021882883648,0.06475520133972168,0.012687731145866353,1.797603448232015,0.056363374605518435,2.0208333333333335,0.16852801757670247,,,,,,
1349,3,,,,,,,0.0,0.0,1.5690657297770183,0.6571497617733391,0.25571848452091217,0.009296211541972408,0.061005050937334694,0.011092567030369512,1.763010303179423,0.09317609331794736,1.9661458333333333,0.07259041596232475,,,,,,
1399,3,,,,,,,0.0,0.0,3.307377815246582,1.624654815778535,0.26721179485321045,0.0037571755547319377,0.06807464982072513,0.01564633340850354,1.8147564331690471,0.12118656221709584,2.0104166666666665,0.1641244922561326,,,,,,
1449,3,,,,,,,0.0,0.0,4.045090119043986,2.0647891420956097,0.2607305844624837,0.0227841020603544,0.06225598479310671,0.010190581624398424,1.8136056264241536,0.040933875079390655,2.0052083333333335,0.20392470781720723,,,,,,
1499,3,,,,,,,0.0,0.0,2.4057117700576782,0.9193591851715113,0.25010748704274494,0.025088066503345625,0.05756646146376928,0.024378079559161256,1.8712896903355916,0.11079435583900747,1.9270833333333333,0.07667933262674717,,,,,,
1549,3,,,,,,,0.0,0.0,2.3707438309987388,0.7162113815434155,0.25590627392133075,0.012832371695868039,0.06853225827217102,0.014943987012230679,1.8103180329004924,0.04657056596433109,1.8802083333333333,0.08353653610596583,,,,,,
1599,3,,,,,,,0.0,0.0,3.1947244008382163,0.9806388235113975,0.2615853448708852,0.014186943195724212,0.06908006593585014,0.009545839125080512,1.9002665281295776,0.035465629601725286,1.9296875,0.06394806853025352,,,,,,
1649,3,,,,,,,0.0,0.0,1.6101083358128865,0.6255166647295013,0.2610577940940857,0.03776336462943684,0.07000603278477986,0.025178538645123705,1.885123570760091,0.03305916457977011,1.9140625,0.15683484296784947,,,,,,
1699,3,,,,,,,0.0,0.0,1.6956567366917927,0.4481687311533365,0.24995211263497671,0.014341912664361111,0.06553871308763821,0.018966427287427454,1.872329831123352,0.05407191847367956,1.84375,0.129083684702018,,,,,,
1749,3,,,,,,,0.0,0.0,1.6894894043604534,0.5037069137996034,0.24490189055601755,0.007523134630937077,0.061084906260172524,0.004258731167592804,1.9103436470031738,0.06240462784132356,1.8307291666666667,0.044423755492791615,,,,,,
1799,3,,,,,,,0.0,0.0,1.5971366961797078,0.3131600716326667,0.2569923897584279,0.022232176709826457,0.06846340497334798,0.002164828567043599,1.9258149862289429,0.07291005049616192,1.8802083333333333,0.23047978434036973,,,,,,
1849,3,,,,,,,0.0,0.0,2.384185314178467,0.8896407327948088,0.2592262327671051,0.02698927112948198,0.07236101726690929,0.015188510978865921,1.8570942878723145,0.06647454674137314,1.8671875,0.16143733062321738,,,,,,
1899,3,,,,,,,0.0,0.0,2.0215197006861367,0.7076665883466084,0.2531224191188812,0.022954285848425304,0.06870355705420177,0.012900312135060099,1.8728747765223186,0.09218666380826589,1.84375,0.109375,,,,,,
1949,3,,,,,,,0.0,0.0,2.391834020614624,1.3698331485466457,0.2516791919867198,0.031094209744464738,0.06688170383373897,0.022600498991329595,1.8781859874725342,0.07337771883337897,1.8463541666666667,0.12161765030037101,,,,,,
1999,3,,,,,,,0.0,0.0,2.1661986907323203,0.9054139339786942,0.2620655099550883,0.007602615670019795,0.06515683109561603,0.01199407633775409,1.8523262739181519,0.06415145113673852,1.9817708333333333,0.11384110934580413,,,,,,
2049,3,,,,,,,0.0,0.0,2.4693299929300943,0.9382562671726435,0.2456228882074356,0.014238523097445936,0.0608856293062369,0.009748207699559641,1.9047149022420247,0.044656019094653415,1.84375,0.071602745233685,,,,,,
2099,3,,,,,,,0.0,0.0,1.7326771815617878,0.25974852503139184,0.25011487305164337,0.008888155983880004,0.06516603132088979,0.009927131715645743,1.8607699871063232,0.03685175093149395,1.8489583333333333,0.011933790872280834,,,,,,
2149,3,,,,,,,0.0,0.0,2.408584952354431,0.7894018670099603,0.24326322476069132,0.007293667363349245,0.06487370158235232,0.010077214743250504,1.9209836324055989,0.07353483912806344,1.7708333333333333,0.05201818842562026,,,,,,
2199,3,,,,,,,0.0,0.0,2.7453498045603433,1.0933181672571133,0.24218455453713736,0.007020327433582322,0.05696554854512215,0.004381745606920276,1.8552344640096028,0.043561633582652144,1.8515625,0.028168369339562415,,,,,,
2249,3,,,,,,,0.0,0.0,2.5793055295944214,1.2543063801943775,0.23530071477095285,0.01149481980302339,0.05413861076037089,0.008062848349728301,1.8401686747868855,0.027277203897686585,1.8098958333333333,0.047091513854232096,,,,,,
2299,3,,,,,,,0.0,0.0,2.3156461318333945,1.292057915563188,0.2501879384120305,0.006261550658885826,0.06872006754080455,0.01062440218615669,1.870745023091634,0.03819616730548155,1.8072916666666667,0.06068323019651585,,,,,,
2349,3,,,,,,,0.0,0.0,2.5583197275797525,1.1184373043700206,0.24609713753064474,0.007222265566910232,0.06616288671890895,0.008367621496810942,1.880144437154134,0.09840481218785949,1.7916666666666667,0.06068323019651585,,,,,,
2399,3,,,,,,,0.0,0.0,2.5876848697662354,0.15198760868248407,0.24378002186616263,0.012166465013111768,0.057064514607191086,0.008168812721518459,1.8746751149495442,0.10788665134998265,1.8671875,0.034053897996411515,,,,,,
2449,3,,,,,,,0.0,0.0,1.6423249244689941,0.5200090099944069,0.2421183536450068,0.026419485532272767,0.0658435287574927,0.021325021602683986,1.8397213617960613,0.06126318558586551,1.7578125,0.10216169398923454,,,,,,
2499,3,,,,,,,0.0,0.0,1.8420517444610596,0.47515293769123323,0.24332249661286673,0.0336622617198413,0.06374861920873325,0.01855638160384534,1.8766593138376872,0.08452241620251782,1.7864583333333333,0.16834683707181236,,,,,,
2549,3,,,,,,,0.0,0.0,2.607444723447164,1.0492045705496233,0.2344171106815338,0.01581306231166206,0.061371242006619774,0.011513393678272784,1.8097960551579793,0.06514521650887865,1.7239583333333333,0.06266254903914564,,,,,,
2599,3,,,,,,,0.0,0.0,2.5080665349960327,0.9700443129090845,0.2588329215844472,0.009317364382532573,0.06756249070167542,0.003759540419757154,1.939543644587199,0.09611250733939707,1.9114583333333333,0.07707629472369136,,,,,,
2649,3,,,,,,,0.0,0.0,0.956052303314209,0.14460343099962658,0.2301656554142634,0.01102576237330514,0.05698243776957194,0.006369196738917647,1.8235301971435547,0.06353190265009966,1.7213541666666667,0.05651701670367371,,,,,,
2699,3,,,,,,,0.0,0.0,1.6402730544408162,0.005207718660391302,0.229957381884257,0.012932069901513419,0.050318257262309395,0.011352256786308216,1.883183757464091,0.08980346238251506,1.7838541666666667,0.01626301562082916,,,,,,
2749,3,,,,,,,0.0,0.0,1.8448015054066975,0.8700326223235473,0.23922285437583923,0.009764245080024688,0.06581591938932736,0.010496962205233669,1.8459009726842244,0.07358120674477824,1.7239583333333333,0.05201818842562026,,,,,,
2799,3,,,,,,,0.0,0.0,1.118577281634013,0.3489641797932936,0.23365144928296408,0.02083794104661022,0.052580349147319794,0.014158916528587464,1.8636202812194824,0.10510819175647258,1.8046875,0.129083684702018,,,,,,
2849,3,,,,,,,0.0,0.0,1.3367598454157512,0.12590024319199417,0.2288908859093984,0.010181738765102996,0.050829329838355385,0.006514583462614265,1.8556345701217651,0.1353897324907175,1.7708333333333333,0.03252603124165832,,,,,,
2899,3,,,,,,,0.0,0.0,1.2634366949399312,0.45026422634766017,0.2255895882844925,0.0070509939173304635,0.04417938863237699,0.0026269322813098264,1.8649781147638957,0.10453543577911661,1.8125,0.09789034442298178,,,,,,
2949,3,,,,,,,0.0,0.0,1.7818549672762554,0.7023405628610382,0.25022293627262115,0.031169692947543723,0.07022438943386078,0.029458148356062266,1.8540219863255818,0.05458851320720448,1.7942708333333333,0.08353653610596583,,,,,,
2999,3,,,,,,,0.0,0.0,1.7982972860336304,0.6310037644531948,0.22232818603515625,0.003741151654411549,0.04622607305645943,0.004806879708550718,1.8224505186080933,0.06618317582244249,1.7552083333333333,0.01626301562082916,,,,,,
3049,3,,,,,,,0.0,0.0,1.600741406281789,0.6381527624179483,0.23993457853794098,0.026670702702414836,0.057129938155412674,0.01291869979460301,1.8091091712315877,0.12383086441140585,1.8307291666666667,0.14952997104120408,,,,,,
3099,3,,,,,,,0.0,0.0,1.4773688713709514,0.23884133269393928,0.22478610277175903,0.007070754661726541,0.05259223282337189,0.0030508422421356637,1.789699951807658,0.12472062473443206,1.7161458333333333,0.11276372445109878,,,,,,
3149,3,,,,,,,0.0,0.0,1.1992960969607036,0.3697327792645819,0.2458269993464152,0.013277894683653002,0.061884971956411995,0.007118622584839396,1.7926403284072876,0.05873994941436946,1.8463541666666667,0.06825699178167269,,,,,,
3199,3,,,,,,,0.0,0.0,1.830169677734375,0.9646320240002467,0.23265060782432556,0.02005197794862033,0.05317851776878039,0.011344141118261637,1.866479714711507,0.12407671264045676,1.7890625,0.09600160724566022,,,,,,
3249,3,,,,,,,0.0,0.0,1.466700514157613,0.38482849306019123,0.22786229848861694,0.0048433390363178935,0.053398789217074714,0.0030227048134664532,1.7887993653615315,0.10808563158619036,1.7395833333333333,0.04302789490067267,,,,,,
3299,3,,,,,,,0.0,0.0,0.9520673950513204,0.28777438789063164,0.22460040946801504,0.011582567172632566,0.052703093737363815,0.00935764475198204,1.792596697807312,0.06319397224674345,1.7109375,0.05898308152555273,,,,,,
3349,3,,,,,,,0.0,0.0,1.62017826239268,0.09110359405421369,0.23382868866125742,0.025972748071817525,0.059140718231598534,0.01927895143384503,1.8112446467081706,0.15681020590220246,1.7395833333333333,0.06505206248331664,,,,,,
3399,3,,,,,,,0.0,0.0,1.3470035791397095,0.07658380440568274,0.22994684676329294,0.028122776214474076,0.04964648808042208,0.008731529811544613,1.7214417060216267,0.06008395881390591,1.8098958333333333,0.23829192257519627,,,,,,
3449,3,,,,,,,0.0,0.0,1.3849638104438782,0.6572684330025629,0.22605540851751962,0.008694957670703348,0.04977435121933619,0.00526066159403878,1.74268905321757,0.03311212047303321,1.765625,0.06394806853025352,,,,,,
3499,3,,,,,,,0.0,0.0,1.1409528056780498,0.4307687940706165,0.22812875111897787,0.005112951592342456,0.055560123175382614,0.013054709994434532,1.827175219853719,0.12307223023625416,1.7109375,0.12278307535548212,,,,,,
3549,3,,,,,,,0.0,0.0,1.0883553822835286,0.18405706890944984,0.23266523083051047,0.034106466428210774,0.05328641707698504,0.01878284959972011,1.759495457013448,0.06290442850542205,1.796875,0.1691906861539665,,,,,,
3599,3,,,,,,,0.0,0.0,1.1895199219385784,0.3159072880301478,0.2383056233326594,0.019125491188724142,0.052137879033883415,0.01912114529496535,1.7547954320907593,0.09865580637096784,1.8723958333333333,0.050227347713504976,,,,,,
3649,3,,,,,,,0.0,0.0,0.9678309758504232,0.25931144088615404,0.21800350646177927,0.0034678548668536677,0.04984046394626299,0.0026230722989309995,1.7121377388636272,0.11468010586801818,1.6770833333333333,0.011933790872280834,,,,,,
3699,3,,,,,,,0.0,0.0,1.5064154664675395,0.8919429959659754,0.2126309076944987,0.005358644009991107,0.04160579666495323,0.006213069942877024,1.8030322790145874,0.09392112496516553,1.7005208333333333,0.10075803188621409,,,,,,
3749,3,,,,,,,0.0,0.0,1.6397712628046672,0.24585870825639694,0.2316092054049174,0.02131254197289326,0.04754944518208504,0.011056042894026332,1.7393096685409546,0.11622562408811385,1.8515625,0.1484375,,,,,,
3799,3,,,,,,,0.0,0.0,1.1506664554278057,0.4431094192248735,0.21293761332829794,0.008425654903144217,0.04319004093607267,0.002611545442421235,1.7078307072321575,0.0782602506015094,1.6979166666666667,0.05863713671457137,,,,,,
3849,3,,,,,,,0.0,0.0,0.8833261529604594,0.2333116811235645,0.20891727010409036,0.0046987438248395795,0.044146306812763214,0.0038087231247019094,1.7310033241907756,0.14173368074776757,1.6380208333333333,0.09320588629256918,,,,,,
3899,3,,,,,,,0.0,0.0,1.2426901658376057,0.4923229024813953,0.2113467405239741,0.011735480195353747,0.039055146276950836,0.006407894257427256,1.7669194142023723,0.11319948137725601,1.71875,0.109375,,,,,,
3949,3,,,,,,,0.0,0.0,1.5468980471293132,0.36344136058295456,0.23492253323396048,0.018885689333373125,0.05244202415148417,0.005987924781582583,1.7115930318832397,0.09420099892971237,1.8385416666666667,0.14664487734688633,,,,,,
3999,3,,,,,,,0.0,0.0,1.0544225176175435,0.3563615442603554,0.2176128327846527,0.014608060883676714,0.04332006350159645,0.011065747822327554,1.6415165662765503,0.04822365267866427,1.7552083333333333,0.0708888416084177,,,,,,
4049,3,,,,,,,0.0,0.0,1.2227458556493123,0.2149097841755745,0.21192357440789542,0.013192850068826437,0.04390000676115354,0.0006942109693217687,1.6656381686528523,0.09650927146328263,1.6848958333333333,0.16281769825354778,,,,,,
4099,3,,,,,,,0.0,0.0,1.3139879703521729,0.09237871606940436,0.23353600005308786,0.004910658133042012,0.05284339562058449,0.006755711463937683,1.6955628395080566,0.049026305044440915,1.8203125,0.0358013726168425,,,,,,
4149,3,,,,,,,0.0,0.0,1.91915229956309,0.9891084520377548,0.2300133357445399,0.01482722233780014,0.05373522763450941,0.007496627754014609,1.6772902011871338,0.013911581224608506,1.7734375,0.0859375,,,,,,
4199,3,,,,,,,0.0,0.0,0.9260794321695963,0.18563426993765852,0.22684046626091003,0.018896262512490894,0.04947655647993088,0.008856868953557473,1.6882143020629883,0.0572556271369272,1.7838541666666667,0.10403637685124052,,,,,,
4249,3,,,,,,,0.0,0.0,0.94019083182017,0.22370104209639513,0.21197821199893951,0.014050296687289791,0.04274606332182884,0.003443963319472363,1.6888397932052612,0.05051620757872375,1.6953125,0.12278307535548212,,,,,,
4299,3,,,,,,,0.0,0.0,0.9507825573285421,0.1314373788185266,0.2115323543548584,0.01277208515920638,0.043322487423817314,0.008817060871717394,1.6842681964238484,0.13914052586542966,1.6822916666666667,0.11222115326257939,,,,,,
4349,3,,,,,,,0.0,0.0,1.213901201883952,0.27011396393430864,0.2067017803589503,0.010217809463539267,0.04370360945661863,0.0015443246785302185,1.6839321454366047,0.057232289295989544,1.625,0.08804240366863003,,,,,,
4399,3,,,,,,,0.0,0.0,1.0923968156178792,0.2787261850114175,0.21685219804445902,0.0066291354905319,0.048170048743486404,0.010160794924977809,1.6663917303085327,0.04516588723146029,1.6875,0.04133986423538423,,,,,,
4449,3,,,,,,,0.0,0.0,1.247135877609253,0.3966670525861086,0.22403615713119507,0.010578252296639145,0.0550312784810861,0.004611998675424015,1.6986652215321858,0.06439786191412572,1.6901041666666667,0.10196235390860361,,,,,,
4499,3,,,,,,,0.0,0.0,1.6797388792037964,0.9658026104717098,0.2226992150147756,0.016871786334227437,0.04600455487767855,0.007731061345477373,1.6212890942891438,0.021666995483759457,1.7838541666666667,0.14069731936708435,,,,,,
4549,3,,,,,,,0.0,0.0,0.8026840686798096,0.053008010476011086,0.20493869483470917,0.007756047712920587,0.04245457798242569,0.005918682203217764,1.6650787989298503,0.12149821372451512,1.6223958333333333,0.08353653610596583,,,,,,
4599,3,,,,,,,0.0,0.0,1.398047685623169,0.23029406688917212,0.23525008062521616,0.006092400581524247,0.06374160448710124,0.007928632899227663,1.6560562054316204,0.06345565921184715,1.7239583333333333,0.10834710449330584,,,,,,
4649,3,,,,,,,0.0,0.0,1.0396416187286377,0.030781234465829897,0.20784722765286764,0.018596359545487724,0.04011060297489166,0.008283070474585734,1.6369438171386719,0.0464267660703568,1.6822916666666667,0.133576235450335,,,,,,
4699,3,,,,,,,0.0,0.0,1.0653864741325378,0.3586291051678735,0.2174751361211141,0.025357207724588597,0.047635141760110855,0.01254918236653187,1.651968280474345,0.023571096000111282,1.703125,0.15209314323384207,,,,,,
4749,3,,,,,,,0.0,0.0,0.8050611019134521,0.10669567257725711,0.19619963069756827,0.003104284778633707,0.04027800882856051,0.003238455162873907,1.6273178656895955,0.03685298744188005,1.5520833333333333,0.06551950846567252,,,,,,
4799,3,,,,,,,0.0,0.0,1.0568028489748638,0.10505771225308402,0.20977320273717245,0.011390661799313646,0.04916892573237419,0.010333067457462992,1.6398543516794841,0.027727704174068196,1.6067708333333333,0.027436598314720676,,,,,,
4849,3,,,,,,,0.0,0.0,0.8557089567184448,0.27893180287079694,0.2085870901743571,0.0036352995113546195,0.04302638644973437,0.008759784963278245,1.6146641572316487,0.055398337439594714,1.65625,0.07534102157025746,,,,,,
4899,3,,,,,,,0.0,0.0,1.0397059917449951,0.28528996725832856,0.19821387032667795,0.008623038688091991,0.03798645672698816,0.009794807394067752,1.6347206036249797,0.06601047002554755,1.5989583333333333,0.06644453553215142,,,,,,
4949,3,,,,,,,0.0,0.0,0.7310250997543335,0.052588606495903384,0.20151159167289734,0.005435269444473356,0.03941258043050766,0.0030161156070129965,1.6591201225916545,0.011640760445853134,1.6145833333333333,0.06551950846567252,,,,,,
4999,3,,,,,,,0.0,0.0,0.9323653976122538,0.1443046187735394,0.21024986604849497,0.0054432069865824875,0.04761620114247004,0.005789597906221467,1.61492919921875,0.0777392883980491,1.6276041666666667,0.07259041596232475,,,,,,
5049,3,,,,,,,0.0,0.0,1.1188834309577942,0.29419769477671515,0.20318778852621713,0.013232563793658978,0.046509455889463425,0.008560626399996859,1.637885610262553,0.061258084083394795,1.5625,0.0667500292602932,,,,,,
5099,3,,,,,,,0.0,0.0,0.9651779731114706,0.20743635344739786,0.20947591960430145,0.015133054669061495,0.045037683099508286,0.006573498458191963,1.6326260169347127,0.00944951386604223,1.6484375,0.10825317547305482,,,,,,
5149,3,,,,,,,0.0,0.0,0.9240627686182658,0.25117919529545946,0.20746872325738272,0.015675230657824175,0.03871627897024155,0.011001043240700743,1.6083179314931233,0.10153066065920434,1.6953125,0.1335000585205864,,,,,,
5199,3,,,,,,,0.0,0.0,0.8718324104944865,0.09189505286043204,0.21181557575861612,0.011097776113976731,0.042037817339102425,0.004602913782472488,1.613193154335022,0.07903608788510678,1.7083333333333333,0.1451808319246495,,,,,,
5249,3,,,,,,,0.0,0.0,1.282699724038442,0.39402668203850816,0.21924448510011038,0.0033451873438334586,0.048327005157868065,0.0050813409019398684,1.6295086145401,0.009103094369777786,1.7161458333333333,0.05542655378591865,,,,,,
5299,3,,,,,,,0.0,0.0,0.9612075090408325,0.1533675665720665,0.19984394311904907,0.007305456807181005,0.0371510274708271,0.003982326430360575,1.6208540201187134,0.08286781516792222,1.6276041666666667,0.1213664603930317,,,,,,
5349,3,,,,,,,0.0,0.0,1.0075461665789287,0.35045199633581453,0.19826337695121765,0.009748397010825648,0.03916467726230621,0.00594067684914094,1.5869535207748413,0.01462084091140215,1.5911458333333333,0.09953913986258538,,,,,,
5399,3,,,,,,,0.0,0.0,0.8579172094662985,0.2160612610012729,0.2083496501048406,0.005853858481807326,0.03963461394111315,0.0036044933787292145,1.604576547940572,0.030015571410048195,1.6953125,0.08804240366863003,,,,,,
5449,3,,,,,,,0.0,0.0,0.9023089210192362,0.11918500547954446,0.2021214167277018,0.01713162750684397,0.04086564729611079,0.004616943802500936,1.607348124186198,0.05830174380220055,1.6145833333333333,0.19173812639791632,,,,,,
5499,3,,,,,,,0.0,0.0,0.9813475410143534,0.258463155324377,0.2164525787035624,0.024106851282243248,0.055298179388046265,0.024283550566387944,1.5972113211949666,0.04650066280362562,1.6119791666666667,0.04009063624567878,,,,,,
5549,3,,,,,,,0.0,0.0,1.2011831204096477,0.27216031742734054,0.20343884825706482,0.017028546461381203,0.04888411983847618,0.0028348945253465936,1.5882861614227295,0.05679681054897063,1.5390625,0.17608480733726006,,,,,,
5599,3,,,,,,,0.0,0.0,1.0088985363642375,0.34202051060626015,0.1964540978272756,0.016158961068406592,0.03770904242992401,0.008087689449650307,1.649244983990987,0.0670502807417829,1.5807291666666667,0.1757957169972674,,,,,,
5649,3,,,,,,,0.0,0.0,0.9825881520907084,0.3333738148698922,0.20298922061920166,0.005454172940258563,0.042317782839139305,0.0007985682632165599,1.614019513130188,0.037302546813686915,1.6067708333333333,0.06644453553215142,,,,,,
5699,3,,,,,,,0.0,0.0,1.1152775883674622,0.2595888491321392,0.20164779325326285,0.016331241309808304,0.04244341577092806,0.003072254441385915,1.5975216229756672,0.02912981459606254,1.5911458333333333,0.15806240526555748,,,,,,
5749,3,,,,,,,0.0,0.0,1.01889169216156,0.31925744253983074,0.20773538947105408,0.02275291338881835,0.05133330076932907,0.014030638892697499,1.5777091185251872,0.049561350101571415,1.5625,0.09472152853892297,,,,,,
5799,3,,,,,,,0.0,0.0,0.9305445750554403,0.2190745890869844,0.19170701007048288,0.0207257316252822,0.03488192707300186,0.00905584137169078,1.6200082302093506,0.10919676787950422,1.5625,0.14213597967703323,,,,,,
5849,3,,,,,,,0.0,0.0,0.8228334784507751,0.021435561050977225,0.19517708818117777,0.007130540318777122,0.04006637632846832,0.002740717244984302,1.578779975573222,0.039436141454491654,1.5442708333333333,0.0820622461280663,,,,,,
5899,3,,,,,,,0.0,0.0,1.1079017122586567,0.1221396556290344,0.19939793646335602,0.0037442810794966175,0.04699353873729706,0.009578685157864513,1.6011162996292114,0.04797459716881948,1.515625,0.10510643786776336,,,,,,
5949,3,,,,,,,0.0,0.0,1.030356228351593,0.10930126362512964,0.19913137952486673,0.008909921308797475,0.04751666138569514,0.010158375461453449,1.5547005732854207,0.018195296932642702,1.5130208333333333,0.02255274489021976,,,,,,
5999,3,,,,,,,0.0,0.0,0.8266988197962443,0.21741776382994948,0.20228115220864615,0.021904372893779382,0.042494899282852806,0.011531447006637895,1.6231566270192463,0.08796106660594911,1.5963541666666667,0.11384110934580413,,,,,,
6049,3,,,,,,,0.0,0.0,1.0432735284169514,0.19892857170188571,0.2124068240324656,0.007412413387614908,0.046944105376799904,0.007523465242944545,1.5723131497701008,0.056050420093466065,1.6640625,0.0546875,,,,,,
6099,3,,,,,,,0.0,0.0,0.8071342905362447,0.18765249890159155,0.2054765373468399,0.014307448353134479,0.044870431845386825,0.015131625531212825,1.574933648109436,0.08031019625663813,1.609375,0.11822457773766841,,,,,,
6149,3,,,,,,,0.0,0.0,0.9258939623832703,0.3416730865043656,0.1957308848698934,0.01578153603712183,0.041462541868289314,0.013273754251847354,1.559646725654602,0.08353811848777506,1.5416666666666667,0.05651701670367371,,,,,,
6199,3,,,,,,,0.0,0.0,0.7958993514378866,0.1559811146548604,0.1946003238360087,0.007952872967286905,0.037830120573441185,0.002394384551789757,1.6145204703013103,0.0345487840628292,1.5651041666666667,0.06551950846567252,,,,,,
6249,3,,,,,,,0.0,0.0,0.9977871378262838,0.25738597864208207,0.21576235195000967,0.026338230442398938,0.04540865744153658,0.014273773896562491,1.5731302499771118,0.047128080777140695,1.7161458333333333,0.1657895212749688,,,,,,
6299,3,,,,,,,0.0,0.0,0.8922926584879557,0.09449024515720066,0.2099620153506597,0.028844976873834433,0.04655796786149343,0.013485030368803821,1.5943106412887573,0.09181975252279354,1.6380208333333333,0.17974410340351457,,,,,,
6349,3,,,,,,,0.0,0.0,1.083222488562266,0.2144977146973393,0.20870176951090494,0.01123505133562277,0.04972599198420843,0.0078027021166936685,1.574661135673523,0.05772582746885387,1.5911458333333333,0.1245924345198509,,,,,,
6399,3,,,,,,,0.0,0.0,0.8532057205835978,0.08684591000793902,0.2035947342713674,0.013432552367612824,0.04549610738952955,0.006772180660594557,1.5520494381586711,0.03745572228982066,1.5833333333333333,0.10635717633678196,,,,,,
6449,3,,,,,,,0.0,0.0,0.9368317325909933,0.06334163106333886,0.20367750028769174,0.008464359472608304,0.04415141294399897,0.006946482439768235,1.5645877122879028,0.055017204927776994,1.5989583333333333,0.09054863880580058,,,,,,
6499,3,,,,,,,0.0,0.0,0.9933343132336935,0.30198232857445184,0.1992743561665217,0.01177585265621813,0.03938488786419233,0.0050324235905623614,1.5683740774790447,0.06294757836854184,1.6041666666666667,0.0708888416084177,,,,,,
6549,3,,,,,,,0.0,0.0,0.8203067382176717,0.1941571654312704,0.19482402006785074,0.013978650230889258,0.03638745844364166,0.004566291922988438,1.55329167842865,0.07577159059119105,1.5885416666666667,0.12211848008013912,,,,,,
6599,3,,,,,,,0.0,0.0,0.8546081384023031,0.11073358666538188,0.2131776362657547,0.007065872275498409,0.048971777160962425,0.0054951302895765745,1.576835831006368,0.02828993881595386,1.6510416666666667,0.04302789490067267,,,,,,
6649,3,,,,,,,0.0,0.0,0.9508684078852335,0.36458624409555423,0.207621768116951,0.01069638181544804,0.04225709910194079,0.0054581569478125164,1.5625080664952595,0.08427091767957118,1.6614583333333333,0.07507049638228945,,,,,,
6699,3,,,,,,,0.0,0.0,0.9107590913772583,0.13620879942390787,0.20505468050638834,0.023027398667073484,0.03756807123621305,0.005645012834487927,1.5793895721435547,0.026574856681190112,1.6875,0.21021287573552672,,,,,,
6749,3,,,,,,,0.0,0.0,0.8955264687538147,0.24185464796994025,0.21008221308390299,0.015848350337071538,0.051117852330207825,0.01340899375803402,1.5409674644470215,0.032068796186695385,1.5963541666666667,0.06735686018946647,,,,,,
6799,3,,,,,,,0.0,0.0,0.8924699624379476,0.21310535715169285,0.20743932326634726,0.011302053841914739,0.04873827720681826,0.0068581522639932285,1.5471878846486409,0.038237683871090035,1.59375,0.0546875,,,,,,
6849,3,,,,,,,0.0,0.0,1.0109286308288574,0.15770202062510127,0.21176140507062277,0.010427462437628364,0.04808634767929713,0.009507351883605193,1.556308388710022,0.04432378723996146,1.6432291666666667,0.02255274489021976,,,,,,
6899,3,,,,,,,0.0,0.0,0.9110790093739828,0.05953366903825352,0.20601760347684225,0.007556251469181448,0.04287058115005493,0.00887622283774913,1.5686077276865642,0.04684835383360002,1.6380208333333333,0.1799138067647487,,,,,,
6949,3,,,,,,,0.0,0.0,0.8280487259229025,0.14046597161407923,0.19851324955622354,0.019398006836494737,0.04389376317461332,0.0110684872424886,1.5622090101242065,0.021173333656571564,1.5442708333333333,0.1097463932588827,,,,,,
6999,3,,,,,,,0.0,0.0,0.8645087083180746,0.18345309221586759,0.19826754927635193,0.015654764297648262,0.04038328739504019,0.010878343783535084,1.5631653467814128,0.019433674163312556,1.5807291666666667,0.05915529526875285,,,,,,
7049,3,,,,,,,0.0,0.0,0.8223657210667928,0.1856279891916225,0.19128206868966421,0.014745811338299228,0.037468452006578445,0.003306252995105711,1.5630024274190266,0.06902030266686875,1.5364583333333333,0.16055273585206617,,,,,,
7099,3,,,,,,,0.0,0.0,0.865484873453776,0.12214907306939242,0.19733340044816336,0.007230740655811061,0.04050565386811892,0.005385795283683295,1.5551706949869792,0.0657855589761994,1.5677083333333333,0.019661027175184243,,,,,,
7149,3,,,,,,,0.0,0.0,0.8788887659708658,0.06966707642233111,0.1936551034450531,0.010632564616958566,0.04141387467583021,0.001016847770769707,1.5522478818893433,0.03057366565573569,1.5208333333333333,0.10946796644262345,,,,,,
7199,3,,,,,,,0.0,0.0,0.9090938170750936,0.24218659572705328,0.19994826118151346,0.003968750803605203,0.04597402239839236,0.006062091703690691,1.5627893209457397,0.04803768518384253,1.5364583333333333,0.05651701670367371,,,,,,
7249,3,,,,,,,0.0,0.0,0.8129337628682455,0.03965795977824547,0.1964688847462336,0.014891188209671174,0.039659482737382255,0.006424921424991966,1.553336222966512,0.03259301399717513,1.5703125,0.15683484296784947,,,,,,
7299,3,,,,,,,0.0,0.0,1.0001887877782185,0.25535929096096505,0.21004111568133035,0.02761748809940421,0.0476920356353124,0.00930152986702133,1.5213667154312134,0.02592147956288396,1.6354166666666667,0.20763228401330883,,,,,,
7349,3,,,,,,,0.0,0.0,0.7333962122599283,0.05659851881389927,0.1812076816956202,0.007952024441691269,0.03772959237297376,0.0014579528864187977,1.5548404057820637,0.05726252820521206,1.4192708333333333,0.08781101718795503,,,,,,
7399,3,,,,,,,0.0,0.0,0.7201517621676127,0.059268862609972814,0.1789676696062088,0.005296031496840665,0.034780322263638176,0.0024800708409133464,1.5443856716156006,0.030709564685995065,1.4296875,0.06810779599282303,,,,,,
7449,3,,,,,,,0.0,0.0,0.7744505604108175,0.11019395982304772,0.20057744781176248,0.022235137217433202,0.04219518912335237,0.013954289125996002,1.5478611787160237,0.03543140573491945,1.5911458333333333,0.09830513587592123,,,,,,
7499,3,,,,,,,0.0,0.0,0.8646095593770345,0.19421483269691323,0.19708091020584106,0.002164196953138136,0.03588086552917957,0.008467582907695658,1.5366708437601726,0.027493121900830943,1.6223958333333333,0.10196235390860361,,,,,,
7549,3,,,,,,,0.0,0.0,0.8418188095092773,0.19670811159794546,0.20137418309847513,0.007030000689949388,0.039387998481591545,0.0034808327961363093,1.5827326377232869,0.023174603830155273,1.625,0.04349815908460954,,,,,,
7599,3,,,,,,,0.0,0.0,0.7209689418474833,0.11765915022781406,0.18799081444740295,0.019929417889825753,0.03580066002905369,0.007995340151163767,1.5471405188242595,0.034057161671814704,1.5182291666666667,0.1417776832168354,,,,,,
7649,3,,,,,,,0.0,0.0,0.8280689120292664,0.1518601393150816,0.19822947680950165,0.006989546803319895,0.035047754645347595,0.0034498736134770678,1.5069742600123088,0.0261280470275858,1.6484375,0.09472152853892297,,,,,,
7699,3,,,,,,,0.0,0.0,0.7103655735651652,0.05445956838304511,0.18684002260367075,0.005006271704494287,0.03901063154141108,0.0034793906392240515,1.5667926867802937,0.03836599008993061,1.4661458333333333,0.044423755492791615,,,,,,
7749,3,,,,,,,0.0,0.0,0.7732858260472616,0.11340680779815476,0.19011788070201874,0.009661922536780988,0.034155781070391335,0.0033541508147053594,1.533710519472758,0.047413515557085555,1.5625,0.08267972847076846,,,,,,
7799,3,,,,,,,0.0,0.0,0.8555227319399515,0.21199921274330125,0.20605440934499106,0.005145610801723872,0.04691708336273829,0.011060880733695466,1.558263897895813,0.059856856910651485,1.5963541666666667,0.08570043058283507,,,,,,
7849,3,,,,,,,0.0,0.0,0.8534267147382101,0.1645866202659505,0.19636536141236624,0.015744455380079358,0.04224636529882749,0.006231822102143878,1.5447122653325398,0.011981155470900322,1.5390625,0.12128261481453144,,,,,,
7899,3,,,,,,,0.0,0.0,0.8802361885706583,0.12276631296502907,0.19326209525267282,0.022703964802874302,0.04047916643321514,0.009983220825542026,1.5413140455881755,0.007158245119325567,1.5260416666666667,0.1501409927645789,,,,,,
7949,3,,,,,,,0.0,0.0,0.8606897393862406,0.06896082078321336,0.20564391712347665,0.010746446988113936,0.046163078397512436,0.004333302318264854,1.5600630442301433,0.06230107037929915,1.5963541666666667,0.073840869160197,,,,,,
7999,3,,,,,,,0.0,0.0,0.7244948943456014,0.19567332785115005,0.18623870611190796,0.019460833378842822,0.034585501377781235,0.009119428990297745,1.5422734419504802,0.05936616161657623,1.5130208333333333,0.1432765073279054,,,,,,
8049,3,,,,,,,0.0,0.0,0.9259251554807028,0.3327640620220405,0.18986568848292032,0.010199819394706832,0.038909461349248886,0.009456296181685019,1.5214041074117024,0.03623699941850701,1.5052083333333333,0.02255274489021976,,,,,,
8099,3,,,,,,,0.0,0.0,0.746069073677063,0.1341137535954242,0.17445207138856253,0.012034163292198377,0.03289415004352728,0.0034094286838291022,1.5418600638707478,0.04527575679394149,1.4036458333333333,0.1108531075718373,,,,,,
8149,3,,,,,,,0.0,0.0,0.7778689463933309,0.0793341718176718,0.18986648321151733,0.005496555726805262,0.035898872961600624,0.0036212885232208584,1.5621260404586792,0.002677111701533059,1.5390625,0.04349815908460954,,,,,,
8199,3,,,,,,,0.0,0.0,0.7977670828501383,0.136300172608531,0.1978025585412979,0.011192602962195597,0.03696436124543349,0.01060544587279079,1.5330387751261394,0.03673599174902502,1.6145833333333333,0.06362912355661779,,,,,,
8249,3,,,,,,,0.0,0.0,0.7634269793828329,0.04812967886766024,0.17979341248671213,0.007820859474139083,0.03261318430304527,0.0019439986269940148,1.5669807593027751,0.00890984312312969,1.4609375,0.06394806853025352,,,,,,
8299,3,,,,,,,0.0,0.0,0.8217123746871948,0.07506281028195941,0.19327183067798615,0.007822016850184521,0.039044950157403946,0.008310624423098871,1.5555007060368855,0.023918411471838028,1.5416666666666667,0.019661027175184243,,,,,,
8349,3,,,,,,,0.0,0.0,0.8415780862172445,0.08215735747120037,0.20488778750101724,0.015172557623702872,0.04227182144920031,0.002555289649223003,1.5155026117960613,0.015473733122726213,1.6354166666666667,0.14069731936708435,,,,,,
8399,3,,,,,,,0.0,0.0,0.7168922225634257,0.03899157427887568,0.1818183163801829,0.018907892937690695,0.03491110789279143,0.005235872872056688,1.5234028100967407,0.030557495984468754,1.4635416666666667,0.16281769825354778,,,,,,
8449,3,,,,,,,0.0,0.0,0.728619396686554,0.08791674456979882,0.1886975218852361,0.006808127061538249,0.03287131028870741,0.0069489970973410494,1.552673061688741,0.037096001465126,1.5598958333333333,0.01626301562082916,,,,,,
8499,3,,,,,,,0.0,0.0,0.9637754758199056,0.22396824070195837,0.1954242785771688,0.0162517051613882,0.04861253872513771,0.01464989262997279,1.5301320950190227,0.038409292531428746,1.4635416666666667,0.023867581744561668,,,,,,
8549,3,,,,,,,0.0,0.0,0.8250733415285746,0.08613007804728393,0.19015884896119437,0.0065238335135823135,0.03641024542351564,0.004857502285181855,1.5402249495188396,0.05049689491062606,1.5390625,0.015625,,,,,,
8599,3,,,,,,,0.0,0.0,0.7440589666366577,0.1257248166281507,0.1948047329982122,0.009402895432591256,0.034472369899352394,0.004707054423072044,1.5150074164072673,0.023323195927047232,1.6145833333333333,0.07259041596232475,,,,,,
8649,3,,,,,,,0.0,0.0,0.87201327085495,0.018460660581546884,0.19052545229593912,0.01923496145770327,0.03847925613323847,0.008491702336357735,1.5490210851033528,0.04365647119611369,1.5182291666666667,0.13127169959508916,,,,,,
8699,3,,,,,,,0.0,0.0,0.7742490967114767,0.14572116939825638,0.19613795975844064,0.010684733428740868,0.04199577122926712,0.008919503923550606,1.5795839230219524,0.05280103451802868,1.5338541666666667,0.0369204345800985,,,,,,
8749,3,,,,,,,0.0,0.0,0.7956982652346293,0.2758995126475273,0.18750474353631338,0.015973140786553524,0.040189982702334724,0.0116709670475809,1.5478823979695637,0.01687913776270476,1.4635416666666667,0.04577707247720559,,,,,,
8799,3,,,,,,,0.0,0.0,0.854205588499705,0.10820419672490303,0.20039153099060059,0.012145280025662663,0.03615881068011125,0.008403751692521935,1.5469705661137898,0.04242533502973054,1.6484375,0.04349815908460954,,,,,,
8849,3,,,,,,,0.0,0.0,0.7670958042144775,0.1097140584119918,0.18205797175566354,0.0051431564820577005,0.031090534602602322,0.0026478765178678193,1.5225247144699097,0.030159513417810244,1.5078125,0.028168369339562415,,,,,,
8899,3,,,,,,,0.0,0.0,0.7907816966374716,0.024164266974236747,0.19175020853678384,0.0019811626235162008,0.041610648234685264,0.007035641754958131,1.5373935302098591,0.03288187157958011,1.5,0.09472152853892297,,,,,,
8949,3,,,,,,,0.0,0.0,0.7951955596605936,0.138888233637008,0.18668601910273233,0.010032020067767385,0.03470338570574919,0.006350528384727097,1.5263878107070923,0.026477441778634637,1.5182291666666667,0.05651701670367371,,,,,,
8999,3,,,,,,,0.0,0.0,0.7402174274126688,0.09275187918131522,0.19253806273142496,0.01169958784828709,0.04183215027054151,0.006811875037829238,1.5289250612258911,0.06468617277470652,1.5078125,0.06394806853025352,,,,,,
9049,3,,,,,,,0.0,0.0,0.7799081007639567,0.05115705007618113,0.19582300881544748,0.008421770705406634,0.03871041784683863,0.0031487534281941774,1.5185505549112956,0.06733698934099466,1.5755208333333333,0.09054863880580058,,,,,,
9099,3,,,,,,,0.0,0.0,0.79423721631368,0.1720983166616899,0.19141849875450134,0.013033086721606971,0.037075949211915336,0.011553594536373514,1.5019637743632,0.031906163252299856,1.546875,0.0546875,,,,,,
9149,3,,,,,,,0.0,0.0,0.7932147979736328,0.11986532385523056,0.18891816834608713,0.0021363471409665833,0.034610538432995476,0.0035354950729136196,1.5310240586598713,0.03656064767022675,1.5442708333333333,0.03853814736184568,,,,,,
9199,3,,,,,,,0.0,0.0,0.7969794074694315,0.11433990192889905,0.19210424522558847,0.02520162778807987,0.03526690974831581,0.007478229600517503,1.5073020060857136,0.04406461850014693,1.5755208333333333,0.20392470781720723,,,,,,
9249,3,,,,,,,0.0,0.0,0.8846231500307719,0.25497760948388243,0.20125384132067362,0.015579571538143426,0.042036554465691246,0.013804281972468118,1.5337079763412476,0.00674837283828521,1.5989583333333333,0.16834683707181236,,,,,,
9299,3,,,,,,,0.0,0.0,0.8164501190185547,0.1639189626738112,0.19772698978583017,0.023945138190696953,0.043657331417004265,0.0179366930122227,1.5397780736287434,0.0253773360092278,1.5416666666666667,0.0708888416084177,,,,,,
9349,3,,,,,,,0.0,0.0,0.6547646125157675,0.07183938500206477,0.17797042429447174,0.00958215775231488,0.0325381588190794,0.006614928018702879,1.5223933855692546,0.042136026544866596,1.4479166666666667,0.03522851369392886,,,,,,
9399,3,,,,,,,0.0,0.0,0.797150989373525,0.20107191282929177,0.19051126142342886,0.015853431555010684,0.034858948861559234,0.006829564703855577,1.5352836052576702,0.01582227204382438,1.5572916666666667,0.1016626109163705,,,,,,
9449,3,,,,,,,0.0,0.0,0.704653243223826,0.2762751858533919,0.1743712524573008,0.022536577677256708,0.03127610124647617,0.008021745849091984,1.5002708435058594,0.016531452588583562,1.421875,0.1579980345012241,,,,,,
9499,3,,,,,,,0.0,0.0,0.7341017921765646,0.066402193278065,0.18942542870839438,0.013664154742246915,0.034153906628489494,0.0039075786442040955,1.52975598971049,0.007353642485063585,1.5572916666666667,0.19614406310052654,,,,,,
9549,3,,,,,,,0.0,0.0,0.8365145126978556,0.17688311618895816,0.19797579447428384,0.006324355500753013,0.039571281522512436,0.0028147340241268855,1.5175347328186035,0.015409772980958431,1.5911458333333333,0.03522851369392886,,,,,,
9599,3,,,,,,,0.0,0.0,0.7700101931889852,0.12705854232120137,0.19185634950796762,0.007232745324514797,0.03890642896294594,0.0013855443796205404,1.5254607200622559,0.046174308335211044,1.53125,0.08450510801868726,,,,,,
9649,3,,,,,,,0.0,0.0,0.7157593369483948,0.10727176505038107,0.18436486025651297,0.0029640618362451257,0.03578329893449942,0.004192772042737464,1.5443538427352905,0.07823799758143363,1.4791666666666667,0.06644453553215142,,,,,,
9699,3,,,,,,,0.0,0.0,0.7083862622578939,0.07429345196805709,0.18543013433615366,0.011228193395928059,0.02809287856022517,0.0017380958439753157,1.541016419728597,0.05559500774290413,1.5755208333333333,0.11222115326257939,,,,,,
9749,3,,,,,,,0.0,0.0,0.7636996308962504,0.09086717258877165,0.19449271261692047,0.017388305113397506,0.03848517934481303,0.003183964698239014,1.5382529099782307,0.03397456836719104,1.5625,0.17451803049756778,,,,,,
9799,3,,,,,,,0.0,0.0,0.6608172456423441,0.1026187562384902,0.17723322908083597,0.006476817435285901,0.029482581963141758,0.0009835336875990111,1.5263668298721313,0.023187860530739846,1.46875,0.071602745233685,,,,,,
9849,3,,,,,,,0.0,0.0,0.753485103448232,0.17115885815514645,0.18001032869021097,0.022019117109688235,0.03469715950389703,0.010807692423185493,1.5430346330006917,0.041040173536847455,1.4427083333333333,0.1317358319785598,,,,,,
9899,3,,,,,,,0.0,0.0,0.663032054901123,0.09166118248059572,0.1775890439748764,0.005729277464808948,0.03029358635346095,0.003540261315457517,1.5459522406260173,0.08150359602394196,1.4609375,0.04752158226795484,,,,,,
9949,3,,,,,,,0.0,0.0,0.7184551556905111,0.11577589068696921,0.1822885125875473,0.00792534672839158,0.03242975349227587,0.004299168322582047,1.5418647925059001,0.03203076566169906,1.4947916666666667,0.04302789490067267,,,,,,
9999,3,,,,,,,0.0,0.0,0.8433874249458313,0.14041031904826917,0.19249723354975382,0.017678967774558758,0.03989408786098162,0.007158018200409025,1.5558876593907673,0.02906374693776182,1.5260416666666667,0.1183105905375057,,,,,,
10049,3,,,,,,,0.0,0.0,0.67434694369634,0.08841170305399261,0.18325327833493552,0.020671819463469045,0.030503285427888233,0.003502735040317357,1.5380200544993083,0.079400486171041,1.5234375,0.21409671259444876,,,,,,
10099,3,,,,,,,0.0,0.0,0.7181624372800192,0.11851475301359855,0.1939657231171926,0.008361391135381195,0.03842059522867203,0.004673581749804677,1.5245647033055623,0.017695748509284254,1.5572916666666667,0.06068323019651585,,,,,,
10149,3,,,,,,,0.0,0.0,0.7823325594266256,0.20668906822738944,0.18421649436155954,0.007669835459458712,0.03360697192450365,0.005360800510215647,1.5192854007085164,0.007529018241087448,1.5052083333333333,0.1031526162517623,,,,,,
10199,3,,,,,,,0.0,0.0,0.7138986190160116,0.14689155341862797,0.18573726216952005,0.01682597924698176,0.033737008149425186,0.004814090275279739,1.5444263617197673,0.034339691109862715,1.515625,0.13733121743161678,,,,,,
10249,3,,,,,,,0.0,0.0,0.7864078879356384,0.12168882215233362,0.1880505084991455,0.00840342858140234,0.03388963267207146,0.004515234593570041,1.5163482824961345,0.001343360684357243,1.5442708333333333,0.05201818842562026,,,,,,
10299,3,,,,,,,0.0,0.0,0.654630978902181,0.052938164574626134,0.17463171482086182,0.007570986162005953,0.03162172312537829,0.0013448823301037988,1.540582815806071,0.055885223920962505,1.4166666666666667,0.07002255031119142,,,,,,
10349,3,,,,,,,0.0,0.0,0.6677067081133524,0.05338419895977774,0.18468352655569711,0.005064588834294773,0.029827261343598366,0.006011490449229471,1.5207825501759846,0.016385180336565212,1.5520833333333333,0.11856825456075219,,,,,,
10399,3,,,,,,,0.0,0.0,0.6534440914789835,0.07050389984593836,0.17197249829769135,0.005667010417780129,0.03148469515144825,0.0006653221920401052,1.4999518394470215,0.03155302940872731,1.3958333333333333,0.06825699178167269,,,,,,
10449,3,,,,,,,0.0,0.0,0.7838592926661173,0.06118806444883199,0.1890934705734253,0.0069071568927997875,0.03864405304193497,0.003788686326940686,1.5358265240987141,0.0832486499229057,1.4973958333333333,0.08353653610596583,,,,,,
10499,3,,,,,,,0.0,0.0,0.6635585029919943,0.0557319717150811,0.17138520876566568,0.00503121581130379,0.0289687296996514,0.001334707725240418,1.5137834946314495,0.023799555325166477,1.4140625,0.071602745233685,,,,,,
10549,3,,,,,,,0.0,0.0,0.810269812742869,0.2068846022308845,0.1934187114238739,0.021865115086614435,0.04394750607510408,0.015154569618410715,1.5356619755427043,0.02579277283420376,1.4869791666666667,0.07259041596232475,,,,,,
10599,3,,,,,,,0.0,0.0,0.7329715490341187,0.1951316103219506,0.17478707432746887,0.016747949218512123,0.03721638644735018,0.003930853089771834,1.5174857378005981,0.030170550940853504,1.359375,0.14084184669781208,,,,,,
10649,3,,,,,,,0.0,0.0,0.6993820667266846,0.05595958370192792,0.17892434199651083,0.005193571135147064,0.03247368770341078,0.0025356942783662296,1.526576081911723,0.012543824411385837,1.4583333333333333,0.07045702738785772,,,,,,
10699,3,,,,,,,0.0,0.0,0.6567457715670267,0.05849416600108678,0.17574686308701834,0.0037854070007706125,0.030565190439422924,0.0026715203838127274,1.4973341623942058,0.02199252347356056,1.4453125,0.0358013726168425,,,,,,
10749,3,,,,,,,0.0,0.0,0.6674834291140238,0.09461580749261957,0.17069976031780243,0.011213482779151912,0.028098578254381817,0.006314670984612037,1.532253384590149,0.0392103004226104,1.4140625,0.062009796353076345,,,,,,
10799,3,,,,,,,0.0,0.0,0.7371782064437866,0.13117420042399977,0.1815268745024999,0.01798545725622361,0.037077480306228004,0.008330791067329367,1.521762212117513,0.024674899631877023,1.4348958333333333,0.11303403340734743,,,,,,
10849,3,,,,,,,0.0,0.0,0.6993740399678549,0.07018514996688316,0.1871927628914515,0.018352306462910167,0.035780358438690506,0.014373914493683134,1.534469723701477,0.021218081128823216,1.5104166666666667,0.044423755492791615,,,,,,
10899,3,,,,,,,0.0,0.0,0.684772769610087,0.1074547231337397,0.1772294044494629,0.017049571213950048,0.03656468726694584,0.01112000562979008,1.5339194933573406,0.050723994755518365,1.390625,0.062009796353076345,,,,,,
10949,3,,,,,,,0.0,0.0,0.733239750067393,0.11756520584567624,0.1819762388865153,0.006155778962621135,0.03228087971607844,0.008130910954538724,1.5255260467529297,0.048489655846557345,1.4947916666666667,0.023867581744561668,,,,,,
10999,3,,,,,,,0.0,0.0,0.6835354765256246,0.06936462330879488,0.1862242966890335,0.013071826870133866,0.035615829130013786,0.004044270190747686,1.5191800991694133,0.026494516969089603,1.5052083333333333,0.10549285989858903,,,,,,
11049,3,,,,,,,0.0,0.0,0.8224418759346008,0.17745723439792802,0.18717831373214722,0.015027822221602035,0.03579873405396938,0.007084613250271057,1.498634934425354,0.032811432583969444,1.5130208333333333,0.09547032697824667,,,,,,
11099,3,,,,,,,0.0,0.0,0.6336286664009094,0.09187371568873764,0.18031137188275656,0.004692416197747979,0.02904642124970754,0.003586812693439271,1.5197242498397827,0.04529280540910034,1.5104166666666667,0.047091513854232096,,,,,,
11149,3,,,,,,,0.0,0.0,0.7412466406822205,0.1065654685835883,0.1844495584567388,0.01188734500621524,0.03195192168156306,0.005744807695950804,1.5127848386764526,0.031505034789190214,1.5286458333333333,0.073840869160197,,,,,,
11199,3,,,,,,,0.0,0.0,0.7550373276074728,0.1887003008798448,0.18314660092194876,0.020275603937163857,0.0347229770074288,0.014917546049836684,1.5285601615905762,0.03763020044949171,1.4765625,0.14127454156269628,,,,,,
11249,3,,,,,,,0.0,0.0,0.7964999675750732,0.09863343033044075,0.19814572731653848,0.011064149025666808,0.043829587598641716,0.005657071372997815,1.5318743387858074,0.012923875035873705,1.5442708333333333,0.16505158205719608,,,,,,
11299,3,,,,,,,0.0,0.0,0.7288510998090109,0.08924627008324434,0.18614530563354492,0.013518503732699982,0.03611792499820391,0.008104669222469458,1.5098995367685955,0.024865645415076448,1.5,0.14127454156269628,,,,,,
11349,3,,,,,,,0.0,0.0,0.8047210176785787,0.059229852737446013,0.19365817308425903,0.013751480190790442,0.04560904701550802,0.007823533546445638,1.5236625671386719,0.017199192711343205,1.4765625,0.06943901888527804,,,,,,
11399,3,,,,,,,0.0,0.0,0.7083967328071594,0.03998075731820402,0.1808705429236094,0.00549449770373911,0.03242351363102595,0.0011149064985139549,1.5309008359909058,0.028971056722493702,1.4791666666666667,0.05651701670367371,,,,,,
11449,3,,,,,,,0.0,0.0,0.6582759618759155,0.10941259075841456,0.16991827885309854,0.012690759704818767,0.027780155340830486,0.008071716604606384,1.5185002485911052,0.030114812789862257,1.4114583333333333,0.05651701670367371,,,,,,
11499,3,,,,,,,0.0,0.0,0.609279990196228,0.018075629604184504,0.17000767091910043,0.003145984032396164,0.02766197733581066,0.002321182324342463,1.4904296000798543,0.023823527921809688,1.4166666666666667,0.05966895436140417,,,,,,
11549,3,,,,,,,0.0,0.0,0.6916165351867676,0.1098827589604752,0.1757555902004242,0.0052521214516892956,0.037336510916550956,0.00511529507977082,1.520944317181905,0.017740094929363667,1.3697916666666667,0.004510548978043951,,,,,,
11599,3,,,,,,,0.0,0.0,0.6614631017049154,0.03943461893239437,0.18355807662010193,0.012818375722348861,0.03180115111172199,0.0075153690773601236,1.5363699595133464,0.05140146280955512,1.5182291666666667,0.09054863880580058,,,,,,
11649,3,,,,,,,0.0,0.0,0.7890255649884542,0.09955860170671532,0.18298638860384622,0.014182610377342895,0.03461520311733087,0.013162218232592025,1.523316462834676,0.047942033390712964,1.4791666666666667,0.03157384284630766,,,,,,
11699,3,,,,,,,0.0,0.0,0.7292844653129578,0.10938075438351103,0.17870948712031046,0.014786797356821643,0.03471606721480688,0.006789626531164963,1.5412687063217163,0.020580044333769497,1.4270833333333333,0.08605578980134534,,,,,,
11749,3,,,,,,,0.0,0.0,0.6621393362681071,0.06762556654589325,0.17193524042765299,0.0038375063680409238,0.029357022295395534,0.00341944805537661,1.5299570560455322,0.0265771721252488,1.4140625,0.015625,,,,,,
11799,3,,,,,,,0.0,0.0,0.7003497083981832,0.15885653271571099,0.17288117110729218,0.016427883927661927,0.03135372636218866,0.00392182298006819,1.5062600374221802,0.04405064673637995,1.4036458333333333,0.14069731936708435,,,,,,
11849,3,,,,,,,0.0,0.0,0.674932599067688,0.18802824873158203,0.17453294495741525,0.015825955590107306,0.03519593924283981,0.013051133900102355,1.515080451965332,0.04843411230037103,1.3828125,0.05898308152555273,,,,,,
11899,3,,,,,,,0.0,0.0,0.8308453957239786,0.06387911505107557,0.19171912471453348,0.017831616654252928,0.04363481452067693,0.006702022136233054,1.49462886651357,0.017497152937084346,1.4791666666666667,0.147681738320394,,,,,,
11949,3,,,,,,,0.0,0.0,0.7199730475743612,0.10925595928202747,0.17678235471248627,0.013180851690599335,0.03577864170074463,0.009495398665776044,1.518991192181905,0.06781249177097766,1.3984375,0.11822457773766841,,,,,,
11999,3,,,,,,,0.0,0.0,0.6881778836250305,0.0484048496595397,0.17763897279898325,0.014997943523794556,0.033450392385323845,0.012915758848295097,1.5282336473464966,0.02997759352284253,1.4296875,0.0859375,,,,,,
12049,3,,,,,,,0.0,0.0,0.703440527121226,0.0710837046491567,0.18203012148539224,0.00850978582779764,0.032735188181201615,0.004078191405911277,1.518034855524699,0.03914991448204719,1.4895833333333333,0.06068323019651585,,,,,,
12099,3,,,,,,,0.0,0.0,0.795025368531545,0.1553929069117941,0.1924117108186086,0.009510543984360796,0.036909546703100204,0.004422475445388748,1.5202687581380208,0.034384212118473124,1.5598958333333333,0.0708888416084177,,,,,,
12149,3,,,,,,,0.0,0.0,0.8056202332178751,0.13495276186904015,0.18797732889652252,0.016872320747180092,0.04302950824300448,0.0029181209076627034,1.5065007607142131,0.023770573510521135,1.4453125,0.16237976320958225,,,,,,
12199,3,,,,,,,0.0,0.0,0.6842267910639445,0.14652631541052447,0.1751423180103302,0.015442692864199884,0.03534172289073467,0.007757478622520774,1.5288874705632527,0.028496119917248864,1.3828125,0.09789034442298178,,,,,,
12249,3,,,,,,,0.0,0.0,0.7536714871724447,0.22351578584019013,0.19050544003645578,0.016989646180219677,0.03856761505206426,0.011096898422906119,1.489355166753133,0.019183048021602467,1.5234375,0.06394806853025352,,,,,,
12299,3,,,,,,,0.0,0.0,0.6882385611534119,0.07468668978417022,0.1814612845579783,0.01816990915346458,0.036605615789691605,0.010288173506470584,1.5461135705312092,0.051211655123146356,1.4375,0.10216169398923454,,,,,,
12349,3,,,,,,,0.0,0.0,0.7279081145922343,0.1778624893568956,0.18528551856676737,0.020875870970537624,0.04130714200437069,0.020929544028452273,1.5072132349014282,0.04828860106372399,1.4322916666666667,0.025113673856752488,,,,,,
12399,3,,,,,,,0.0,0.0,0.7241262396176656,0.052704475095719405,0.17581667999426523,0.00765223732811737,0.031492361798882484,0.0035631726681093945,1.5092546145121257,0.02329250919322372,1.4348958333333333,0.05915529526875285,,,,,,
12449,3,,,,,,,0.0,0.0,0.6981218258539835,0.1833980674557092,0.1791430413722992,0.020244563459723766,0.03326777492960294,0.009044818221561262,1.5015898545583088,0.033236276705596,1.4557291666666667,0.15651020001371582,,,,,,
12499,3,,,,,,,0.0,0.0,0.7083513339360555,0.1320057381137691,0.18116609255472818,0.003755040091947508,0.036119166761636734,0.007597215047330725,1.5164112250010173,0.017704295313384893,1.4401041666666667,0.04577707247720559,,,,,,
12549,3,,,,,,,0.0,0.0,0.678288201491038,0.07636350352448244,0.18070611357688904,0.010810906545368756,0.03381979279220104,0.011268607771810582,1.5050381024678547,0.022415527523572884,1.4635416666666667,0.05201818842562026,,,,,,
12599,3,,,,,,,0.0,0.0,0.6479171713193258,0.17995367498595133,0.16916672388712564,0.016958090571444793,0.027732865264018376,0.00708016668126129,1.5131771961847942,0.029066303703230302,1.4036458333333333,0.13584168078901016,,,,,,
12649,3,,,,,,,0.0,0.0,0.8148444096247355,0.06890756866800217,0.19383419553438822,0.008062346786516584,0.046542614698410034,0.006454634114676741,1.5130122502644856,0.020490786563308636,1.4713541666666667,0.09254872731206698,,,,,,
12699,3,,,,,,,0.0,0.0,0.7015342116355896,0.14354592046962156,0.18202248712380728,0.01015765578557135,0.0319393885632356,0.009662077008996899,1.4991946617762248,0.013542202359711715,1.5026041666666667,0.004510548978043951,,,,,,
12749,3,,,,,,,0.0,0.0,0.7144896785418192,0.04445245591652517,0.17783892651398978,0.007525671768884256,0.033315034583210945,0.0032758387715256603,1.4966604709625244,0.017041958259421765,1.4401041666666667,0.11384110934580413,,,,,,
12799,3,,,,,,,0.0,0.0,0.6346482435862223,0.15356535605605753,0.16831455628077188,0.01770016110982312,0.029648618772625923,0.007482160204902073,1.4968020518620808,0.019245106137709966,1.375,0.11561444208553705,,,,,,
12849,3,,,,,,,0.0,0.0,0.7674271861712137,0.06867303608725306,0.17676818370819092,0.0023190613072136923,0.034579516698916755,0.0020598761501136992,1.5072779258092244,0.030813948862828573,1.4114583333333333,0.05083130545818525,,,,,,
12899,3,,,,,,,0.0,0.0,0.7207667032877604,0.07774676453003174,0.1739147106806437,0.008278508871089071,0.034904117385546364,0.0005159920815071118,1.5149919191996257,0.018289821883733376,1.375,0.09472152853892297,,,,,,
12949,3,,,,,,,0.0,0.0,0.6438020467758179,0.023288601485600403,0.17201977471510568,0.007322818882963394,0.029302895069122314,0.005183073861056228,1.5275476773579915,0.03657292234240886,1.4166666666666667,0.05201818842562026,,,,,,
12999,3,,,,,,,0.0,0.0,0.6814393599828085,0.11466717633698598,0.17463551461696625,0.017290754286589338,0.03471893382569154,0.00913824841393314,1.507934331893921,0.015274023884641077,1.3880208333333333,0.08987205170175729,,,,,,
13049,3,,,,,,,0.0,0.0,0.7116584777832031,0.06691443029310834,0.18975229064623514,0.011852297051427672,0.0369319977859656,0.003833344909301804,1.5124979813893635,0.020002296632966,1.5286458333333333,0.08884751098558323,,,,,,
13099,3,,,,,,,0.0,0.0,0.7004845341046652,0.11543526133092605,0.17872205873330435,0.012517522459375515,0.03777805219093958,0.007241388911512395,1.4967448711395264,0.0034179851146289215,1.4010416666666667,0.06314768569261532,,,,,,
13149,3,,,,,,,0.0,0.0,0.7105530301729838,0.06967811660021599,0.17524867256482443,0.011323626163580833,0.03278704173862934,0.0021209733738619834,1.5020229021708171,0.0014351642824563888,1.4140625,0.1286099815090182,,,,,,
13199,3,,,,,,,0.0,0.0,0.6925384004910787,0.028776343477660827,0.1793921242157618,0.0254475544799826,0.03544283720354239,0.011900036668278838,1.5043041706085205,0.03629468604553536,1.4322916666666667,0.1676201566849385,,,,,,
13249,3,,,,,,,0.0,0.0,0.7412474751472473,0.1613215796743071,0.17819436391194662,0.013282275711297418,0.03201087129612764,0.005965090519832226,1.483583132425944,0.005016249769419905,1.4583333333333333,0.11112806402787431,,,,,,
13299,3,,,,,,,0.0,0.0,0.6021425326665243,0.04401683801014239,0.1642352839310964,0.006211981744977615,0.02862859268983205,0.0032258483557342232,1.5652268330256145,0.030978366826739528,1.3333333333333333,0.03157384284630766,,,,,,
13349,3,,,,,,,0.0,0.0,0.707577109336853,0.02718249911448489,0.17533030112584433,0.015436028041997186,0.03537449613213539,0.010019342804493927,1.5118567943572998,0.04440806999650957,1.3880208333333333,0.05863713671457137,,,,,,
13399,3,,,,,,,0.0,0.0,0.7353435357411703,0.059447790793423765,0.17528427640597025,0.016133391510823387,0.03626836525897185,0.01391970977089982,1.5317998727162678,0.010061014244442404,1.3723958333333333,0.04009063624567878,,,,,,
13449,3,,,,,,,0.0,0.0,0.6251339316368103,0.08503127195586334,0.17367543776830038,0.009174206883408535,0.027160998433828354,0.0012368030908927318,1.532954494158427,0.03435053009437615,1.4583333333333333,0.1097463932588827,,,,,,
13499,3,,,,,,,0.0,0.0,0.662858267625173,0.049634947332695654,0.181057075659434,0.0013514881841737466,0.03053561473886172,0.0022729566259902805,1.5104797681172688,0.03783164531577248,1.5052083333333333,0.03252603124165832,,,,,,
13549,3,,,,,,,0.0,0.0,0.6802374919255575,0.07638829053832394,0.17039074500401816,0.011271955536627494,0.03101518253485362,0.0073831028292260315,1.5189364751180012,0.046457873459729855,1.3828125,0.05122998847110938,,,,,,
13599,3,,,,,,,0.0,0.0,0.657892644405365,0.028836341909878063,0.17420377333958945,0.0035458503256344883,0.02861946076154709,0.005201267570962573,1.5375978151957195,0.01640154692038866,1.4479166666666667,0.0708888416084177,,,,,,
13649,3,,,,,,,0.0,0.0,0.6455437938372294,0.03739556653919932,0.1670624961455663,0.003953151166282094,0.02928316282729308,0.002975146024793905,1.4895215034484863,0.024798077869870754,1.3671875,0.05633673867912483,,,,,,
13699,3,,,,,,,0.0,0.0,0.6905451019605001,0.06645202832596771,0.18100733558336893,0.008284184067549,0.033800837894280754,0.006768279300080537,1.504503846168518,0.03957914000463318,1.4661458333333333,0.05317858816839098,,,,,,
13749,3,,,,,,,0.0,0.0,0.6629462242126465,0.14681030834888043,0.1705082207918167,0.011496344746230744,0.028826429198185604,0.002193780732411649,1.5054177045822144,0.03564265131883139,1.40625,0.109375,,,,,,
13799,3,,,,,,,0.0,0.0,0.7355495691299438,0.09761440153931576,0.18016385535399118,0.01127796040526951,0.03813893720507622,0.002749501246785766,1.507179061571757,0.012820409541948994,1.4088541666666667,0.12261726423951619,,,,,,
13849,3,,,,,,,0.0,0.0,0.6405579050381979,0.02444979219662634,0.16794218122959137,0.012399950571129588,0.0314708078900973,0.010544105582320466,1.5052097241083782,0.02258193712305992,1.3489583333333333,0.023867581744561668,,,,,,
13899,3,,,,,,,0.0,0.0,0.6989795764287313,0.1583423457069461,0.17015628516674042,0.008176470383355103,0.027627017349004745,0.0017284587985632873,1.4925099611282349,0.016370185938635665,1.4166666666666667,0.09923207751696693,,,,,,
13949,3,,,,,,,0.0,0.0,0.748438815275828,0.12285557791853151,0.18675426642100015,0.008513381785371477,0.040095592538515724,0.0031333968655796914,1.5148255030314128,0.05120009525763502,1.4609375,0.071602745233685,,,,,,
13999,3,,,,,,,0.0,0.0,0.6810053586959839,0.08658492368074339,0.17981300751368204,0.005952223591151399,0.031695848951737084,0.0013166246771809478,1.4979134798049927,0.04455509944190059,1.4765625,0.06394806853025352,,,,,,
14049,3,,,,,,,0.0,0.0,0.6694865624109904,0.1269020903426078,0.17450961470603943,0.009825716257832785,0.03181852959096432,0.0016936676279685223,1.508691430091858,0.01298069543873031,1.4166666666666667,0.09155414495441118,,,,,,
14099,3,,,,,,,0.0,0.0,0.6973634560902914,0.17303615217253435,0.1724755565325419,0.006710151080453751,0.029639375085632007,0.004383172695973008,1.5232009092966716,0.03681489587511452,1.421875,0.027063293868263706,,,,,,
14149,3,,,,,,,0.0,0.0,0.6988213459650675,0.051397451747273656,0.1724265068769455,0.011652496376774717,0.032147470861673355,0.012643335969682151,1.5441794792811077,0.02299987867801398,1.3854166666666667,0.0964245238623626,,,,,,
14199,3,,,,,,,0.0,0.0,0.5833108425140381,0.1311475447407454,0.16171908875306448,0.019319152084513645,0.028028858825564384,0.008101091291282485,1.520065426826477,0.020132462645703272,1.3177083333333333,0.13080592036327457,,,,,,
14249,3,,,,,,,0.0,0.0,0.6648950775464376,0.05582011858652121,0.1655318240324656,0.005673283267697461,0.03126878167192141,0.0073292310431341025,1.5285178025563557,0.06168764542402343,1.3229166666666667,0.019661027175184243,,,,,,
14299,3,,,,,,,0.0,0.0,0.6874882380167643,0.12148934373424494,0.1724715232849121,0.012893397692619466,0.034838905557990074,0.00847310809303639,1.5399545828501384,0.062461591205972895,1.3567708333333333,0.06068323019651585,,,,,,
14349,3,,,,,,,0.0,0.0,0.7104873657226562,0.11404898825357651,0.17437397440274557,0.0032603851208556365,0.03520936891436577,0.00452050896442047,1.514116883277893,0.026636088949449174,1.3776041666666667,0.023867581744561668,,,,,,
14399,3,,,,,,,0.0,0.0,0.657701333363851,0.06499590101632616,0.17167807618776956,0.020233465610781508,0.02922003281613191,0.0048048652277442525,1.5179399251937866,0.030939726214576056,1.4140625,0.17451803049756778,,,,,,
14449,3,,,,,,,0.0,0.0,0.6439370314280192,0.07203183628249037,0.16560721397399902,0.005602108783491056,0.03483156611522039,0.0024672930183141702,1.5215754508972168,0.03586281522004667,1.2838541666666667,0.07045702738785772,,,,,,
14499,3,,,,,,,0.0,0.0,0.7364508509635925,0.12728029616452183,0.18205287059148154,0.0035347500992412278,0.03371286826829115,0.006542914561404714,1.5201977491378784,0.04291502115323388,1.4791666666666667,0.03522851369392886,,,,,,
14549,3,,,,,,,0.0,0.0,0.6323113441467285,0.055112380405932415,0.16600320239861807,0.004576245607580521,0.029920580486456554,0.003151249906249688,1.498887538909912,0.024385956845295986,1.3463541666666667,0.07825510000685791,,,,,,
14599,3,,,,,,,0.0,0.0,0.6974600354830424,0.06180188699126571,0.17732345561186472,0.004675627435534968,0.02934229001402855,0.006470540715659368,1.5168670018513997,0.013085882863684931,1.4739583333333333,0.11959335940838578,,,,,,
14649,3,,,,,,,0.0,0.0,0.6952301462491354,0.12444317106796136,0.17784536381562552,0.015415139922882175,0.03486118217309316,0.00824555793545041,1.5054497321446736,0.020141924647821774,1.421875,0.09504316453590968,,,,,,
14699,3,,,,,,,0.0,0.0,0.6638734936714172,0.11473807380726167,0.17271203796068826,0.021050797742407045,0.02892129309475422,0.007221213970334617,1.5372778574625652,0.018256587022557027,1.4270833333333333,0.1799138067647487,,,,,,
14749,3,,,,,,,0.0,0.0,0.7050776878992716,0.1546596109207024,0.17120696604251862,0.011804274101754424,0.0335164163261652,0.01240661456800279,1.529471476872762,0.011323521272096364,1.3619791666666667,0.073840869160197,,,,,,
14799,3,,,,,,,0.0,0.0,0.6391247908274332,0.01570807858497682,0.16772407790025076,0.0066307876553763755,0.03104838790992896,0.0017531368817236687,1.5256425539652507,0.004277831800721807,1.3489583333333333,0.07425300744470444,,,,,,
14849,3,,,,,,,0.0,0.0,0.6986746390660604,0.15192117063424498,0.17233072717984518,0.01415185476388147,0.030025153731306393,0.009079674804170134,1.5189685821533203,0.017748022477640242,1.4114583333333333,0.05966895436140417,,,,,,
14899,3,,,,,,,0.0,0.0,0.7147507468859354,0.1401071058944987,0.17222468554973602,0.006751492117113929,0.036565264066060386,0.006263844782092873,1.5379474957784016,0.034023258451497285,1.3359375,0.05122998847110938,,,,,,
14949,3,,,,,,,0.0,0.0,0.6896498401959738,0.15861643033306153,0.17190162340799967,0.01484819751738926,0.03353975216547648,0.003603771289878532,1.4989473819732666,0.05049036689592372,1.3697916666666667,0.12010263080833547,,,,,,
14999,3,,,,,,,0.0,0.0,0.6520025730133057,0.06998250469291252,0.1696163813273112,0.006806002373415994,0.0330389104783535,0.005429778326469038,1.532096266746521,0.0509613102009766,1.3489583333333333,0.03853814736184568,,,,,,
15049,3,,,,,,,0.0,0.0,0.7386075059572855,0.08553092211337583,0.16716993351777396,0.006449630295097521,0.03224471521874269,0.0014923344789751275,1.5296313762664795,0.0478608070843802,1.328125,0.061017575593020734,,,,,,
15099,3,,,,,,,0.0,0.0,0.703685979048411,0.11272339111836427,0.17664389808972678,0.01804236085505695,0.034143793707092605,0.004790357479660142,1.5221457878748577,0.013022501694055688,1.4140625,0.14636714058746245,,,,,,
15149,3,,,,,,,0.0,0.0,0.6201283733050028,0.055946066621051976,0.16037378708521524,0.008796420927869716,0.02772243693470955,0.0036291971430910223,1.5138332843780518,0.02690515310975806,1.3046875,0.05898308152555273,,,,,,
15199,3,,,,,,,0.0,0.0,0.7389471530914307,0.09887445166073797,0.17751875023047128,0.013418694125941877,0.03614941922326883,0.005341523788021299,1.5392766396204631,0.02157010081296016,1.3984375,0.09757809372497497,,,,,,
15249,3,,,,,,,0.0,0.0,0.6703614195187887,0.07740129710704712,0.16810437540213266,0.009700375084378673,0.032927888755997024,0.003024625120682079,1.5384818315505981,0.024793485120543413,1.3307291666666667,0.0708888416084177,,,,,,
15299,3,,,,,,,0.0,0.0,0.675998310248057,0.10528988354327236,0.1768129120270411,0.011570793195278647,0.03263147734105587,0.0029952706837085893,1.5112431049346924,0.054708620112300224,1.4348958333333333,0.1097463932588827,,,,,,
15349,3,,,,,,,0.0,0.0,0.6514936685562134,0.10659635101252947,0.16979030271371207,0.007000330306953602,0.029657201220591862,0.0026643159784388998,1.5133099555969238,0.040782097006699124,1.3880208333333333,0.07425300744470444,,,,,,
15399,3,,,,,,,0.0,0.0,0.6836180686950684,0.12006895609340026,0.1775656541188558,0.01378704504956581,0.03418924535314242,0.005604964533542075,1.5446727275848389,0.017014362655306717,1.421875,0.09472152853892297,,,,,,
15449,3,,,,,,,0.0,0.0,0.6684579253196716,0.1156365998990338,0.16643347342809042,0.010573198146109198,0.030772066364685696,0.011273469175416733,1.5218704144159954,0.02401224658779457,1.3359375,0.062009796353076345,,,,,,
15499,3,,,,,,,0.0,0.0,0.6573813557624817,0.013023032118227553,0.16490383942921957,0.009010583036264714,0.030449749901890755,0.0038054835185315013,1.5150704383850098,0.022195983759100604,1.3255208333333333,0.07045702738785772,,,,,,
15549,3,,,,,,,0.0,0.0,0.5979062616825104,0.10778740985396262,0.16306398312250772,0.01097252014173762,0.029838930815458298,0.011305113188159533,1.5386501948038738,0.021100252555009327,1.3098958333333333,0.07825510000685791,,,,,,
15599,3,,,,,,,0.0,0.0,0.6621392567952474,0.08849263775525237,0.17274818321069083,0.008804985820272601,0.03320906745890776,0.0069920749848420664,1.4864632685979207,0.002703799583531658,1.3854166666666667,0.039322054350368486,,,,,,
15649,3,,,,,,,0.0,0.0,0.7441504995028178,0.09624960183355746,0.18949249386787415,0.009864449378574232,0.04027129337191582,0.0010036881639880102,1.5269379615783691,0.0022161833746159403,1.4869791666666667,0.10549285989858903,,,,,,
15699,3,,,,,,,0.0,0.0,0.7366092403729757,0.03525518913255287,0.1748135338226954,0.008848973080211278,0.03445493678251902,0.008496571539122297,1.568411389986674,0.057954812811510825,1.3880208333333333,0.07507049638228945,,,,,,
15749,3,,,,,,,0.0,0.0,0.6470756332079569,0.06321694903621936,0.1679974546035131,0.0063853996869715594,0.03211858433981737,0.005501278204442026,1.4947882890701294,0.021910843550450983,1.34375,0.028168369339562415,,,,,,
15799,3,,,,,,,0.0,0.0,0.6573574344317118,0.23333265680667312,0.16925707956155142,0.0274354898012473,0.0284751212845246,0.011182402979348445,1.529367725054423,0.01999504055753377,1.3932291666666667,0.18641177258513836,,,,,,
15849,3,,,,,,,0.0,0.0,0.6885992884635925,0.08445896028317919,0.18060128887494406,0.004930011466159644,0.035378988832235336,0.007819530687694337,1.5339486598968506,0.04123537968829431,1.4453125,0.13049447725382865,,,,,,
15899,3,,,,,,,0.0,0.0,0.663214385509491,0.11413865039574835,0.17034717400868735,0.015844293761313535,0.03220737415055434,0.008994853867687183,1.5255683660507202,0.039997055282560305,1.3619791666666667,0.07667933262674717,,,,,,
15949,3,,,,,,,0.0,0.0,0.6351515849431356,0.010496808274439561,0.166431854168574,0.006786754132797333,0.029801772286494572,0.00402772826999564,1.521080493927002,0.027759236179290447,1.3489583333333333,0.03252603124165832,,,,,,
15999,3,,,,,,,0.0,0.0,0.6273937424023946,0.11975808731888325,0.16224869092305502,0.007724474213785097,0.02778254511455695,0.0015099047991436556,1.516275962193807,0.015060240625007644,1.328125,0.09974332292815394,,,,,,
16049,3,,,,,,,0.0,0.0,0.6649237473805746,0.054236179645639516,0.16984955966472626,0.009520220165089003,0.031779185558358826,0.0066726448575455165,1.5023504892985027,0.008438519343271037,1.3671875,0.0546875,,,,,,
16099,3,,,,,,,0.0,0.0,0.6515047550201416,0.010746476057596288,0.16585065921147665,0.008120795365913631,0.030059453720847767,0.0031675303931599807,1.518574317296346,0.01540041563797229,1.3385416666666667,0.06266254903914564,,,,,,
16149,3,,,,,,,0.0,0.0,0.7871654828389486,0.16236811985596483,0.17570925752321878,0.009144992506370539,0.03297351486980915,0.0030375827144040377,1.4968820412953694,0.045622383309777435,1.4192708333333333,0.06362912355661779,,,,,,
16199,3,,,,,,,0.0,0.0,0.7196237842241923,0.08611477672716619,0.17400544385115305,0.015194665529164288,0.030963581676284473,0.001830618643990984,1.527493953704834,0.05502649990816951,1.421875,0.15625,,,,,,
16249,3,,,,,,,0.0,0.0,0.7399053970972697,0.16435606908982528,0.16883422434329987,0.01043015711422035,0.030515482649207115,0.006692870503055232,1.5434633096059163,0.02204453225491262,1.3645833333333333,0.06266254903914564,,,,,,
16299,3,,,,,,,0.0,0.0,0.6408443053563436,0.19340719345092355,0.16357084612051645,0.008857356609961524,0.023656990999976795,0.00689451556049992,1.5239376624425252,0.02816659993074429,1.3854166666666667,0.03522851369392886,,,,,,
16349,3,,,,,,,0.0,0.0,0.6635200182596842,0.09520148104632525,0.17275265355904898,0.010681950425245171,0.03220179056127866,0.002748993445325,1.522535006205241,0.03481241837925851,1.3932291666666667,0.09054863880580058,,,,,,
16399,3,,,,,,,0.0,0.0,0.5945563912391663,0.05803943887916887,0.16521779696146646,0.0017971703758325132,0.028246276701490085,0.0031906387742333146,1.5226731697718303,0.01520696124212518,1.3541666666666667,0.019661027175184243,,,,,,
16449,3,,,,,,,0.0,0.0,0.6100304921468099,0.06118832598945611,0.16714834670225778,0.007272465413030803,0.03008529854317506,0.005320977731243099,1.5318259398142497,0.0649576355960943,1.3515625,0.020669932117692115,,,,,,
16499,3,,,,,,,0.0,0.0,0.6317708889643351,0.09075212153718476,0.17011096080144247,0.008142499992572837,0.03104188231130441,0.004102302774982856,1.5045639673868816,0.014923192797155345,1.3776041666666667,0.047091513854232096,,,,,,
16549,3,,,,,,,0.0,0.0,0.7112308343251547,0.1963329539972371,0.17470468084017435,0.011818009789473229,0.03864454788466295,0.012445644666441713,1.5291895071665447,0.016771999294225983,1.3411458333333333,0.05651701670367371,,,,,,
16599,3,,,,,,,0.0,0.0,0.7361809810002645,0.11906317637389956,0.1710338592529297,0.02289338960689135,0.03685832768678665,0.006659901793446294,1.503491202990214,0.0032388470170131244,1.3255208333333333,0.18025273417366888,,,,,,
16649,3,,,,,,,0.0,0.0,0.6270158688227335,0.05870287919169747,0.16596893966197968,0.007844531705019687,0.02816142576436202,0.004243928130769142,1.5086153745651245,0.00891455045623178,1.3645833333333333,0.08640968761998467,,,,,,
16699,3,,,,,,,0.0,0.0,0.6646187901496887,0.11188018164772211,0.1755196899175644,0.016282513581193977,0.027662670860687893,0.008012205122125646,1.520728309949239,0.03969917118232855,1.4739583333333333,0.11959335940838578,,,,,,
16749,3,,,,,,,0.0,0.0,0.7456749876340231,0.1841189562151572,0.17994004984696707,0.016986353580989096,0.03485640573004881,0.010151341137669067,1.5038069883982341,0.0066487090460633225,1.4453125,0.08267972847076846,,,,,,
16799,3,,,,,,,0.0,0.0,0.6915449102719625,0.15231468530374184,0.17371187110741934,0.014793102922408593,0.03640754334628582,0.01101245122469822,1.5396780967712402,0.021749297942539506,1.3541666666666667,0.0813150781041458,,,,,,
16849,3,,,,,,,0.0,0.0,0.6753134926160177,0.1376901072360972,0.16887870927651724,0.017075405304478753,0.031277937814593315,0.008457707303431634,1.5204939047495525,0.009512194489310715,1.3619791666666667,0.11384110934580413,,,,,,
16899,3,,,,,,,0.0,0.0,0.6381916403770447,0.07654686179548212,0.16085175176461539,0.006422226924089399,0.027300869425137837,0.00257828269038144,1.538682182629903,0.004334260813180257,1.3125,0.04878904686248749,,,,,,
16949,3,,,,,,,0.0,0.0,0.6993324756622314,0.17051537585661106,0.1671624779701233,0.014508225280167833,0.029642410576343536,0.00537521054060674,1.5286998748779297,0.03043706983117781,1.359375,0.12573028858930532,,,,,,
16999,3,,,,,,,0.0,0.0,0.6543205181757609,0.13545883436114167,0.16568068166573843,0.020123203206999295,0.027150607978304226,0.01181018388621905,1.5157679716746013,0.011495187034836868,1.3697916666666667,0.0964245238623626,,,,,,
17049,3,,,,,,,0.0,0.0,0.6403264403343201,0.040184214108159366,0.16706203917662302,0.01149464029458806,0.028937600553035736,0.004175642193664223,1.5240321556727092,0.012906028689716534,1.3671875,0.11020887484113973,,,,,,
17099,3,,,,,,,0.0,0.0,0.633492668469747,0.026860088933075545,0.16822550694147745,0.0001950749652154115,0.03140279526511828,0.005760217822690259,1.5240676403045654,0.014544808691906636,1.3515625,0.062009796353076345,,,,,,
17149,3,,,,,,,0.0,0.0,0.6956825057665507,0.1359645092586504,0.16751103599866232,0.010760198167201623,0.032806169241666794,0.004741410446971517,1.5401478211085002,0.06623425431739524,1.3255208333333333,0.06314768569261532,,,,,,
17199,3,,,,,,,0.0,0.0,0.5936803221702576,0.11864802934516938,0.15815012653668722,0.004054746341957825,0.023457171395421028,0.0006379541825913321,1.5389566818873088,0.05974565750369295,1.3255208333333333,0.05651701670367371,,,,,,
17249,3,,,,,,,0.0,0.0,0.7775389154752096,0.0759499914703092,0.18123175700505575,0.007340692509903196,0.038552816957235336,0.005423915353579426,1.5400296449661255,0.017588369316331134,1.4166666666666667,0.023867581744561668,,,,,,
17299,3,,,,,,,0.0,0.0,0.6888114015261332,0.05504213723913859,0.18603590627511343,0.012112365101393258,0.03515528701245785,0.0055161523718080235,1.4812910556793213,0.01660783966691333,1.5104166666666667,0.08640968761998467,,,,,,
17349,3,,,,,,,0.0,0.0,0.5863596697648367,0.12689391594198415,0.15453454852104187,0.007212035447464565,0.025018834819396336,0.0018026334711014089,1.5257902145385742,0.03730034703985084,1.2708333333333333,0.05758683434243745,,,,,,
17399,3,,,,,,,0.0,0.0,0.6680446863174438,0.08960957738372592,0.16720512012640634,0.007773643416843579,0.026943528403838474,0.002057693156636994,1.5098832448323567,0.021718228192060565,1.3932291666666667,0.06825699178167269,,,,,,
17449,3,,,,,,,0.0,0.0,0.6250099937121073,0.018537165566867707,0.16422311961650848,0.006352774419544992,0.028251612558960915,0.0032815173585221697,1.5366038878758748,0.014161877169496488,1.3385416666666667,0.07259041596232475,,,,,,
17499,3,,,,,,,0.0,0.0,0.6758824785550436,0.022594006088088675,0.16479191184043884,0.003506855511250134,0.03136884172757467,0.0015462589441746551,1.5259004831314087,0.031166620814304973,1.3125,0.046875,,,,,,
17549,3,,,,,,,0.0,0.0,0.6076086560885111,0.04417919874660317,0.1624415119489034,0.010664250132796866,0.026106547564268112,0.001904918831474539,1.5241215229034424,0.06594263695320483,1.3463541666666667,0.10491269311710254,,,,,,
17599,3,,,,,,,0.0,0.0,0.6708442767461141,0.06646006448612607,0.168788472811381,0.007507126654045124,0.03226583699385325,0.006889477582911661,1.5266130765279133,0.011884408956656158,1.3489583333333333,0.13103901693134504,,,,,,
17649,3,,,,,,,0.0,0.0,0.5924470027287801,0.05947525761503754,0.15556682646274567,0.004218320987855295,0.023437050481637318,0.002592484695466208,1.5267800490061443,0.018126195946995063,1.2994791666666667,0.023867581744561668,,,,,,
17699,3,,,,,,,0.0,0.0,0.7026704549789429,0.08606733249686388,0.17052197953065237,0.016260867326608894,0.03621935906509558,0.015526587047211939,1.5161996682484944,0.03940419648315522,1.3229166666666667,0.05651701670367371,,,,,,
17749,3,,,,,,,0.0,0.0,0.6305875976880392,0.1171227071545009,0.16477131843566895,0.005903517965115645,0.02505546808242798,0.00407685141202294,1.5366894404093425,0.04220548828670931,1.3828125,0.028168369339562415,,,,,,
17799,3,,,,,,,0.0,0.0,0.7623946269353231,0.12191949599515646,0.18239950140317282,0.011590639580677641,0.039897482842206955,0.003153729411024133,1.538613756497701,0.03435108160698456,1.4114583333333333,0.09155414495441118,,,,,,
17849,3,,,,,,,0.0,0.0,0.7485262155532837,0.06007286361972586,0.1727021038532257,0.010013501398785877,0.035530176013708115,0.005180297604060781,1.5427138010660808,0.010633389856847883,1.3515625,0.0667500292602932,,,,,,
17899,3,,,,,,,0.0,0.0,0.6177379290262858,0.027268483471576982,0.16477651397387186,0.006257559025753391,0.028619008759657543,0.0028779876197047955,1.5389272769292195,0.03214892283619905,1.3411458333333333,0.0708888416084177,,,,,,
17949,3,,,,,,,0.0,0.0,0.639367421468099,0.05505345115868847,0.1704573134581248,0.006582229910341141,0.030924285451571148,0.0049891685658040525,1.5184070269266765,0.025643788521307467,1.3802083333333333,0.019661027175184243,,,,,,
17999,3,,,,,,,0.0,0.0,0.6995864311854044,0.17509897137285685,0.17390726506710052,0.01755410530264647,0.031076398988564808,0.0037546196464214544,1.5226695934931438,0.020509149400931376,1.4192708333333333,0.15513928133965083,,,,,,
18049,3,,,,,,,0.0,0.0,0.7049096822738647,0.09372138715195553,0.17126678923765817,0.007745509426827796,0.028209519262115162,0.0039465801217206335,1.5290339787801106,0.02826593573532868,1.4192708333333333,0.05201818842562026,,,,,,
18099,3,,,,,,,0.0,0.0,0.7029214302698771,0.11729329439756306,0.16714203357696533,0.009382749790105518,0.031354393189152084,0.004436558167353024,1.5019413232803345,0.01800515003390344,1.3411458333333333,0.05915529526875285,,,,,,
18149,3,,,,,,,0.0,0.0,0.608954668045044,0.024535750925571503,0.16355020304520926,0.004505738251914282,0.02701071898142497,0.0021072951430137587,1.5445736249287922,0.02574813938173847,1.3463541666666667,0.03252603124165832,,,,,,
18199,3,,,,,,,0.0,0.0,0.6547409097353617,0.11512049417513229,0.17038598656654358,0.01703434571347948,0.02701767161488533,0.0028344944925373077,1.511310299237569,0.022164254561473917,1.4244791666666667,0.17299587166919136,,,,,,
18249,3,,,,,,,0.0,0.0,0.6287731528282166,0.059014611135125,0.15687490006287894,0.0032211305761155923,0.02490486577153206,0.0030059942487551832,1.510805368423462,0.03205054575488025,1.2994791666666667,0.044423755492791615,,,,,,
18299,3,,,,,,,0.0,0.0,0.6192402243614197,0.18749433402026924,0.15755086143811545,0.018570060920854926,0.026185335591435432,0.009744636964188381,1.5154591004053752,0.0388440538605621,1.2890625,0.09472152853892297,,,,,,
18349,3,,,,,,,0.0,0.0,0.703603724638621,0.11997621798860462,0.16552840173244476,0.011252750653228815,0.03441620928545793,0.009898321041077978,1.5715054670969646,0.06297356157968705,1.2838541666666667,0.04577707247720559,,,,,,
18399,3,,,,,,,0.0,0.0,0.6680720647176107,0.07801486989336724,0.1712080786625544,0.004922559198788602,0.032383495941758156,0.0038638342229594664,1.5289419492085774,0.038668756929327114,1.3723958333333333,0.05487319662944135,,,,,,
18449,3,,,,,,,0.0,0.0,0.6677053968111674,0.10028836242927397,0.16520918905735016,0.013806077997705236,0.02754494609932105,0.0018828959019342394,1.5268408060073853,0.056678166378703244,1.359375,0.15605456527686076,,,,,,
18499,3,,,,,,,0.0,0.0,0.639218807220459,0.08778027001555892,0.16213835775852203,0.006704352588563551,0.02902611903846264,0.009539276541259176,1.5599219004313152,0.009472358953887166,1.3046875,0.04133986423538423,,,,,,
18549,3,,,,,,,0.0,0.0,0.5753071109453837,0.04083561397157664,0.1573896457751592,0.005689699015038257,0.022746967772642773,0.0011502409735087591,1.5502055883407593,0.028620597726687746,1.3229166666666667,0.07259041596232475,,,,,,
18599,3,,,,,,,0.0,0.0,0.6722370187441508,0.11485668734437886,0.1709183007478714,0.004472305554435487,0.03093263568977515,0.00879639896272607,1.547394871711731,0.014434438755564232,1.3828125,0.04878904686248749,,,,,,
18649,3,,,,,,,0.0,0.0,0.6224340001742045,0.07953593949424143,0.16143327951431274,0.004140165180184136,0.02612238936126232,0.002826849551259005,1.5356467564900715,0.05211213482013138,1.3333333333333333,0.01626301562082916,,,,,,
18699,3,,,,,,,0.0,0.0,0.7988806565602621,0.12914282953944758,0.17915713787078857,0.0040313566851126895,0.03973552336295446,0.010097189270098778,1.50726584593455,0.012373817190686809,1.3802083333333333,0.06644453553215142,,,,,,
18749,3,,,,,,,0.0,0.0,0.7417587637901306,0.1512955387988647,0.1666336307922999,0.017634860272131476,0.03481728086868922,0.012357855270773441,1.5279895067214966,0.03359557703167728,1.2942708333333333,0.08605578980134534,,,,,,
18799,3,,,,,,,0.0,0.0,0.6141581535339355,0.07446453075094091,0.1620601067940394,0.0012153102515884457,0.028149604176481564,0.0007485976134128957,1.525816520055135,0.034424177144897115,1.3177083333333333,0.023867581744561668,,,,,,
18849,3,,,,,,,0.0,0.0,0.6556167403856913,0.13107001146361347,0.16252946853637695,0.005086090997971213,0.02704476627210776,0.0029622540966757834,1.5367514689763386,0.018605125483980103,1.3333333333333333,0.08711317022748818,,,,,,
18899,3,,,,,,,0.0,0.0,0.6169779102007548,0.037749536658054784,0.16532576084136963,0.007028219832723544,0.02810826028386752,0.004210538178613503,1.5309949318567913,0.024165417931081245,1.3541666666666667,0.04302789490067267,,,,,,
18949,3,,,,,,,0.0,0.0,0.6433594028155009,0.010330727049308269,0.16199172039826712,0.002374672308189071,0.02794027452667554,0.002339671822399946,1.523633639017741,0.028490722720868923,1.3203125,0.020669932117692115,,,,,,
18999,3,,,,,,,0.0,0.0,0.7354633212089539,0.2749583481871804,0.1655860592921575,0.0194719868004329,0.03294072113931179,0.013856947052983262,1.5132311582565308,0.025863359112245604,1.3046875,0.07452650011069888,,,,,,
19049,3,,,,,,,0.0,0.0,0.6818548242251078,0.14085384332493833,0.16531648735205332,0.007947508697538151,0.03206955827772617,0.009397177502097873,1.540839155515035,0.050036076879205305,1.3098958333333333,0.06314768569261532,,,,,,
19099,3,,,,,,,0.0,0.0,0.7127231955528259,0.08114513812739527,0.1702028214931488,0.011495149205380046,0.03136193503936132,0.007194367391312035,1.5468484163284302,0.03260750400745448,1.3723958333333333,0.05083130545818525,,,,,,
19149,3,,,,,,,0.0,0.0,0.6609818736712137,0.13120415777247563,0.15662752091884613,0.007961180151439718,0.027462109923362732,0.004114960150328038,1.5070353746414185,0.021142416135268675,1.2682291666666667,0.044423755492791615,,,,,,
19199,3,,,,,,,0.0,0.0,0.7091717521349589,0.09782026922038779,0.1658925861120224,0.004746095947205785,0.028607205177346866,0.004628684980282206,1.5215070645014446,0.046718105974219035,1.3567708333333333,0.01626301562082916,,,,,,
19249,3,,,,,,,0.0,0.0,0.7268474896748861,0.24938880665507412,0.16772576173146567,0.016140710012331364,0.031280940398573875,0.015280694693513223,1.551383137702942,0.06160334000246757,1.34375,0.0078125,,,,,,
19299,3,,,,,,,0.0,0.0,0.6895540157953898,0.11893656817935509,0.16643851002057394,0.010261487665449051,0.028765007232626278,0.0032938720290394763,1.5114909013112385,0.02774527459602186,1.3619791666666667,0.08570043058283507,,,,,,
19349,3,,,,,,,0.0,0.0,0.6213449239730835,0.042524027044247355,0.16285177568594614,0.008580386119452162,0.03171475604176521,0.00234149991622412,1.541436751683553,0.040473383696634516,1.2864583333333333,0.06825699178167269,,,,,,
19399,3,,,,,,,0.0,0.0,0.6243273814519247,0.06046767581543557,0.15581774214903513,0.004978483636443733,0.025976090381542843,0.0027938053714416113,1.5095561345418294,0.033894704767836,1.2760416666666667,0.03853814736184568,,,,,,
19449,3,,,,,,,0.0,0.0,0.7287850578625997,0.15469713647109276,0.17914918065071106,0.01616255076124834,0.03338199481368065,0.0035701047841218566,1.5070576270421345,0.010341409438853604,1.453125,0.14320549046737,,,,,,
19499,3,,,,,,,0.0,0.0,0.7393758098284403,0.096242714393475,0.16721012194951376,0.008919941993261174,0.032325336088736854,0.005031998873146261,1.525588035583496,0.04395874974664635,1.328125,0.04133986423538423,,,,,,
19549,3,,,,,,,0.0,0.0,0.6046544114748637,0.09154210890929801,0.15960218012332916,0.005796654254880644,0.027139967307448387,0.003583531951925907,1.5437472661336262,0.04889107000115037,1.2994791666666667,0.05201818842562026,,,,,,
19599,3,,,,,,,0.0,0.0,0.6510370175043741,0.08678652739759163,0.1602530578772227,0.011496329728599965,0.0264460997035106,0.0018069284286942391,1.4991852045059204,0.028430402630480113,1.3203125,0.109375,,,,,,
19649,3,,,,,,,0.0,0.0,0.6621826887130737,0.09826929872895589,0.170643150806427,0.01079730915317981,0.029954837635159492,0.006213377164947449,1.5037275155385335,0.05068789900015013,1.3958333333333333,0.07002255031119142,,,,,,
19699,3,,,,,,,0.0,0.0,0.6271570523579916,0.042696646634425524,0.162544384598732,0.00591162114965581,0.02567999002834161,0.0019480384067748775,1.5119599103927612,0.011314769839403702,1.3541666666666667,0.04302789490067267,,,,,,
19749,3,,,,,,,0.0,0.0,0.6440728704134623,0.06415006337835004,0.16141116619110107,0.0028739220172581755,0.026584403589367867,0.003410621123448187,1.5035099983215332,0.054638772085487626,1.3333333333333333,0.0708888416084177,,,,,,
19799,3,,,,,,,0.0,0.0,0.7079225381215414,0.04922121757698091,0.1836112787326177,0.010329608065783489,0.03514343127608299,0.0034558617832315375,1.5004303455352783,0.016577013729234747,1.4817708333333333,0.07825510000685791,,,,,,
19849,3,,,,,,,0.0,0.0,0.6528749863306681,0.06825009359746742,0.1687971552213033,0.005895523040051319,0.029106121510267258,0.0015519176133977264,1.5179317792256672,0.03939131433822663,1.3854166666666667,0.0820622461280663,,,,,,
19899,3,,,,,,,0.0,0.0,0.6091700394948324,0.028243382827380786,0.16033636530240378,0.007650912737737807,0.025656503314773243,0.0015508548679397873,1.5213711659113567,0.027496664443440264,1.3255208333333333,0.09450649641470862,,,,,,
19949,3,,,,,,,0.0,0.0,0.7022146185239156,0.07636979051048873,0.16465774675210318,0.011544511985621012,0.02856655108431975,0.00156892118080463,1.5160206158955891,0.00915923115728212,1.34375,0.12573028858930532,,,,,,
19999,3,,,,,,,0.0,0.0,0.669650673866272,0.030343286674361803,0.16699030001958212,0.011944298737850486,0.02709401895602544,0.0032564849771359685,1.5221809943517048,0.025421292301577046,1.3854166666666667,0.10045469542700995,,,,,,
20049,3,,,,,,,0.0,0.0,0.6432068546613058,0.09157739767017506,0.15652684370676676,0.009934953890966783,0.02554135707517465,0.00855633267118457,1.5262833038965862,0.03537263181975984,1.2864583333333333,0.023867581744561668,,,,,,
20099,3,,,,,,,0.0,0.0,0.6684344013532003,0.028319592229579065,0.1607288271188736,0.00630941409205557,0.031214861820141476,0.0037411884287911566,1.5581676165262859,0.024636354205487352,1.265625,0.0358013726168425,,,,,,
20149,3,,,,,,,0.0,0.0,0.6240054368972778,0.05177768163956252,0.16645693282286325,0.006889442690714181,0.030205773189663887,0.009030597681147959,1.5157407522201538,0.032910887308692266,1.3463541666666667,0.03608439182435161,,,,,,
20199,3,,,,,,,0.0,0.0,0.6133390665054321,0.07493762152796868,0.16156009833017984,0.00368910254116132,0.02746947358051936,0.00474219157612531,1.5275523662567139,0.005136674841474174,1.3203125,0.05633673867912483,,,,,,
20249,3,,,,,,,0.0,0.0,0.6805341243743896,0.035036218257356845,0.16124882300694784,0.008325659294028521,0.03168681698540846,0.008805638491482174,1.514143705368042,0.04522292437651116,1.2708333333333333,0.044423755492791615,,,,,,
20299,3,,,,,,,0.0,0.0,0.6892876625061035,0.19012729704734796,0.16424427926540375,0.014060590876623563,0.028894731154044468,0.008534076175774513,1.5395127137502034,0.05121500358957791,1.3333333333333333,0.07259041596232475,,,,,,
20349,3,,,,,,,0.0,0.0,0.6899353663126627,0.13587174921229983,0.16159768402576447,0.009769080802771368,0.027723874896764755,0.006830355851303402,1.505871057510376,0.022288508068504603,1.3203125,0.04059494080239556,,,,,,
20399,3,,,,,,,0.0,0.0,0.6293311814467112,0.1273051845725153,0.15721014142036438,0.00947035449928553,0.027310965582728386,0.0073598468217171585,1.5153078238169353,0.038730194357816335,1.2760416666666667,0.025113673856752488,,,,,,
20449,3,,,,,,,0.0,0.0,0.6686920523643494,0.08021297687469943,0.1602161924044291,0.0013151984347083226,0.02734965706864993,0.00373020868457253,1.519075592358907,0.02750815111905203,1.3072916666666667,0.05651701670367371,,,,,,
20499,3,,,,,,,0.0,0.0,0.681419293085734,0.13276790934432078,0.16440697511037192,0.012813398751000588,0.026633602877457935,0.00892061340798311,1.505202333132426,0.03427833298522373,1.3619791666666667,0.04009063624567878,,,,,,
20549,3,,,,,,,0.0,0.0,0.692480186621348,0.06908965483438526,0.17037598292032877,0.007890008564350076,0.03240756690502167,0.004453018793241228,1.5084302028020222,0.02709429248196648,1.3671875,0.04059494080239556,,,,,,
20599,3,,,,,,,0.0,0.0,0.6289281447728475,0.026667001473788192,0.16059292356173197,0.013886852741746579,0.028304801012078922,0.003811374580492528,1.5263384977976482,0.015932839213118742,1.2994791666666667,0.11303403340734743,,,,,,
20649,3,,,,,,,0.0,0.0,0.6398739814758301,0.08430470412961309,0.16124528149763742,0.0044349684267135465,0.024833137169480324,0.00034851062107974586,1.5155636072158813,0.018849569234267238,1.3463541666666667,0.05201818842562026,,,,,,
20699,3,,,,,,,0.0,0.0,0.6964641312758127,0.22054576089394226,0.17176438868045807,0.006944754799152552,0.03449712321162224,0.006381478594305608,1.5196950833002727,0.02028264433204905,1.3567708333333333,0.06551950846567252,,,,,,
20749,3,,,,,,,0.0,0.0,0.6714602112770081,0.0929249518225311,0.16243736445903778,0.004399239161640158,0.027568190669020016,0.005431981204565384,1.5403025150299072,0.03397554146192917,1.328125,0.013531646934131853,,,,,,
20799,3,,,,,,,0.0,0.0,0.6404314239819845,0.05830069853800364,0.1617997040351232,0.005855046713171851,0.027600389594833057,0.0030859888070326512,1.5384209950764973,0.04096833912992014,1.3203125,0.061017575593020734,,,,,,
20849,3,,,,,,,0.0,0.0,0.7444606224695841,0.08705329182537293,0.16632006565729776,0.005613334742947997,0.036931876093149185,0.009236962703485296,1.5293134848276775,0.06099295728409203,1.2682291666666667,0.05863713671457137,,,,,,
20899,3,,,,,,,0.0,0.0,0.6769401033719381,0.14230245786155354,0.1667549510796865,0.024099727282311644,0.03130202988783518,0.012564714385336531,1.5172975460688274,0.023505563741297805,1.3359375,0.15625,,,,,,
20949,3,,,,,,,0.0,0.0,0.679398775100708,0.03367225842258795,0.17257517079512277,0.011775355197489248,0.03153206345935663,0.01674692040537185,1.52293062210083,0.03333497325630755,1.3984375,0.0703125,,,,,,
20999,3,,,,,,,0.0,0.0,0.6630837321281433,0.11652868811342695,0.16265433033307394,0.013932415768840892,0.030061063046256702,0.008902201740556016,1.508024533589681,0.03094652707922781,1.3046875,0.09789034442298178,,,,,,
21049,3,,,,,,,0.0,0.0,0.6330702106157938,0.01850411802184707,0.1628300795952479,0.004432972748252591,0.026241238539417584,0.0032516581994843875,1.5169570843378704,0.023863325498813235,1.3489583333333333,0.01626301562082916,,,,,,
21099,3,,,,,,,0.0,0.0,0.6615827282269796,0.06685864969627842,0.1626177579164505,0.00813204351493815,0.027889026328921318,0.004793301581838989,1.526259183883667,0.028406107428868944,1.328125,0.06810779599282303,,,,,,
21149,3,,,,,,,0.0,0.0,0.6424066424369812,0.02179529467519734,0.16813609500726065,0.005988734812924375,0.028805278862516086,0.007214851299847679,1.5307380358378093,0.023044900076167486,1.3802083333333333,0.05863713671457137,,,,,,
21199,3,,,,,,,0.0,0.0,0.657980481783549,0.11147295445669549,0.16294332345326742,0.01853389654541339,0.0284701914836963,0.005901441789809038,1.5332513252894084,0.047022042263000365,1.3255208333333333,0.14850601488940887,,,,,,
21249,3,,,,,,,0.0,0.0,0.641511877377828,0.06044509578487475,0.1525325725475947,0.006814215430910385,0.02556222987671693,0.0015889466958122478,1.547945459683736,0.017998601221262907,1.2395833333333333,0.07002255031119142,,,,,,
21299,3,,,,,,,0.0,0.0,0.6426361203193665,0.10913951096277118,0.16388598084449768,0.012013838398367985,0.028786546861131985,0.01090839799813001,1.514500339825948,0.022970714891826827,1.3333333333333333,0.047735163489123336,,,,,,
21349,3,,,,,,,0.0,0.0,0.5735488335291544,0.03173522088064827,0.15435556570688883,0.008125497524646075,0.021813983097672462,0.001860836932632456,1.5028555790583293,0.025133729212082172,1.3046875,0.071602745233685,,,,,,
21399,3,,,,,,,0.0,0.0,0.6134408712387085,0.03111468065019489,0.15923890471458435,0.006130988441179058,0.02569723812242349,0.004437021077473242,1.5214845339457195,0.011046668773418988,1.3151041666666667,0.06735686018946647,,,,,,
21449,3,,,,,,,0.0,0.0,0.6715456446011862,0.09401280628869693,0.1710808277130127,0.013097458307187752,0.03614190469185511,0.008112644092057269,1.514726161956787,0.0419875701351202,1.3307291666666667,0.06068323019651585,,,,,,
21499,3,,,,,,,0.0,0.0,0.6773243347803751,0.1044696588225116,0.1720675528049469,0.02332320751444067,0.03236605909963449,0.008207564176855099,1.5189775625864665,0.023319790378789347,1.3828125,0.17240684758370242,,,,,,
21549,3,,,,,,,0.0,0.0,0.6295899550120035,0.12935816037725423,0.15864630540211996,0.014860917168000112,0.023800662408272426,0.004409120937309798,1.5379496415456135,0.020356686129221768,1.328125,0.12278307535548212,,,,,,
21599,3,,,,,,,0.0,0.0,0.6806446115175883,0.07373558006465643,0.16540773212909698,0.005160729641151004,0.03203196388979753,0.001490740697135244,1.521170934041341,0.018986967492278125,1.3125,0.06943901888527804,,,,,,
21649,3,,,,,,,0.0,0.0,0.696907639503479,0.1210647357987153,0.16490813593069711,0.014696054697249224,0.03419505866865317,0.010276439897296593,1.5153175592422485,0.022145603722497922,1.2838541666666667,0.07425300744470444,,,,,,
21699,3,,,,,,,0.0,0.0,0.683695395787557,0.0768940279150414,0.15690977871418,0.010078048785085704,0.028848925605416298,0.008527773683745068,1.5267887512842815,0.025874520531413966,1.2526041666666667,0.0797997575314821,,,,,,
21749,3,,,,,,,0.0,0.0,0.6725844740867615,0.1579704563707467,0.1586578239997228,0.004990333142109295,0.024917565286159515,0.002084243111629289,1.5413434108098347,0.028482772604104513,1.3151041666666667,0.039322054350368486,,,,,,
21799,3,,,,,,,0.0,0.0,0.669797440369924,0.06695575127395917,0.16546989480654398,0.009247891069831923,0.027459699660539627,0.005602615590758156,1.512608011563619,0.0332339484820458,1.3645833333333333,0.047735163489123336,,,,,,
21849,3,,,,,,,0.0,0.0,0.6064859827359518,0.03010234244389092,0.16141416629155478,0.00502995628969382,0.024359125643968582,0.0025972817215038965,1.514749010403951,0.04727240127961707,1.3541666666666667,0.05758683434243745,,,,,,
21899,3,,,,,,,0.0,0.0,0.6471013029416403,0.07842293753364406,0.15872769554456076,0.005041321450387234,0.023929704601565998,0.0027898915935955807,1.5006322065989177,0.016447968856222718,1.3307291666666667,0.025113673856752488,,,,,,
21949,3,,,,,,,0.0,0.0,0.6538429061571757,0.07396181313039488,0.1692862013975779,0.01034801177493965,0.0317220805833737,0.008113962204829182,1.5493805408477783,0.03795114415417363,1.3567708333333333,0.06314768569261532,,,,,,
21999,3,,,,,,,0.0,0.0,0.6443975369135538,0.09990136911754939,0.16390427450338999,0.014949151649310589,0.028100690493981045,0.003106826570747277,1.5198107560475667,0.01704403589012861,1.3411458333333333,0.1586405667762295,,,,,,
22049,3,,,,,,,0.0,0.0,0.6406513253847758,0.11124356227899738,0.15875164667765299,0.01472707785250087,0.02799214671055476,0.003895273277883543,1.5362364053726196,0.011652849989829074,1.2838541666666667,0.12556836928376244,,,,,,
22099,3,,,,,,,0.0,0.0,0.6427035927772522,0.11659554492497252,0.15909002721309662,0.00908268181560494,0.025398288543025654,0.0019245067892573139,1.5202155510584514,0.01950150100230283,1.3177083333333333,0.08781101718795503,,,,,,
22149,3,,,,,,,0.0,0.0,0.6661084890365601,0.09383543740756602,0.15964210530122122,0.0050967617693808715,0.02664459062119325,0.006022536065777259,1.5158975919087727,0.05386264840811238,1.3098958333333333,0.03157384284630766,,,,,,
22199,3,,,,,,,0.0,0.0,0.5890248020490011,0.019640914545587827,0.1568449834982554,0.0069458389611459235,0.023514674976468086,0.0028507589147256447,1.5003483692804973,0.022720271690844947,1.3151041666666667,0.05863713671457137,,,,,,
22249,3,,,,,,,0.0,0.0,0.6148325006167094,0.061339971835404565,0.1589019944270452,0.009640016262918317,0.025659499689936638,0.0024350517677978094,1.5078436136245728,0.05134661426122654,1.3125,0.08156489460086368,,,,,,
22299,3,,,,,,,0.0,0.0,0.6369403799374899,0.10702673190784329,0.16148658096790314,0.011313990247837908,0.028688885892430942,0.007845520151926837,1.5610191822052002,0.007402804657458395,1.3020833333333333,0.05542655378591865,,,,,,
22349,3,,,,,,,0.0,0.0,0.6482637723286947,0.14183314065767022,0.16244056324164072,0.015317759181050867,0.025899688402811687,0.0017582899492084914,1.528436263402303,0.01877426701676733,1.3463541666666667,0.1737000640172114,,,,,,
22399,3,,,,,,,0.0,0.0,0.6587344805399576,0.12896116588213297,0.16783189276854196,0.02082299269512838,0.029075525080164272,0.008465045887239776,1.505845308303833,0.016836653124682566,1.375,0.1640625,,,,,,
22449,3,,,,,,,0.0,0.0,0.5816164612770081,0.0629373903674187,0.15119826793670654,0.008028421966000156,0.0231625996530056,0.0014367563969097212,1.5079940954844158,0.02235429546402021,1.2552083333333333,0.10606985340841824,,,,,,
22499,3,,,,,,,0.0,0.0,0.6446155905723572,0.09939582288400452,0.1586848646402359,0.007403325698202869,0.024883604298035305,0.0041734804685548575,1.514891266822815,0.02057646725721587,1.3177083333333333,0.04302789490067267,,,,,,
22549,3,,,,,,,0.0,0.0,0.5812802314758301,0.014378789536893338,0.16352703173955283,0.007347676926917291,0.024617354075113933,0.001001533165707479,1.5211758613586426,0.038321750644720445,1.375,0.078125,,,,,,
22599,3,,,,,,,0.0,0.0,0.5831611752510071,0.056229922298093954,0.15219971040884653,0.005598920663606909,0.022935600951313972,0.0028509184558211374,1.5169059832890828,0.021021415766315436,1.2682291666666667,0.08018127249135756,,,,,,
22649,3,,,,,,,0.0,0.0,0.6385023792584738,0.08278071885757438,0.1587765415509542,0.00846979705500115,0.022428487117091816,0.0024646474416964437,1.509154478708903,0.00860298469927082,1.3463541666666667,0.10075803188621409,,,,,,
22699,3,,,,,,,0.0,0.0,0.7140727837880453,0.1459920821432326,0.16447331011295319,0.009730903864577162,0.03473890324433645,0.008291007409236982,1.5476595560709636,0.05412627731631276,1.2708333333333333,0.03157384284630766,,,,,,
22749,3,,,,,,,0.0,0.0,0.7012254595756531,0.056038757376203355,0.16675160825252533,0.011274890599370103,0.030805236970384915,0.0021955268317681844,1.5340896447499592,0.07056884111173647,1.3385416666666667,0.10374262649501088,,,,,,
22799,3,,,,,,,0.0,0.0,0.6420790354410807,0.08969419287665396,0.1577818195025126,0.004806639647186488,0.025777109588185947,0.005741776114424702,1.4979966481526692,0.018265968726780976,1.2994791666666667,0.011933790872280834,,,,,,
22849,3,,,,,,,0.0,0.0,0.6008187135060629,0.08740837438323354,0.15910216669241586,0.008637217208814127,0.027333250269293785,0.0013863819318465382,1.5069703658421834,0.017250997629982633,1.296875,0.10334966058846057,,,,,,
22899,3,,,,,,,0.0,0.0,0.5675240159034729,0.02399731977252693,0.15213172137737274,0.004528981911827879,0.023971905931830406,0.0007983581271967766,1.5529603560765584,0.028366665464307977,1.2526041666666667,0.05487319662944135,,,,,,
22949,3,,,,,,,0.0,0.0,0.740946352481842,0.1066069353763519,0.1698174774646759,0.006564116232514624,0.029424927507837612,0.0038634802023970924,1.5229785044987996,0.010499921096129235,1.390625,0.061017575593020734,,,,,,
22999,3,,,,,,,0.0,0.0,0.7974240581194559,0.21674712042018116,0.17237807313601175,0.02143262958902498,0.0368228858957688,0.015505361610789347,1.5275242328643799,0.01537217593491608,1.3359375,0.061017575593020734,,,,,,
23049,3,,,,,,,0.0,0.0,0.6036713123321533,0.04712353390363593,0.1596763680378596,0.014677085355150813,0.02555171586573124,0.0020086743881061624,1.5146793127059937,0.027190273229240003,1.3229166666666667,0.15236044246156327,,,,,,
23099,3,,,,,,,0.0,0.0,0.6704136331876119,0.0986674198622087,0.1687737057606379,0.01891809738066075,0.03078622557222843,0.004292545749217732,1.5266124804814656,0.008686852199916356,1.3645833333333333,0.1657895212749688,,,,,,
23149,3,,,,,,,0.0,0.0,0.6024948557217916,0.06037594118532127,0.15923566619555155,0.005741827917429968,0.025225088000297546,0.0021832943301782985,1.5032713810602825,0.014807697171457393,1.3203125,0.07694420157653206,,,,,,
23199,3,,,,,,,0.0,0.0,0.6106502215067545,0.006922652282891972,0.15836206575234732,0.006362371766009757,0.023766800140341122,0.003782146541758993,1.5129115581512451,0.0422310594008025,1.328125,0.07452650011069888,,,,,,
23249,3,,,,,,,0.0,0.0,0.6401458779970804,0.05294671667165299,0.16860834757486978,0.022605829554521378,0.027963658173878986,0.006123197532491485,1.5156415303548176,0.022959423868457365,1.3958333333333333,0.20526714998894327,,,,,,
23299,3,,,,,,,0.0,0.0,0.6760993202527364,0.03150473473711191,0.16261736551920572,0.003939637211919052,0.030512363960345585,0.004146569775489855,1.5080263217290242,0.02548222132701929,1.3020833333333333,0.04577707247720559,,,,,,
23349,3,,,,,,,0.0,0.0,0.6636295715967814,0.10105925732475188,0.16454462707042694,0.009549169138067696,0.029259036605556805,0.00614706739245766,1.5005639394124348,0.019738717564625037,1.3359375,0.04349815908460954,,,,,,
23399,3,,,,,,,0.0,0.0,0.703679104646047,0.074126929599869,0.16682430108388266,0.0064180198335520786,0.033221323043107986,0.001734920173584785,1.5276150703430176,0.029378739826701913,1.3151041666666667,0.08781101718795503,,,,,,
23449,3,,,,,,,0.0,0.0,0.7677204608917236,0.10537869449464332,0.1722879856824875,0.006182083592627375,0.032310878237088524,0.005129483985621818,1.5139869054158528,0.0333468809105455,1.3880208333333333,0.1133036974885786,,,,,,
23499,3,,,,,,,0.0,0.0,0.6034022370974222,0.06624541278983864,0.1511840025583903,0.00982124533446971,0.022483794018626213,0.003463317263383032,1.525619626045227,0.01905680987207504,1.2604166666666667,0.1376271902262897,,,,,,
23549,3,,,,,,,0.0,0.0,0.7557096282641093,0.12103814555168901,0.17661961913108826,0.01890709173555706,0.03590958068768183,0.010191254095720265,1.5221751928329468,0.01525784787566637,1.3932291666666667,0.09768228819537006,,,,,,
23599,3,,,,,,,0.0,0.0,0.7413480281829834,0.10155417556784872,0.1648009071747462,0.012201662061795503,0.03484488899509112,0.0009816490024103339,1.5209923187891643,0.036796225474308386,1.2760416666666667,0.1417776832168354,,,,,,
23649,3,,,,,,,0.0,0.0,0.6603767474492391,0.08317091194992579,0.16244029502073923,0.0070312619629351175,0.026673206438620884,0.005726678296672921,1.5161627531051636,0.039196301667720944,1.3385416666666667,0.023867581744561668,,,,,,
23699,3,,,,,,,0.0,0.0,0.6493837634722391,0.031956674003883544,0.15533076723416647,0.007780769142087403,0.02712391937772433,0.005879674732427683,1.525111436843872,0.01703540772334236,1.2552083333333333,0.0369204345800985,,,,,,
23749,3,,,,,,,0.0,0.0,0.6385194261868795,0.041547807770615286,0.1588666389385859,0.009214760884780857,0.026114589845140774,0.008138875615758904,1.50762673219045,0.018497493519188262,1.3098958333333333,0.06266254903914564,,,,,,
23799,3,,,,,,,0.0,0.0,0.7147127389907837,0.15802576875512644,0.177387202779452,0.012550645458402421,0.03436982072889805,0.011481410399022042,1.5575974384943645,0.03534554282817309,1.4140625,0.027063293868263706,,,,,,
23849,3,,,,,,,0.0,0.0,0.5607261061668396,0.04237943951153924,0.14500568310419717,0.009122670011343897,0.021100458999474842,0.0054695000498734304,1.5181262890497844,0.043210569316168936,1.2083333333333333,0.11057746742480284,,,,,,
23899,3,,,,,,,0.0,0.0,0.7231598496437073,0.024904136941133904,0.16881701350212097,0.005849707932720641,0.03432058418790499,0.008987497374737058,1.5030280749003093,0.025433561415980466,1.328125,0.04349815908460954,,,,,,
23949,3,,,,,,,0.0,0.0,0.6637558341026306,0.06482162056900287,0.15326257546742758,0.0011799154103161109,0.024812206625938416,0.001909028844902581,1.5169122219085693,0.012934922706722016,1.2578125,0.027063293868263706,,,,,,
23999,3,,,,,,,0.0,0.0,0.6703863739967346,0.03433060446418425,0.1566760390996933,0.003969241703029925,0.026184796666105587,0.0011737075944205288,1.5419624249140422,0.045494418933651214,1.2786458333333333,0.03853814736184568,,,,,,
24049,3,,,,,,,0.0,0.0,0.6935475667317709,0.05946895839502133,0.16092540323734283,0.016054720510051468,0.029623260721564293,0.011578205366660913,1.5579488277435303,0.00677552314668171,1.2864583333333333,0.05651701670367371,,,,,,
24099,3,,,,,,,0.0,0.0,0.7027679483095804,0.14015141162551595,0.16906076669692993,0.02903963317358647,0.024161773423353832,0.0038730368044776462,1.5178949038187664,0.01566821600955079,1.4401041666666667,0.28409298057956894,,,,,,
24149,3,,,,,,,0.0,0.0,0.6038293639818827,0.06306909589006991,0.15130985279877981,0.007272327809002435,0.023282068471113842,0.005516762929826795,1.5397574504216511,0.014474350027566831,1.2526041666666667,0.02255274489021976,,,,,,
24199,3,,,,,,,0.0,0.0,0.7157413562138876,0.07902749653618266,0.16783573230107626,0.016125132355094555,0.030967362225055695,0.005483371545756771,1.5123575528462727,0.030288461436593098,1.3515625,0.15953576450517296,,,,,,
24249,3,,,,,,,0.0,0.0,0.6480815410614014,0.07468345517336684,0.15956120193004608,0.011811739745856028,0.030427786832054455,0.010235213514825548,1.520112673441569,0.006170148007740972,1.265625,0.0546875,,,,,,
24299,3,,,,,,,0.0,0.0,0.6798921426137289,0.13670924120263467,0.1621632625659307,0.007150261908399493,0.029644227276245754,0.006565744550103154,1.5168776512145996,0.023695457149100298,1.3046875,0.05633673867912483,,,,,,
24349,3,,,,,,,0.0,0.0,0.59209676583608,0.06225532448025963,0.15495411058266959,0.004390653924848147,0.02534824175139268,0.0020873112654638507,1.551081697146098,0.03225107980111069,1.265625,0.06810779599282303,,,,,,
24399,3,,,,,,,0.0,0.0,0.6100416580835978,0.12013141136771753,0.1540610392888387,0.009993927798638575,0.024292231847842533,0.004122840383827703,1.551099459330241,0.03319658104050905,1.2682291666666667,0.11384110934580413,,,,,,
24449,3,,,,,,,0.0,0.0,0.5794834891955057,0.048127378092564475,0.1524909387032191,0.008858830978974237,0.02364823843042056,0.0024449487012323775,1.507317304611206,0.022846756380105374,1.2630208333333333,0.0708888416084177,,,,,,
24499,3,,,,,,,0.0,0.0,0.634531577428182,0.09303742562735094,0.16091625889142355,0.009420686135294865,0.028169700875878334,0.006261968630507879,1.5233532587687175,0.04514017307955788,1.3046875,0.034053897996411515,,,,,,
24549,3,,,,,,,0.0,0.0,0.6258291999499003,0.100513454988601,0.15638716518878937,0.014800623122845361,0.02653041047354539,0.008679622783408189,1.5436185598373413,0.04696364999859535,1.2708333333333333,0.0758791785642368,,,,,,
24599,3,,,,,,,0.0,0.0,0.6434286038080851,0.07121439583836271,0.15254517396291098,0.008572511474272446,0.02698917066057523,0.004060926017593782,1.5041682322820027,0.041563798265292586,1.2265625,0.0546875,,,,,,
24649,3,,,,,,,0.0,0.0,0.688309113184611,0.04869060155211271,0.16513130565484366,0.014242136133662457,0.02843863454957803,0.002076994875318649,1.5110644499460857,0.040160612358036585,1.3541666666666667,0.14433756729740643,,,,,,
24699,3,,,,,,,0.0,0.0,0.6372846762339274,0.02029077376389411,0.157606507341067,0.01137129424810397,0.027184440443913143,0.0021279855954865075,1.5024928251902263,0.014827203651495787,1.28125,0.1355418091632615,,,,,,
24749,3,,,,,,,0.0,0.0,0.650116503238678,0.1070876772737717,0.15837952494621277,0.007946308064875082,0.027463496352235477,0.005606248479620829,1.5193381309509277,0.02227706937121597,1.2864583333333333,0.029577647634376425,,,,,,
24799,3,,,,,,,0.0,0.0,0.7054755489031473,0.04776150114718531,0.1673425684372584,0.004132269542718617,0.031917242954174675,0.0058377480644472126,1.5308138529459636,0.005356267514061748,1.3359375,0.03125,,,,,,
24849,3,,,,,,,0.0,0.0,0.7348518172899882,0.10916386599118118,0.166911318898201,0.0170083200072675,0.0316162488112847,0.008549463177224841,1.5340640544891357,0.035741398391054835,1.3333333333333333,0.09892406204803426,,,,,,
24899,3,,,,,,,0.0,0.0,0.5627526839574178,0.06327882678653607,0.15083524088064829,0.006820852183078743,0.021214010814825695,0.003304423258099083,1.5363422632217407,0.029832029123610444,1.2682291666666667,0.05758683434243745,,,,,,
24949,3,,,,,,,0.0,0.0,0.5143333176771799,0.05677349245220564,0.1493692547082901,0.014656673421321676,0.020336321865518887,0.004202841986288017,1.5426161686579387,0.00469638692470761,1.2604166666666667,0.11596585457402249,,,,,,
24999,3,,,,,,,0.0,0.0,0.6530991792678833,0.03221135563604462,0.16262748837471008,0.012068436583287977,0.027175549417734146,0.004438368912445458,1.5334750811258953,0.007615486970724503,1.3359375,0.08804240366863003,,,,,,
25049,3,,,,,,,0.0,0.0,0.6210923890272776,0.1526475016407063,0.1516179839769999,0.009622428851136634,0.021827006712555885,0.004541932060039936,1.537039875984192,0.01247495869099092,1.2708333333333333,0.0758791785642368,,,,,,
25099,3,,,,,,,0.0,0.0,0.6899526317914327,0.1116528388152588,0.16389112174510956,0.009568083110108185,0.02535207321246465,0.0029847562349740956,1.532941738764445,0.04111355133613214,1.3697916666666667,0.1289259770259017,,,,,,
25149,3,,,,,,,0.0,0.0,0.638246754805247,0.0314261232343947,0.1534247895081838,0.006513830924205097,0.026031252617637318,0.00632159693224088,1.5251614252726238,0.024125954194904112,1.2447916666666667,0.011933790872280834,,,,,,
25199,3,,,,,,,0.0,0.0,0.621636152267456,0.08499495568525837,0.15508214632670084,0.010810929680876154,0.027522483840584755,0.008565823126973095,1.5092215140660603,0.04193098864185425,1.25,0.020669932117692115,,,,,,
25249,3,,,,,,,0.0,0.0,0.6189209719498953,0.1275375557407945,0.1518741399049759,0.004404759369372956,0.022124027212460835,0.005906080283364452,1.5329537789026897,0.002662107895454345,1.2708333333333333,0.04577707247720559,,,,,,
25299,3,,,,,,,0.0,0.0,0.7499551375706991,0.1218362405433608,0.16963539520899454,0.014802691621867536,0.03691434363524119,0.015493313479061209,1.5208030144373577,0.001266106102091089,1.3046875,0.08699631816921909,,,,,,
25349,3,,,,,,,0.0,0.0,0.7296419938405355,0.08525935966389087,0.159151221315066,0.006779418814593831,0.030620864902933437,0.003650894919455783,1.5249108870824177,0.028666335954787927,1.2578125,0.08156489460086368,,,,,,
25399,3,,,,,,,0.0,0.0,0.5843932827313741,0.09060885798544698,0.14977238575617471,0.010931146108385704,0.019896789143482845,0.002515797705670321,1.5455022652943928,0.02494749637655464,1.2708333333333333,0.09418302770846419,,,,,,
25449,3,,,,,,,0.0,0.0,0.7279820243517557,0.18127632099345642,0.1677966316541036,0.012395667528771439,0.030898484711845715,0.010857322347353142,1.5478874444961548,0.012650878974202542,1.3489583333333333,0.0708888416084177,,,,,,
25499,3,,,,,,,0.0,0.0,0.700933575630188,0.07087176807688193,0.16493871808052063,0.003576320980363342,0.03153620349864165,0.005349192202651098,1.5075697898864746,0.030661682307156896,1.3151041666666667,0.03522851369392886,,,,,,
25549,3,,,,,,,0.0,0.0,0.6430448095003763,0.034194003293477035,0.15894301732381186,0.0037187447722106764,0.026712265486518543,0.0031826809116320153,1.5206013123194377,0.07476564633985061,1.2994791666666667,0.02255274489021976,,,,,,
25599,3,,,,,,,0.0,0.0,0.6676254471143087,0.15274404952299944,0.1591168244679769,0.013469989955490947,0.02498098152379195,0.008576042377590312,1.5157978137334187,0.022896583399221522,1.3229166666666667,0.05915529526875285,,,,,,
25649,3,,,,,,,0.0,0.0,0.6282330950101217,0.07947999390714405,0.1540627976258596,0.005820809693656373,0.024802909543116886,0.0005646976127152756,1.516484260559082,0.00377823267137408,1.2682291666666667,0.05915529526875285,,,,,,
25699,3,,,,,,,0.0,0.0,0.6769511103630066,0.11191671840246899,0.16290231049060822,0.010550099368992507,0.028835733731587727,0.008473326860503836,1.5739754835764568,0.070197711104431,1.3151041666666667,0.07259041596232475,,,,,,
25749,3,,,,,,,0.0,0.0,0.8180652856826782,0.24076094417666496,0.1641618808110555,0.007540983856903222,0.033685541401306786,0.00663282358542647,1.52419646581014,0.012211213150704328,1.28125,0.0390625,,,,,,
25799,3,,,,,,,0.0,0.0,0.7537727753321329,0.07932171498615512,0.16907568275928497,0.008619253561586725,0.03447168320417404,0.009767967863293066,1.5300617615381877,0.023438919930854542,1.3255208333333333,0.06314768569261532,,,,,,
25849,3,,,,,,,0.0,0.0,0.6385024984677633,0.05953046529326958,0.15290341774622598,0.012959552341468254,0.027233300730586052,0.00883926909260314,1.5318554639816284,0.02473693064212796,1.2239583333333333,0.05542655378591865,,,,,,
25899,3,,,,,,,0.0,0.0,0.6540701985359192,0.03406100371082324,0.15986992915471396,0.0008833960212246561,0.021996363376577694,0.0011287527800323425,1.5314972798029582,0.02838710640994669,1.3619791666666667,0.011933790872280834,,,,,,
25949,3,,,,,,,0.0,0.0,0.6026893655459086,0.09258460584113454,0.15474467476209006,0.008735209078816438,0.021808822949727375,0.0036328788441907494,1.5260069767634075,0.037096330877859386,1.3072916666666667,0.06266254903914564,,,,,,
25999,3,,,,,,,0.0,0.0,0.6736515561739603,0.09142907432002434,0.16980792582035065,0.007974631475198007,0.02944036138554414,0.005057406510013799,1.5204798777898152,0.02501632679740662,1.3932291666666667,0.03608439182435161,,,,,,
26049,3,,,,,,,0.0,0.0,0.5764972766240438,0.053376756681649457,0.1525731881459554,0.0030247267981524783,0.024985605229934055,0.003875975155541825,1.5120134353637695,0.018387715734160592,1.25,0.03125,,,,,,
26099,3,,,,,,,0.0,0.0,0.6446410417556763,0.16918478141053392,0.15903829038143158,0.014049373475577977,0.02571956254541874,0.005476680153308925,1.531742533047994,0.017373284252526492,1.3098958333333333,0.11384110934580413,,,,,,
26149,3,,,,,,,0.0,0.0,0.7492853999137878,0.10806646041616004,0.16743093729019165,0.005810932433456217,0.02934900422890981,0.005917872869046338,1.519782304763794,0.03863174020093113,1.3645833333333333,0.10946796644262345,,,,,,
26199,3,,,,,,,0.0,0.0,0.70893927415212,0.13282640059847822,0.15702962378660837,0.004200766488238858,0.025552620490392048,0.002112872457783176,1.5428828795750935,0.06533341523094356,1.2890625,0.0234375,,,,,,
26249,3,,,,,,,0.0,0.0,0.7241735458374023,0.09463356346593177,0.16858017444610596,0.012115124676927914,0.0317497036109368,0.006785314997187107,1.508568286895752,0.023222988776268168,1.3541666666666667,0.05863713671457137,,,,,,
26299,3,,,,,,,0.0,0.0,0.6287305553754171,0.017177708277367316,0.15159865220387778,0.0014641871966130184,0.026313593611121178,0.0021426800358486063,1.5259012778600056,0.028001656629353902,1.2213541666666667,0.011933790872280834,,,,,,
26349,3,,,,,,,0.0,0.0,0.5865254998207092,0.03699665814446775,0.15086063742637634,0.0043039349534952885,0.023378100246191025,0.001191615783384472,1.534061113993327,0.024049216271034325,1.2473958333333333,0.06068323019651585,,,,,,
26399,3,,,,,,,0.0,0.0,0.7046551505724589,0.1692845108242482,0.1622351109981537,0.01711937681894124,0.02915341469148795,0.007182886272296139,1.491763750712077,0.0024563153497888074,1.3151041666666667,0.133576235450335,,,,,,
26449,3,,,,,,,0.0,0.0,0.7316487828890482,0.09526557524071107,0.15916832784811655,0.006355612142835313,0.028938993190725643,0.005170004608406904,1.5483239491780598,0.007727289972131084,1.2734375,0.11076130374029551,,,,,,
26499,3,,,,,,,0.0,0.0,0.6909422079722086,0.12044421807623998,0.15468092759450278,0.0091732777311196,0.025082710509498913,0.007151851288248247,1.5340408086776733,0.035437074074310564,1.2682291666666667,0.05542655378591865,,,,,,
26549,3,,,,,,,0.0,0.0,0.6282589236895243,0.11621841934306237,0.1536013831694921,0.014815591262413929,0.02228556325038274,0.005533791806429229,1.5430399974187214,0.00357676183364208,1.2864583333333333,0.10491269311710254,,,,,,
26599,3,,,,,,,0.0,0.0,0.6417562166849772,0.06075894605084754,0.1580543319384257,0.010547373678628586,0.02437001032133897,0.0022323626716326023,1.5194738308588664,0.03881093196733857,1.3177083333333333,0.11057746742480284,,,,,,
26649,3,,,,,,,0.0,0.0,0.6513350009918213,0.10933571495402397,0.1508936882019043,0.012805820519029256,0.024278696005543072,0.002971792692440918,1.5286864439646404,0.029207091984328637,1.2369791666666667,0.11276372445109878,,,,,,
26699,3,,,,,,,0.0,0.0,0.6051393349965414,0.08318276036935879,0.1557151973247528,0.00853636769827678,0.023038549969593685,0.003035239513659815,1.532638708750407,0.0422113427456771,1.3046875,0.09504316453590968,,,,,,
26749,3,,,,,,,0.0,0.0,0.6172890365123749,0.13632770378179476,0.15534611543019614,0.014507135807496815,0.022390995795528095,0.005112312451091685,1.5116575558980305,0.020091325570968578,1.3098958333333333,0.10606985340841824,,,,,,
26799,3,,,,,,,0.0,0.0,0.6636072993278503,0.06995150573079606,0.15472122530142465,0.006864084911527981,0.026554626723130543,0.0072698800408032595,1.5210868120193481,0.016681607562493827,1.2552083333333333,0.07507049638228945,,,,,,
26849,3,,,,,,,0.0,0.0,0.6471726497014364,0.15691674652950233,0.15536311765511832,0.01108595913352922,0.02441377689441045,0.0062962184329119165,1.522668441136678,0.014259491061839063,1.2864583333333333,0.050227347713504976,,,,,,
26899,3,,,,,,,0.0,0.0,0.8047405083974203,0.18825591135857425,0.16939857602119446,0.020037185980783485,0.035447536036372185,0.015891528888849763,1.5298691987991333,0.008555019414203604,1.3177083333333333,0.11596585457402249,,,,,,
26949,3,,,,,,,0.0,0.0,0.6729308565457662,0.09884284383787852,0.15890873968601227,0.01331388174128229,0.0285821749518315,0.00873623240593396,1.5417712926864624,0.03318219430984544,1.2760416666666667,0.12725824711323558,,,,,,
26999,3,,,,,,,0.0,0.0,0.7018597523371378,0.16521036618205953,0.16756455600261688,0.018235015599262962,0.03027121163904667,0.005359186818400155,1.5223029454549153,0.016472418647861305,1.3541666666666667,0.15651020001371582,,,,,,
27049,3,,,,,,,0.0,0.0,0.7781084974606832,0.20597233214941368,0.16779115299383798,0.021947520691065966,0.03676285160084566,0.017657643679444918,1.5631163120269775,0.006511558842223724,1.28125,0.071602745233685,,,,,,
27099,3,,,,,,,0.0,0.0,0.6413162350654602,0.0674308643538815,0.15573770801226297,0.009436548074151884,0.023272123808662098,0.00682423908549647,1.5115322669347127,0.008668639376915735,1.3046875,0.04133986423538423,,,,,,
27149,3,,,,,,,0.0,0.0,0.7207958499590555,0.14305622177306232,0.16466982662677765,0.0175895091180605,0.03648716708024343,0.018378238861227556,1.5226927598317463,0.009007314893520694,1.2552083333333333,0.05651701670367371,,,,,,
27199,3,,,,,,,0.0,0.0,0.7253203988075256,0.02872287504803628,0.1671051730712255,0.006171755549839053,0.029032318542400997,0.005362019123364653,1.5188747644424438,0.010828368975605213,1.3671875,0.04133986423538423,,,,,,
27249,3,,,,,,,0.0,0.0,0.6815076073010763,0.11493964353486642,0.1605264494816462,0.014576763022112154,0.027334292108813923,0.010094282993144516,1.5028092861175537,0.020354243615081112,1.3125,0.07534102157025746,,,,,,
27299,3,,,,,,,0.0,0.0,0.6620319883028666,0.11335350354735678,0.15758866568406424,0.012396193696053426,0.026471529776851337,0.008971079317811527,1.5394484202067058,0.019853146425320906,1.2864583333333333,0.03853814736184568,,,,,,
27349,3,,,,,,,0.0,0.0,0.6544272899627686,0.10536864212903314,0.15407160421212515,0.004357765156408628,0.026275848348935444,0.004973354445964385,1.5328305164972942,0.04146188989315293,1.25,0.020669932117692115,,,,,,
27399,3,,,,,,,0.0,0.0,0.638825794061025,0.09816544641858765,0.15347948173681894,0.0180367926614777,0.027653800944487255,0.01150392390821365,1.5148595968882244,0.013127856135513734,1.2291666666666667,0.0758791785642368,,,,,,
27449,3,,,,,,,0.0,0.0,0.6398395895957947,0.0946031664878249,0.15859927237033844,0.021256558640619982,0.024265505373477936,0.008095740162071272,1.5030383268992107,0.023289678760661302,1.3255208333333333,0.16281769825354778,,,,,,
27499,3,,,,,,,0.0,0.0,0.653082549571991,0.19634996456655948,0.1580868661403656,0.019752240743565547,0.029092622299989063,0.013886505192824554,1.5224707126617432,0.022716438870545842,1.265625,0.06394806853025352,,,,,,
27549,3,,,,,,,0.0,0.0,0.7170869509379069,0.048169342952293644,0.1610688716173172,0.004154647488944478,0.027681584780414898,0.0038226283290538677,1.5223217805226643,0.011586735570906257,1.3125,0.04133986423538423,,,,,,
27599,3,,,,,,,0.0,0.0,0.6838341355323792,0.09548844797142571,0.164563258488973,0.014802033659691396,0.027704304084181786,0.001400432856367894,1.5439677635828655,0.00755270679586803,1.3489583333333333,0.152760514333984,,,,,,
27649,3,,,,,,,0.0,0.0,0.6726378202438354,0.04203158143266273,0.16257294019063315,0.013641639729741804,0.029323738689223926,0.00485560068115813,1.5247896512349446,0.030938971945728293,1.3125,0.1015625,,,,,,
27699,3,,,,,,,0.0,0.0,0.6319374442100525,0.013864001009368401,0.14808770517508188,0.0035644197172769983,0.02142002433538437,0.0040097250191555335,1.550232211748759,0.04258906821863824,1.234375,0.015625,,,,,,
27749,3,,,,,,,0.0,0.0,0.6987355947494507,0.13496992700342983,0.15183345476786295,0.009093811024068754,0.027452476943532627,0.0029166772773063826,1.533150355021159,0.02949209942675622,1.2109375,0.071602745233685,,,,,,
27799,3,,,,,,,0.0,0.0,0.6668320894241333,0.12150156127637202,0.15595881640911102,0.016638960988998037,0.025141784300406773,0.004960404704161521,1.5257135232289631,0.018682805452905963,1.2838541666666667,0.13288907106430284,,,,,,
27849,3,,,,,,,0.0,0.0,0.6102767586708069,0.031150431043929026,0.15050925811131796,0.006204311999274892,0.02025082552184661,0.005326365383284077,1.518681804339091,0.019333940693246534,1.2786458333333333,0.03853814736184568,,,,,,
27899,3,,,,,,,0.0,0.0,0.6130010485649109,0.07235638038369302,0.15269017219543457,0.003898684142229521,0.023550402373075485,0.0036289142064634015,1.5207480192184448,0.024025634018510617,1.265625,0.020669932117692115,,,,,,
27949,3,,,,,,,0.0,0.0,0.7132654984792074,0.10724084093949363,0.16155080497264862,0.004707371526072751,0.028141458829243977,0.006996117345341023,1.5245285828908284,0.015678879598039635,1.3125,0.0358013726168425,,,,,,
27999,3,,,,,,,0.0,0.0,0.6171592473983765,0.1027436096239298,0.14794331789016724,0.01669576899609569,0.024187780916690826,0.009481876418543271,1.5357102155685425,0.02968279314898021,1.203125,0.0859375,,,,,,
28049,3,,,,,,,0.0,0.0,0.576972762743632,0.0668871346553342,0.14766603211561838,0.005469085526862489,0.018776779994368553,2.5182042926428095e-05,1.5119717518488567,0.04715375962757778,1.2630208333333333,0.05758683434243745,,,,,,
28099,3,,,,,,,0.0,0.0,0.6234044830004374,0.13994850323377372,0.1556217223405838,0.01067172544592907,0.02366461791098118,0.0037944560271985185,1.5095124244689941,0.01662379583210672,1.2994791666666667,0.0797997575314821,,,,,,
28149,3,,,,,,,0.0,0.0,0.5678877433141073,0.06416388182724034,0.1404724419116974,0.008123221667549644,0.019443454841772716,0.0001420226992121585,1.5397473971048992,0.03689687251847737,1.1744791666666667,0.09155414495441118,,,,,,
28199,3,,,,,,,0.0,0.0,0.6075202425320944,0.10857826223720024,0.15141553183396658,0.009702690482714615,0.025809782246748608,0.006036761046424621,1.5254182815551758,0.008321389930128504,1.2265625,0.04133986423538423,,,,,,
28249,3,,,,,,,0.0,0.0,0.7165284355481466,0.17136950354848604,0.15913993616898855,0.009029461265073695,0.025761212532718975,0.007573825550933179,1.521466334660848,0.029115468316893576,1.3125,0.05633673867912483,,,,,,
28299,3,,,,,,,0.0,0.0,0.6395613749821981,0.0521481073392287,0.1491034726301829,0.0060830655597910455,0.023769897719224293,0.003262956489487051,1.5144771734873455,0.029200261869032233,1.2239583333333333,0.05758683434243745,,,,,,
28349,3,,,,,,,0.0,0.0,0.616256058216095,0.056040944563980497,0.1515603413184484,0.006846870518708674,0.02493279178937276,0.004532194701900318,1.5136662324269612,0.03312461932038883,1.2395833333333333,0.10196235390860361,,,,,,
28399,3,,,,,,,0.0,0.0,0.6965181827545166,0.07020397536146526,0.16115744908650717,0.004209830935795054,0.024655625224113464,0.006423927384153022,1.5245312054951985,0.011913832663148171,1.3489583333333333,0.11959335940838578,,,,,,
28449,3,,,,,,,0.0,0.0,0.7513665159543356,0.09343300156160837,0.159633939464887,0.010492439565797889,0.032098120699326195,0.007340531277135798,1.5556652148564656,0.01400265969124854,1.2421875,0.04349815908460954,,,,,,
28499,3,,,,,,,0.0,0.0,0.672280748685201,0.13607373398590833,0.16056526700655618,0.01419150397306939,0.02605838639040788,0.002871880229848211,1.552902062733968,0.016269462338977775,1.3229166666666667,0.1289259770259017,,,,,,
28549,3,,,,,,,0.0,0.0,0.6403821508089701,0.12605087192144954,0.1437064508597056,0.007948113076307491,0.020066374291976292,0.0033281179873235517,1.5404396454493205,0.026778348194677087,1.203125,0.11348311754948398,,,,,,
28599,3,,,,,,,0.0,0.0,0.6539520819981893,0.11970691266761832,0.16012683510780334,0.009507639109249231,0.02528822359939416,0.008973755514533945,1.5209705034891765,0.019872624050658497,1.3307291666666667,0.009021097956087902,,,,,,
28649,3,,,,,,,0.0,0.0,0.7138348619143168,0.0804718904222425,0.1668180525302887,0.010657892772778057,0.02987801842391491,0.00565334640281609,1.5358002583185832,0.05158112516247509,1.3489583333333333,0.12556836928376244,,,,,,
28699,3,,,,,,,0.0,0.0,0.6183931430180868,0.09588248886500052,0.15617744127909342,0.006401581795803376,0.020847227424383163,0.0017694520478852263,1.5213027397791545,0.03344499875924162,1.3359375,0.06810779599282303,,,,,,
28749,3,,,,,,,0.0,0.0,0.6150997479756674,0.016550765296706987,0.15024755895137787,0.00346506467496206,0.02269902639091015,0.0010281721108054834,1.5406604607899983,0.018452943536966804,1.2447916666666667,0.025113673856752488,,,,,,
28799,3,,,,,,,0.0,0.0,0.6385338107744852,0.1610294289028879,0.1441507488489151,0.003151668631050285,0.02121586042145888,0.008752998827498788,1.535024603207906,0.011173147248789686,1.1953125,0.08450510801868726,,,,,,
28849,3,,,,,,,0.0,0.0,0.7811958392461141,0.20569391340814205,0.17468769351641336,0.019680659918818715,0.03717363687853018,0.013390278737828347,1.5280980269114177,0.039103096229310665,1.3567708333333333,0.07864410870073697,,,,,,
28899,3,,,,,,,0.0,0.0,0.644645114739736,0.1132618766503719,0.14321249723434448,0.004886473653563054,0.021478256831566494,0.0030738555083965843,1.512616475423177,0.029707107079618645,1.1848958333333333,0.025113673856752488,,,,,,
28949,3,,,,,,,0.0,0.0,0.7409703930219015,0.04439654730843508,0.16311090191205344,0.003956314285153274,0.028201802944143612,0.006471299278241598,1.5117429892222087,0.01982181499044161,1.3307291666666667,0.03157384284630766,,,,,,
28999,3,,,,,,,0.0,0.0,0.6107890208562216,0.013382226839992782,0.14546079436937967,0.004816463168547286,0.02067872943977515,0.001627116475507467,1.5569827953974407,0.01820764425414903,1.2135416666666667,0.047735163489123336,,,,,,
29049,3,,,,,,,0.0,0.0,0.6684587796529134,0.05171186112938328,0.15555199484030405,0.005260039959858533,0.02746635116636753,0.004674739826135151,1.5129914283752441,0.01412248503529096,1.2526041666666667,0.03157384284630766,,,,,,
29099,3,,,,,,,0.0,0.0,0.7196947336196899,0.06630145959972979,0.16091490785280863,0.008173811308773258,0.02681728017826875,0.004205645599554004,1.5119760831197102,0.011127448150226909,1.3229166666666667,0.14091405477571545,,,,,,
29149,3,,,,,,,0.0,0.0,0.6584038138389587,0.06797084533150856,0.15631411472956339,0.003931382987920502,0.021091837125519913,0.005204090831775039,1.5430608987808228,0.047747548728241135,1.3307291666666667,0.02255274489021976,,,,,,
29199,3,,,,,,,0.0,0.0,0.6164407531420389,0.11790310089557238,0.15395329395929971,0.014440486812847339,0.024802394832173984,0.005665188833484504,1.554413080215454,0.02516301531966945,1.2604166666666667,0.09768228819537006,,,,,,
29249,3,,,,,,,0.0,0.0,0.6276796460151672,0.0681343989241073,0.15038637816905975,0.010952535057519067,0.022446657841404278,0.002896270887831769,1.530951460202535,0.022618635687249464,1.25,0.08699631816921909,,,,,,
29299,3,,,,,,,0.0,0.0,0.6832980910936991,0.085257961231416,0.15737245480219522,0.004623402912320574,0.024360615760087967,0.004116352525044291,1.5173291365305583,0.011196974386911761,1.3098958333333333,0.011933790872280834,,,,,,
29349,3,,,,,,,0.0,0.0,0.6449941198031107,0.05396093911157564,0.15310541292031607,0.0027464815761408306,0.0221082145969073,0.0026465337426849703,1.5274544954299927,0.03060533190810831,1.2864583333333333,0.019661027175184243,,,,,,
29399,3,,,,,,,0.0,0.0,0.5971595247586569,0.0440777583613936,0.14580455919106802,0.006788310912711375,0.022226624190807343,0.006754803980512793,1.501673658688863,0.030021024475775645,1.2083333333333333,0.0369204345800985,,,,,,
29449,3,,,,,,,0.0,0.0,0.7149156530698141,0.04985578832267612,0.1624629149834315,0.009541213992785083,0.025467000901699066,0.004656378587302597,1.5251117944717407,0.02190698246230408,1.3541666666666667,0.12161765030037101,,,,,,
29499,3,,,,,,,0.0,0.0,0.6451218922932943,0.04307309683583128,0.15071228643258414,0.009332258020363717,0.022510090221961338,0.004682669246119291,1.5246472358703613,0.03890504163466141,1.2552083333333333,0.08884751098558323,,,,,,
29549,3,,,,,,,0.0,0.0,0.6990537246068319,0.06279245335205781,0.1607571691274643,0.007915399209457151,0.03002152405679226,0.010516936419315106,1.5175753831863403,0.01964285799899313,1.2838541666666667,0.03252603124165832,,,,,,
29599,3,,,,,,,0.0,0.0,0.766154408454895,0.11137593002126522,0.16139720380306244,0.004715473045833193,0.02913827821612358,0.008159360167598327,1.539695103963216,0.018590955555887103,1.2994791666666667,0.039322054350368486,,,,,,
29649,3,,,,,,,0.0,0.0,0.6503452062606812,0.03544053999203861,0.1512250155210495,0.0047730811371367605,0.02396024577319622,0.0021270636371301037,1.528560479482015,0.02802270677235963,1.2447916666666667,0.029577647634376425,,,,,,
29699,3,,,,,,,0.0,0.0,0.6853076616923014,0.046459935850232,0.16089831292629242,0.0060223000779499065,0.026176155855258305,0.0030218962115931758,1.5256006320317586,0.04346940226396404,1.328125,0.0667500292602932,,,,,,
29749,3,,,,,,,0.0,0.0,0.6365231474240621,0.06765948398306947,0.15517904361089072,0.00496736432614146,0.02260209123293559,0.0071963534298292876,1.5389449993769329,0.024687869402150613,1.3020833333333333,0.03157384284630766,,,,,,
29799,3,,,,,,,0.0,0.0,0.6528747876485189,0.06520188944024448,0.15178596476713815,0.016589204627186684,0.025099887202183407,0.009268165609588774,1.5357951323191326,0.03197906042395235,1.2369791666666667,0.07903120263277874,,,,,,
29849,3,,,,,,,0.0,0.0,0.6659197409947714,0.03353518375110093,0.1593520442644755,0.009723954039297333,0.026019632816314697,0.006591653990384515,1.5331112543741863,0.025180320432243518,1.3098958333333333,0.07707629472369136,,,,,,
29899,3,,,,,,,0.0,0.0,0.6331908901532491,0.08320006841833605,0.14809313913186392,0.01758871926863789,0.020746575047572453,0.002897800394074643,1.5204636255900066,0.034255302305160544,1.2447916666666667,0.16055273585206617,,,,,,
29949,3,,,,,,,0.0,0.0,0.7215304374694824,0.12996753325001403,0.15714910129706064,0.010675838769045144,0.02414130015919606,0.008278454590417757,1.5332025289535522,0.04736200921955449,1.3072916666666667,0.03252603124165832,,,,,,
29999,3,,,,,,,0.0,0.0,0.7128684520721436,0.048848639565366836,0.15839706857999167,0.008440618199816365,0.027391730497280758,0.0066135792502656525,1.5119926532109578,0.009752622034713348,1.2890625,0.13821723447620415,,,,,,
30049,3,,,,,,,0.0,0.0,0.6674229105313619,0.15939538946166704,0.15594570338726044,0.012143576341163309,0.024977466091513634,0.005654701492027515,1.5245577891667683,0.004007948219863006,1.2838541666666667,0.10606985340841824,,,,,,
30099,3,,,,,,,0.0,0.0,0.6595978935559591,0.10270634113812944,0.15233816703160605,0.007420240461627342,0.02473799263437589,0.006544112864387381,1.5295496384302776,0.028256382111913732,1.2473958333333333,0.01626301562082916,,,,,,
30149,3,,,,,,,0.0,0.0,0.711029569307963,0.08359121114500548,0.15213529268900552,0.007110270425160466,0.023697620257735252,0.004783880408683865,1.4993659257888794,0.012231634894869513,1.2604166666666667,0.09830513587592123,,,,,,
30199,3,,,,,,,0.0,0.0,0.6727317174275717,0.137817739332948,0.15236483017603555,0.000987635857916276,0.02170194685459137,0.0017518145612053775,1.526574969291687,0.021516539826876704,1.28125,0.0078125,,,,,,
30249,3,,,,,,,0.0,0.0,0.7040812373161316,0.05852847930465282,0.154649684826533,0.012633589250867274,0.02621326471368472,0.0023919729918627586,1.5317926009496052,0.027231718593791945,1.2578125,0.14636714058746245,,,,,,
30299,3,,,,,,,0.0,0.0,0.7168387770652771,0.12452039288984951,0.16539817055066428,0.008263048893886836,0.029440907761454582,0.0025070881025323773,1.5189035336176555,0.030402746990028207,1.3411458333333333,0.06825699178167269,,,,,,
30349,3,,,,,,,0.0,0.0,0.6845920085906982,0.10664997463468198,0.15713900327682495,0.017511316691140043,0.02482224131623904,0.008249975101356407,1.51292618115743,0.014474427109615216,1.3020833333333333,0.10403637685124052,,,,,,
30399,3,,,,,,,0.0,0.0,0.650476356347402,0.10154427519459486,0.15088152885437012,0.010545739158818181,0.02231796272099018,0.0035754095057249076,1.511955459912618,0.01892719775168147,1.2604166666666667,0.08018127249135756,,,,,,
30449,3,,,,,,,0.0,0.0,0.6940088470776876,0.10617947692735126,0.15352203448613486,0.012191592445663273,0.025775983308752377,0.007577362567403219,1.4953085978825886,0.017164668065123265,1.2526041666666667,0.05317858816839098,,,,,,
30499,3,,,,,,,0.0,0.0,0.5554685393969218,0.07592203701737767,0.14454111456871033,0.005581187244852229,0.020115405321121216,0.002251300619976613,1.5538992087046306,0.032591222290107934,1.2109375,0.04878904686248749,,,,,,
30549,3,,,,,,,0.0,0.0,0.6588218410809835,0.09866256084290712,0.15618995825449625,0.009021190817182596,0.025129601980249088,0.0012679455768020462,1.5174935261408489,0.02709780542764576,1.2864583333333333,0.09705544350825117,,,,,,
30599,3,,,,,,,0.0,0.0,0.6650405724843343,0.053338389920566394,0.15556281805038452,0.008868980632077778,0.02231601004799207,0.0050518926418859,1.5082741578420003,0.03950611126438932,1.3098958333333333,0.08781101718795503,,,,,,
30649,3,,,,,,,0.0,0.0,0.7894969979921976,0.18695454022397978,0.1539157877365748,0.007444176855283062,0.026399801174799602,0.0033591213877003988,1.5374059677124023,0.0241467286238088,1.2473958333333333,0.06068323019651585,,,,,,
30699,3,,,,,,,0.0,0.0,0.7643619378407797,0.106132501028039,0.16256005565325418,0.013766176166717447,0.0302465974042813,0.004721691250849278,1.5288721323013306,0.011638828155849028,1.2994791666666667,0.09892406204803426,,,,,,
30749,3,,,,,,,0.0,0.0,0.6691001454989115,0.09790625244581079,0.15357226133346558,0.0076250511679750825,0.024421898648142815,0.002990236237165282,1.5380831162134807,0.014412495308880332,1.2630208333333333,0.11933790872280833,,,,,,
30799,3,,,,,,,0.0,0.0,0.6927130619684855,0.06477988401528037,0.15757537881533304,0.0034811573331952335,0.025762056931853294,0.0033362638851204846,1.5276870727539062,0.031160364675755187,1.296875,0.06810779599282303,,,,,,
30849,3,,,,,,,0.0,0.0,0.7236947417259216,0.04456995542663034,0.15945831934611002,0.0072074263015510405,0.027373454843958218,0.005092567734632766,1.5060124397277832,0.008875189576686612,1.3020833333333333,0.07707629472369136,,,,,,
30899,3,,,,,,,0.0,0.0,0.6689193447430929,0.1222202579143903,0.14952201644579569,0.01459672891580166,0.02462856409450372,0.00884709392738973,1.5518454710642497,0.028205748976267354,1.2161458333333333,0.10549285989858903,,,,,,
30949,3,,,,,,,0.0,0.0,0.6333022713661194,0.043180229830025736,0.15123672783374786,0.0034013275688482263,0.022890410696466763,0.003954519054214634,1.522782802581787,0.015412552986089444,1.2578125,0.0078125,,,,,,
30999,3,,,,,,,0.0,0.0,0.6724438269933065,0.06127739226387437,0.15147805213928223,0.010836840248797925,0.0238783098757267,0.007724806334897861,1.5295052925745647,0.04120661346647186,1.2473958333333333,0.04009063624567878,,,,,,
31049,3,,,,,,,0.0,0.0,0.6423262357711792,0.04435189621209157,0.15472651521364847,0.007969043849280199,0.02278224006295204,0.004176716274607711,1.5245056947072346,0.009377251318796754,1.296875,0.04133986423538423,,,,,,
31099,3,,,,,,,0.0,0.0,0.6466354727745056,0.080867619832787,0.15246920784314474,0.007749706384246592,0.022534857193628948,0.004045903517989834,1.5351023276646931,0.027334684482977455,1.2734375,0.0900981452708656,,,,,,
31149,3,,,,,,,0.0,0.0,0.6691860953966776,0.015593160082577849,0.15321561694145203,0.011697305711103126,0.021460456773638725,0.0016948376983517382,1.5218699375788372,0.03601939278324109,1.2942708333333333,0.1284516922410263,,,,,,
31199,3,,,,,,,0.0,0.0,0.6744007666905721,0.030589654623399454,0.1526824782292048,0.004823655972750967,0.021880290160576504,0.00324581801650379,1.5242294470469158,0.008021288296850029,1.2838541666666667,0.07425300744470444,,,,,,
31249,3,,,,,,,0.0,0.0,0.6536004344622294,0.024635710425584097,0.1519377181927363,0.010959355124122815,0.024366029848655064,0.00443694410425886,1.5267000198364258,0.011246322831772817,1.2473958333333333,0.1097463932588827,,,,,,
31299,3,,,,,,,0.0,0.0,0.6309133569399515,0.06471438406285292,0.1488748093446096,0.007548321325600195,0.025835102424025536,0.005216825389239058,1.5129552682240803,0.02230526200191343,1.1979166666666667,0.04302789490067267,,,,,,
31349,3,,,,,,,0.0,0.0,0.7340266704559326,0.14479732076343863,0.1611160139242808,0.010144461121009186,0.027825528755784035,0.0035614139731593,1.5289182662963867,0.009660800143765438,1.3098958333333333,0.07259041596232475,,,,,,
31399,3,,,,,,,0.0,0.0,0.6260255773862203,0.009585189648188842,0.1513352245092392,0.011873342879313502,0.021548805758357048,0.0013904748320445373,1.5203090906143188,0.03391842915347485,1.2734375,0.12573028858930532,,,,,,
31449,3,,,,,,,0.0,0.0,0.6506293217341105,0.07256112508344804,0.15654055774211884,0.006872627564584719,0.022578601414958637,0.002111425664560615,1.547237753868103,0.015434834378845581,1.3151041666666667,0.06362912355661779,,,,,,
31499,3,,,,,,,0.0,0.0,0.7353947162628174,0.09814048820572678,0.15404023230075836,0.006971299467640548,0.029099350795149803,0.0025415040566109195,1.5403119723002117,0.006711854506577872,1.21875,0.0546875,,,,,,
31549,3,,,,,,,0.0,0.0,0.7014299631118774,0.04240902422360246,0.15327819188435873,0.007588718774120302,0.024899596348404884,0.0030966659300235098,1.5422865152359009,0.04019630319363508,1.2552083333333333,0.05758683434243745,,,,,,
31599,3,,,,,,,0.0,0.0,0.6529560883839926,0.11130733277463052,0.15441522498925528,0.00852910098459643,0.026303280144929886,0.0038640383012835586,1.5318981806437175,0.014840195385306936,1.2526041666666667,0.09547032697824667,,,,,,
31649,3,,,,,,,0.0,0.0,0.6797857085863749,0.039933786735426656,0.15573528409004211,0.01073403405076033,0.024096695085366566,0.006573398450102007,1.52648921807607,0.025063021717312152,1.2916666666666667,0.06825699178167269,,,,,,
31699,3,,,,,,,0.0,0.0,0.6395811835924784,0.07143102044828427,0.1556187222401301,0.005983048384145572,0.02816511131823063,0.0067374710164697866,1.5311683019002278,0.01797197519535421,1.2447916666666667,0.011933790872280834,,,,,,
31749,3,,,,,,,0.0,0.0,0.7014304598172506,0.13855562134106703,0.15325811008612314,0.01205035911920975,0.025183313215772312,0.006728503812671456,1.5281832615534465,0.022969728691541524,1.2526041666666667,0.10635717633678196,,,,,,
31799,3,,,,,,,0.0,0.0,0.6626132527987162,0.14907216190011774,0.15080095330874124,0.010606341708160038,0.023411595573027928,0.003497288390619624,1.5572952429453533,0.04583121355986,1.2421875,0.0859375,,,,,,
31849,3,,,,,,,0.0,0.0,0.7071277896563212,0.16152998500669222,0.15295548737049103,0.011455765483000587,0.027212377016743023,0.008744973155785032,1.5391546487808228,0.024730384355210168,1.2265625,0.04878904686248749,,,,,,
31899,3,,,,,,,0.0,0.0,0.6743319233258566,0.12047329325805542,0.1540474941333135,0.007400267193924663,0.024664129440983135,0.001149898391816991,1.5125548442204793,0.033390124357671594,1.2682291666666667,0.07259041596232475,,,,,,
31949,3,,,,,,,0.0,0.0,0.621780792872111,0.045682915232997334,0.14732685685157776,0.003971535208640802,0.019201624517639477,0.003195998100534911,1.5169506470362346,0.02844115879904943,1.2552083333333333,0.027436598314720676,,,,,,
31999,3,,,,,,,0.0,0.0,0.658994714419047,0.12154174854787039,0.14812768499056497,0.012176217788056701,0.02511231228709221,0.006821833205134636,1.5267976919809978,0.05515978779084111,1.1979166666666667,0.05863713671457137,,,,,,
32049,3,,,,,,,0.0,0.0,0.6346472303072611,0.02683982546467206,0.14886119961738586,0.0037531617625784523,0.02399316057562828,0.006189543269415353,1.5330279270807903,0.012530421542983353,1.2161458333333333,0.03853814736184568,,,,,,
32099,3,,,,,,,0.0,0.0,0.6230070193608602,0.07063585646977952,0.151382714509964,0.007675447653560703,0.019536993466317654,0.006361958299891022,1.5309257904688518,0.01660120530670084,1.2942708333333333,0.07045702738785772,,,,,,
32149,3,,,,,,,0.0,0.0,0.6754448016484579,0.09644150991615544,0.15602651238441467,0.019725679963871794,0.023156849667429924,0.006724686173366421,1.5193883975346882,0.01605525887783989,1.3072916666666667,0.15074953790006565,,,,,,
32199,3,,,,,,,0.0,0.0,0.6357634663581848,0.097494490770863,0.14484257499376932,0.011594350732475668,0.02200632356107235,0.0014711899679556543,1.525161623954773,0.01750735420694173,1.1953125,0.11267347735824966,,,,,,
32249,3,,,,,,,0.0,0.0,0.6397126714388529,0.04062470218447359,0.1531528284152349,0.01063602381078395,0.01903303371121486,0.004583426307593149,1.530469020207723,0.025245496675955232,1.3203125,0.0900981452708656,,,,,,
32299,3,,,,,,,0.0,0.0,0.599648634592692,0.08891870801779213,0.14905724922815958,0.006432943115749326,0.02262970432639122,0.004272006257191837,1.5424937009811401,0.006395606671268092,1.234375,0.07694420157653206,,,,,,
32349,3,,,,,,,0.0,0.0,0.6258159279823303,0.16815820254599362,0.14619907240072885,0.007512936518058043,0.020258227984110515,0.002568997188848977,1.5263757705688477,0.012583328402091603,1.2291666666666667,0.06644453553215142,,,,,,
32399,3,,,,,,,0.0,0.0,0.7076872984568278,0.12331857738815923,0.15752906103928885,0.013624159603540275,0.026097608109315235,0.009799959105340938,1.5383272568384807,0.05130053758861154,1.2890625,0.0625,,,,,,
32449,3,,,,,,,0.0,0.0,0.636939267317454,0.1066774002650192,0.15061743060747781,0.003368112178317394,0.021068230892221134,0.001014216922238331,1.5291385650634766,0.027273950179063478,1.2708333333333333,0.03157384284630766,,,,,,
32499,3,,,,,,,0.0,0.0,0.7107606132825216,0.06624966489883857,0.16096401711304983,0.00497504394710053,0.02850125605861346,0.00289784460668569,1.5275261402130127,0.035066043219761825,1.3020833333333333,0.027436598314720676,,,,,,
32549,3,,,,,,,0.0,0.0,0.6294215520222982,0.029062138251454935,0.14634216825167337,0.003015012767891966,0.019549221421281498,0.0021826910665201657,1.5139304002126057,0.013844961050791183,1.2395833333333333,0.01626301562082916,,,,,,
32599,3,,,,,,,0.0,0.0,0.6355206370353699,0.15601865164731324,0.14317523936430612,0.006623516331660931,0.021900275722146034,0.005194104417268507,1.5155168771743774,0.020976964287706276,1.1796875,0.04133986423538423,,,,,,
32649,3,,,,,,,0.0,0.0,0.7154240210851034,0.09506270556652002,0.1587955504655838,0.01880897445794526,0.026634611189365387,0.010311954225157564,1.5624486605326335,0.05165152604741658,1.2942708333333333,0.09547032697824667,,,,,,
32699,3,,,,,,,0.0,0.0,0.7072338461875916,0.08363713298313485,0.1515557567278544,0.006702944753568291,0.025705261155962944,0.001510469762334679,1.549892783164978,0.050107807861078046,1.2265625,0.0703125,,,,,,
32749,3,,,,,,,0.0,0.0,0.6811567942301432,0.1167312731960974,0.15173618495464325,0.01047184932038625,0.02246830922861894,0.0028067654850961773,1.5010064045588176,0.023798652098784893,1.2682291666666667,0.08781101718795503,,,,,,
32799,3,,,,,,,0.0,0.0,0.6518679062525431,0.04345605959930995,0.15000603099664053,0.007416929576394334,0.023586756860216457,0.001702135607562035,1.5416669845581055,0.028612705675893784,1.234375,0.071602745233685,,,,,,
32849,3,,,,,,,0.0,0.0,0.669860859711965,0.11496471077230215,0.14985195795694986,0.006562735855290802,0.02169720207651456,0.005154788080313723,1.5361792246500652,0.05248884184373692,1.2526041666666667,0.029577647634376425,,,,,,
32899,3,,,,,,,0.0,0.0,0.74144313732783,0.10972366046058653,0.1621798574924469,0.010579557885964111,0.02300604246556759,0.005141153015728293,1.5150375366210938,0.01356946865038827,1.3802083333333333,0.06825699178167269,,,,,,
32949,3,,,,,,,0.0,0.0,0.6754422386487325,0.04435118670981687,0.14915514985720316,0.001952026722280416,0.02424134189883868,0.0021654032335643404,1.5538808107376099,0.022756405374856396,1.2135416666666667,0.04302789490067267,,,,,,
32999,3,,,,,,,0.0,0.0,0.6296388705571493,0.10590965184277458,0.14705553650856018,0.009463619468696593,0.021541884789864223,0.0068101357980667986,1.5487610499064128,0.04845704192702991,1.2239583333333333,0.03853814736184568,,,,,,
33049,3,,,,,,,0.0,0.0,0.701666792233785,0.04491870303711654,0.15373282134532928,0.0014664836746935506,0.02670461560289065,0.005305586429897623,1.5374562740325928,0.04396365368819806,1.2395833333333333,0.04577707247720559,,,,,,
33099,3,,,,,,,0.0,0.0,0.6896490653355917,0.021537757978806214,0.15664913256963095,0.0023271768052310444,0.027394376695156097,0.0027207182557057825,1.5485222339630127,0.01517691491958683,1.2630208333333333,0.03252603124165832,,,,,,
33149,3,,,,,,,0.0,0.0,0.652600884437561,0.11162237773145307,0.14661178489526114,0.011401746488901632,0.024115591620405514,0.006172357125286152,1.5237081050872803,0.012882714328111227,1.1927083333333333,0.05863713671457137,,,,,,
33199,3,,,,,,,0.0,0.0,0.6619633038838705,0.09175107295796113,0.1493736356496811,0.00865465948696756,0.021622444192568462,0.0021751553907130303,1.528374155362447,0.058594084018172295,1.25,0.11796616305110547,,,,,,
33249,3,,,,,,,0.0,0.0,0.5978214542071024,0.023113997379172493,0.14862716694672903,0.010514786285589025,0.01902955894668897,0.0035372975563727226,1.5177029768625896,0.014674316766139632,1.2708333333333333,0.09122020775071352,,,,,,
33299,3,,,,,,,0.0,0.0,0.7410589456558228,0.02716038281029464,0.15579543014367422,0.007824395051101345,0.025520314772923786,0.003203650345723477,1.504073937733968,0.03358752381319765,1.28125,0.06394806853025352,,,,,,
33349,3,,,,,,,0.0,0.0,0.6979377468427023,0.14106226263268445,0.1492297202348709,0.004143094205829927,0.024381473039587338,0.0051258678495954045,1.531049092610677,0.01700154253250281,1.2161458333333333,0.011933790872280834,,,,,,
33399,3,,,,,,,0.0,0.0,0.6642738580703735,0.043871752989210124,0.14743384222189584,0.0038982782410342423,0.022811914483706158,0.0014770281703891466,1.5246927738189697,0.036208096512563584,1.2161458333333333,0.039322054350368486,,,,,,
33449,3,,,,,,,0.0,0.0,0.8785158594449362,0.15950021531262476,0.16896634797255197,0.02245444854172526,0.030693262815475464,0.01162097918070773,1.5226209958394368,0.046561230028942094,1.3697916666666667,0.17422634045497637,,,,,,
33499,3,,,,,,,0.0,0.0,0.6848474939664205,0.1598622937434675,0.1477868209282557,0.010331786111474495,0.023783450946211815,0.0023733168253502177,1.511664867401123,0.030954779874618837,1.2109375,0.12178482240718669,,,,,,
33549,3,,,,,,,0.0,0.0,0.6630109945933024,0.10855833739594993,0.14963688949743906,0.009872612176360486,0.020223598927259445,0.00034846464320813285,1.5318241914113362,0.04671993679177976,1.2682291666666667,0.11384110934580413,,,,,,
33599,3,,,,,,,0.0,0.0,0.6767873764038086,0.03730087612987084,0.14990700284639993,0.004882943632125968,0.02369516467054685,0.0030939639269392423,1.5371997753779094,0.0172625403908546,1.2317708333333333,0.023867581744561668,,,,,,
33649,3,,,,,,,0.0,0.0,0.7112141450246176,0.06427976511774802,0.15685596068700156,0.008040045395064435,0.026086293781797092,0.002170644469884142,1.5209776560465496,0.04322062072215395,1.2838541666666667,0.06362912355661779,,,,,,
33699,3,,,,,,,0.0,0.0,0.6837882200876871,0.06543941947077601,0.15754848718643188,0.003316956274779644,0.025265859439969063,0.003906185194507696,1.525788426399231,0.01931166907117918,1.2994791666666667,0.05758683434243745,,,,,,
33749,3,,,,,,,0.0,0.0,0.7439514597256979,0.12976944199474713,0.15531388421853384,0.007244494627420688,0.023145302509268124,0.0017068371068509071,1.5306599537531536,0.024590532572175045,1.2994791666666667,0.08605578980134534,,,,,,
33799,3,,,,,,,0.0,0.0,0.7198054989178976,0.05129022726183447,0.16026471058527628,0.016738641664134336,0.02680595653752486,0.008445492456871552,1.5294691324234009,0.03782472434884426,1.3125,0.0900981452708656,,,,,,
33849,3,,,,,,,0.0,0.0,0.6906775236129761,0.16180511415664067,0.15170031785964966,0.014646823104805322,0.01920594833791256,0.004124943954503545,1.54696257909139,0.008649103096684718,1.3020833333333333,0.19173812639791632,,,,,,
33899,3,,,,,,,0.0,0.0,0.7994196017583212,0.11693162857471749,0.16514480113983154,0.011577153628443505,0.03563964863618215,0.007116710100519131,1.5084585348765056,0.009957867085387992,1.2708333333333333,0.05863713671457137,,,,,,
33949,3,,,,,,,0.0,0.0,0.6589526931444804,0.1296137465517598,0.15222717821598053,0.012512537877791954,0.019703174009919167,0.0021472854120629936,1.5336506366729736,0.015560476016014626,1.3020833333333333,0.11384110934580413,,,,,,
33999,3,,,,,,,0.0,0.0,0.6888829867045084,0.11320141963553283,0.14628592133522034,0.00414755268056792,0.022422215590874355,0.00480171686423486,1.5465268691380818,0.01151516042118496,1.2057291666666667,0.009021097956087902,,,,,,
34049,3,,,,,,,0.0,0.0,0.733328620592753,0.1344015141586504,0.1598811944325765,0.019192128455466775,0.028198113044102985,0.00973750991246819,1.547214150428772,0.017199056711913106,1.2916666666666667,0.11753420933746624,,,,,,
34099,3,,,,,,,0.0,0.0,0.608498195807139,0.04739326138000149,0.1441096067428589,0.004727812603868291,0.017703533172607422,0.0025346252599066682,1.54034690062205,0.02595973172278424,1.234375,0.028168369339562415,,,,,,
34149,3,,,,,,,0.0,0.0,0.7289636929829916,0.14092440874260478,0.15131508807341257,0.009729637097727348,0.02516644075512886,0.009902338148892985,1.5146041711171467,0.01529745116182387,1.234375,0.06765823467065928,,,,,,
34199,3,,,,,,,0.0,0.0,0.6237866878509521,0.0591268553809765,0.1481413592894872,0.006946795470276999,0.02258113647500674,0.005681580286359699,1.5371417999267578,0.028206472234107736,1.2239583333333333,0.019661027175184243,,,,,,
34249,3,,,,,,,0.0,0.0,0.6293198863665262,0.06398855025634863,0.14894740283489227,0.005740924877322955,0.019255509600043297,0.003539519731212364,1.5271323919296265,0.023318141855290263,1.2708333333333333,0.02255274489021976,,,,,,
34299,3,,,,,,,0.0,0.0,0.6503185431162516,0.16240692639059595,0.15415753424167633,0.017734058820064364,0.022397019589940708,0.00837740388407381,1.5061290264129639,0.01483247427118787,1.296875,0.11348311754948398,,,,,,
34349,3,,,,,,,0.0,0.0,0.6443337003389994,0.0763562182015028,0.14502100149790445,0.0039778956418700185,0.021505342175563175,0.0027820403203651593,1.527998646100362,0.06171748490361688,1.203125,0.04349815908460954,,,,,,
34399,3,,,,,,,0.0,0.0,0.6494314074516296,0.08014602313142785,0.15311587353547415,0.009067733951335396,0.02262807327012221,0.009146861710935384,1.5253426631291707,0.007005699981299452,1.28125,0.020669932117692115,,,,,,
34449,3,,,,,,,0.0,0.0,0.6929828325907389,0.24840395452232567,0.1542376826206843,0.023174971604316922,0.025085147470235825,0.0076838849993681015,1.5220245917638142,0.049535180031955665,1.265625,0.1769492445766582,,,,,,
34499,3,,,,,,,0.0,0.0,0.6037774284680685,0.040780191919384985,0.14861786862214407,0.012481581559211771,0.02188726452489694,0.00553650202260026,1.5402483542760212,0.007283943038663327,1.2369791666666667,0.12939852342505045,,,,,,
34549,3,,,,,,,0.0,0.0,0.670877993106842,0.1297043616045654,0.15321673452854156,0.012975122194339122,0.02214574906975031,0.005704171549861036,1.5511088768641155,0.003945840219576049,1.2864583333333333,0.11856825456075219,,,,,,
34599,3,,,,,,,0.0,0.0,0.6634950041770935,0.021208725955640245,0.14842701951662698,0.0033551111998710195,0.02189634119470914,0.0003664643281996867,1.536531686782837,0.02187758690580872,1.234375,0.0358013726168425,,,,,,
34649,3,,,,,,,0.0,0.0,0.6682646075884501,0.0367065247641579,0.1585725595553716,0.00822318013266858,0.025540257493654888,0.005769802518586538,1.5356522003809612,0.03788485103410046,1.3072916666666667,0.05758683434243745,,,,,,
34699,3,,,,,,,0.0,0.0,0.7002990245819092,0.021635702189503437,0.14870433509349823,0.0012979569924642378,0.022054665411512058,0.00202528835939769,1.5484302043914795,0.025326791011203498,1.234375,0.020669932117692115,,,,,,
34749,3,,,,,,,0.0,0.0,0.6985962589581808,0.11731561039054225,0.15604458252588907,0.010974589745580802,0.022610263898968697,0.003284644774069075,1.510749340057373,0.005536216115824284,1.3151041666666667,0.08605578980134534,,,,,,
34799,3,,,,,,,0.0,0.0,0.8340668678283691,0.10401049819777401,0.16899138689041138,0.015268112817664435,0.033201913038889565,0.010511044792001644,1.5509525537490845,0.02237428260658866,1.3359375,0.1355418091632615,,,,,,
34849,3,,,,,,,0.0,0.0,0.6951680978139242,0.07135727402111185,0.15291210015614828,0.004589401823818806,0.022574738288919132,0.00313105301800308,1.526575009028117,0.007857550323695969,1.2786458333333333,0.019661027175184243,,,,,,
34899,3,,,,,,,0.0,0.0,0.7325223485628763,0.05197792900273491,0.152234156926473,0.011641149758889113,0.027571055417259533,0.010386964206191732,1.528810183207194,0.03578991636638754,1.2161458333333333,0.029577647634376425,,,,,,
34949,3,,,,,,,0.0,0.0,0.8142088254292806,0.06220214455947213,0.16583598653475443,0.011878421660305788,0.0272931270301342,0.005155841863686145,1.5495985349019368,0.015345966968578605,1.3645833333333333,0.08781101718795503,,,,,,
34999,3,,,,,,,0.0,0.0,0.7124499281247457,0.12459373236240313,0.1475262443224589,0.008552892603468854,0.02327656125028928,0.00176890211808601,1.5525729656219482,0.02706139039712318,1.2083333333333333,0.1016626109163705,,,,,,
35049,3,,,,,,,0.0,0.0,0.6751863360404968,0.04915253891071379,0.1494064579407374,0.00850325963513792,0.024237270777424175,0.005983669612420994,1.5305909315745037,0.015777003672296258,1.2213541666666667,0.03157384284630766,,,,,,
35099,3,,,,,,,0.0,0.0,0.5402002135912577,0.0710645201892402,0.13835848371187845,0.005300327142139624,0.01724105669806401,0.0036862783883732384,1.532315731048584,0.025966957219459744,1.1770833333333333,0.04577707247720559,,,,,,
35149,3,,,,,,,0.0,0.0,0.7357819676399231,0.15526573601793395,0.1549167881409327,0.015668196778570204,0.027055036276578903,0.007616250372961941,1.5394303798675537,0.030842441105816798,1.25,0.0900981452708656,,,,,,
35199,3,,,,,,,0.0,0.0,0.6896622180938721,0.11795126354548406,0.1493628869454066,0.014400108915541424,0.022974792247017223,0.004550576677534898,1.554825226465861,0.03504678136349044,1.2317708333333333,0.15631509060894708,,,,,,
35249,3,,,,,,,0.0,0.0,0.7014013131459554,0.08088048343497634,0.14855066438515982,0.006247521079132924,0.0234051247437795,0.0026533194002945184,1.5282257397969563,0.027978799295929134,1.2213541666666667,0.04302789490067267,,,,,,
35299,3,,,,,,,0.0,0.0,0.7354707519213358,0.06275826577030821,0.16501789291699728,0.010065379205566577,0.027134891599416733,0.004156106783363585,1.5324410200119019,0.01098432606923425,1.3619791666666667,0.09385844422364635,,,,,,
35349,3,,,,,,,0.0,0.0,0.7566373149553934,0.2877344261276589,0.15761529902617136,0.007697371236038251,0.02656637318432331,0.002425102145073295,1.5489033063252766,0.04707318991410494,1.2838541666666667,0.0708888416084177,,,,,,
35399,3,,,,,,,0.0,0.0,0.7026836474736532,0.10382536964213364,0.15313410262266794,0.008778127353157224,0.022674832493066788,0.005672348008685336,1.5387660662333171,0.03505453380468494,1.2786458333333333,0.06314768569261532,,,,,,
35449,3,,,,,,,0.0,0.0,0.7237492799758911,0.1392034292405719,0.1578976809978485,0.013668788679821067,0.02893427883585294,0.015398097565960205,1.503111441930135,0.01922261151211231,1.265625,0.04752158226795484,,,,,,
35499,3,,,,,,,0.0,0.0,0.6319467822710673,0.07493028405736342,0.1428975909948349,0.0038285338051394836,0.0202820027867953,0.0007254199869066545,1.5519233147303264,0.01701175861936235,1.1901041666666667,0.047091513854232096,,,,,,
35549,3,,,,,,,0.0,0.0,0.6744827826817831,0.10478519751426818,0.14512844880421957,0.0072623314199413876,0.0224918940414985,0.004376226921087782,1.5540196498235066,0.018191375398945494,1.1901041666666667,0.05487319662944135,,,,,,
35599,3,,,,,,,0.0,0.0,0.6019110480944315,0.04162626929335931,0.1451081782579422,0.0037695957034511187,0.019320955500006676,0.0014737406245004872,1.5598414341608684,0.06174678892663929,1.2239583333333333,0.05966895436140417,,,,,,
35649,3,,,,,,,0.0,0.0,0.8045943379402161,0.08197024190803243,0.1662245492140452,0.011929530208399642,0.028771786640087765,0.00968196946918349,1.5219687620798747,0.004540929673210593,1.3567708333333333,0.027436598314720676,,,,,,
35699,3,,,,,,,0.0,0.0,0.6942309737205505,0.0730507026402341,0.1544165313243866,0.010592479825050159,0.024731415634353954,0.00470626725188026,1.5101784467697144,0.021398149211602577,1.2734375,0.06810779599282303,,,,,,
35749,3,,,,,,,0.0,0.0,0.6141227086385092,0.05434998266980601,0.14591336250305176,0.0025989154122066215,0.022466587523619335,0.001051060532887895,1.5211095015207927,0.014137108025447634,1.203125,0.028168369339562415,,,,,,
35799,3,,,,,,,0.0,0.0,0.6494251092274984,0.05688501508782126,0.15093664824962616,0.012399562346949033,0.02053092171748479,0.004069104043754297,1.5334108273188274,0.029110083452223975,1.2786458333333333,0.13288907106430284,,,,,,
35849,3,,,,,,,0.0,0.0,0.6868417461713155,0.11690562176835052,0.15072193245093027,0.00802273006453337,0.02221458839873473,0.005806670599310565,1.5063329537709553,0.01586802888480729,1.2604166666666667,0.06644453553215142,,,,,,
35899,3,,,,,,,0.0,0.0,0.6683755318323771,0.07423660478850941,0.15038805703322092,0.003645793078556736,0.022606392080585163,0.0034336004808542104,1.5314223766326904,0.02074602412118846,1.25,0.03125,,,,,,
35949,3,,,,,,,0.0,0.0,0.7300237814585367,0.10185644182852051,0.15767103930314383,0.008477998237828268,0.026628568768501282,0.004044370330128662,1.5157054662704468,0.017358049191770683,1.2864583333333333,0.05915529526875285,,,,,,
35999,3,,,,,,,0.0,0.0,0.6466688712437948,0.012572110032748919,0.15233194828033447,0.007889168448510309,0.02529752254486084,0.002153048982433962,1.5218017896016438,0.019610781980876263,1.2421875,0.062009796353076345,,,,,,
36049,3,,,,,,,0.0,0.0,0.6362678209940592,0.09677048959909505,0.14926076928774515,0.011158931517582193,0.023769595970710117,0.0037147242371594266,1.5465132395426433,0.018924851690252285,1.2239583333333333,0.10196235390860361,,,,,,
36099,3,,,,,,,0.0,0.0,0.7683769663174947,0.133684798016935,0.15655770897865295,0.009043217229826527,0.02756690668563048,0.0045318737886448045,1.522127389907837,0.010655772637053761,1.2630208333333333,0.05651701670367371,,,,,,
36149,3,,,,,,,0.0,0.0,0.75533660252889,0.008395616526761318,0.15799516439437866,0.007470666147689991,0.02606075443327427,0.004152587084375639,1.5397950013478596,0.009861617339975717,1.2942708333333333,0.039322054350368486,,,,,,
36199,3,,,,,,,0.0,0.0,0.7179593642552694,0.047233745790405,0.1627086599667867,0.007579476119387498,0.025889812658230465,0.005375342784879871,1.523681362469991,0.01331660306553439,1.3515625,0.04349815908460954,,,,,,
36249,3,,,,,,,0.0,0.0,0.8190484642982483,0.2532184188623685,0.1574837565422058,0.014161779530035813,0.033414325366417565,0.01848579691874834,1.5508240858713787,0.023633410033884517,1.2057291666666667,0.15415258944738272,,,,,,
36299,3,,,,,,,0.0,0.0,0.6823088328043619,0.10616218854369085,0.15024524430433908,0.014119446146732238,0.024753225967288017,0.006315786768222608,1.5465980768203735,0.023809803186279774,1.2239583333333333,0.08605578980134534,,,,,,
36349,3,,,,,,,0.0,0.0,0.6468121409416199,0.03213400779334516,0.14848352471987405,0.01062928469347777,0.02090788135925929,0.0010530310825898474,1.5433716773986816,0.00681783324258173,1.2473958333333333,0.10664372515335037,,,,,,
36399,3,,,,,,,0.0,0.0,0.6552577018737793,0.05763871700480727,0.15895942350228628,0.008992690450369928,0.022563206652800243,0.006347223729873762,1.5302464564641316,0.04860374268250678,1.3463541666666667,0.0964245238623626,,,,,,
36449,3,,,,,,,0.0,0.0,0.6998606522878011,0.08789808033344226,0.14897421499093375,0.013312001750647484,0.021569337074955303,0.004807668666900369,1.5262953440348308,0.014939616144283163,1.2447916666666667,0.09418302770846419,,,,,,
36499,3,,,,,,,0.0,0.0,0.7141369382540385,0.12468865859523294,0.14743180572986603,0.0076132570310216054,0.02210104465484619,0.0027935514086940634,1.546748121579488,0.01826951332888027,1.21875,0.06394806853025352,,,,,,
36549,3,,,,,,,0.0,0.0,0.7819629907608032,0.10414457140644595,0.15859626233577728,0.008249035589984955,0.02910892354945342,0.007552431191090047,1.522952397664388,0.01079467388038007,1.2682291666666667,0.06644453553215142,,,,,,
36599,3,,,,,,,0.0,0.0,0.6772787968317667,0.045002217296268986,0.15503272910912833,0.005234427453850866,0.02065219481786092,0.0032576287832441347,1.523991068204244,0.03943848111810624,1.3255208333333333,0.10075803188621409,,,,,,
36649,3,,,,,,,0.0,0.0,0.6134921709696451,0.05985947418630797,0.14634044965108237,0.00861776989831215,0.021612330650289852,0.005771410140721038,1.5515878200531006,0.015500808017451323,1.2135416666666667,0.06068323019651585,,,,,,
36699,3,,,,,,,0.0,0.0,0.8768383860588074,0.07126846858730501,0.16030723849932352,0.012321148729542908,0.03153573473294576,0.008956069772653332,1.5327495336532593,0.008201945890640642,1.2604166666666667,0.0708888416084177,,,,,,
36749,3,,,,,,,0.0,0.0,0.7193503379821777,0.05498746451732821,0.15076731642087302,0.0038110828076002084,0.02161929818491141,0.0042509776777304225,1.537848432858785,0.02035998319121261,1.265625,0.015625,,,,,,
36799,3,,,,,,,0.0,0.0,0.6461126208305359,0.10900420714800918,0.14728058377901712,0.00646268857325157,0.022656245157122612,0.0026416382209408294,1.5412094990412395,0.05236535477421806,1.2135416666666667,0.050227347713504976,,,,,,
36849,3,,,,,,,0.0,0.0,0.6681685845057169,0.028241965565706118,0.14852934082349142,0.0025840463728263167,0.01992132607847452,0.005164080606596226,1.5489529768625896,0.029235378266074245,1.2578125,0.06943901888527804,,,,,,
36899,3,,,,,,,0.0,0.0,0.7178154587745667,0.15314917185881358,0.16281009217103323,0.01039982158225551,0.024172943085432053,0.0037339688396405284,1.5264755487442017,0.0031614298486960907,1.3697916666666667,0.09054863880580058,,,,,,
36949,3,,,,,,,0.0,0.0,0.6975539922714233,0.08311454140803547,0.15902528166770935,0.006036731164519432,0.022452159474293392,0.004130334383988583,1.531661033630371,0.02795510328873714,1.3463541666666667,0.09953913986258538,,,,,,
36999,3,,,,,,,0.0,0.0,0.7070698539415995,0.1250220307606783,0.15628690520922342,0.022604744422655112,0.02404815548410018,0.008761223672887225,1.5376777251561482,0.04180072821383764,1.2994791666666667,0.1595995150629642,,,,,,
37049,3,,,,,,,0.0,0.0,0.6612202127774557,0.014537466432475549,0.1490178406238556,0.004416380117519253,0.020327017952998478,0.00154857493538615,1.5409574508666992,0.005749152090242052,1.2578125,0.03125,,,,,,
37099,3,,,,,,,0.0,0.0,0.6766865054766337,0.19261308714045247,0.15037068724632263,0.018317598034707717,0.020561644186576206,0.007255953117830426,1.522571047147115,0.016576008378409685,1.2708333333333333,0.12360879464901894,,,,,,
37149,3,,,,,,,0.0,0.0,0.6741104324658712,0.13145993109630175,0.14632080992062887,0.008207121525467162,0.02125052052239577,0.003895724067502972,1.5369771321614583,0.004910629242698651,1.21875,0.06943901888527804,,,,,,
37199,3,,,,,,,0.0,0.0,0.5927724242210388,0.06699532549042043,0.14023309449354807,0.00845067404129462,0.01881810650229454,0.0018626186121348508,1.5457956393559773,0.022130379262780504,1.1770833333333333,0.07903120263277874,,,,,,
37249,3,,,,,,,0.0,0.0,0.6593936681747437,0.13154790846249423,0.14795862138271332,0.010503429276052197,0.023111713429292042,0.00467722365580333,1.5146389404932659,0.014302999040160549,1.2213541666666667,0.10075803188621409,,,,,,
37299,3,,,,,,,0.0,0.0,0.7998232841491699,0.20409053069020427,0.16324399908383688,0.010254277962856544,0.03065324015915394,0.007806784536917668,1.507774551709493,0.008912809909495497,1.3046875,0.028168369339562415,,,,,,
37349,3,,,,,,,0.0,0.0,0.7068268060684204,0.13625300699553147,0.16272609929243723,0.012740995199269859,0.028233636170625687,0.008891280148718936,1.5514598687489827,0.024591092576350015,1.3229166666666667,0.05863713671457137,,,,,,
37399,3,,,,,,,0.0,0.0,0.6441944042841593,0.08259023726828028,0.14399448533852896,0.006883438250087379,0.021835587297876675,0.002992960029725991,1.5062545935312908,0.006538525632405451,1.1901041666666667,0.09155414495441118,,,,,,
37449,3,,,,,,,0.0,0.0,0.6753620902697245,0.08722356569772902,0.1522660752137502,0.00617446679755755,0.02305276443560918,0.0043693267061600425,1.5118262767791748,0.024930360455392053,1.2682291666666667,0.02255274489021976,,,,,,
37499,3,,,,,,,0.0,0.0,0.7577043771743774,0.11919231318400425,0.1519379218419393,0.0018489835705884652,0.027433495968580246,0.007057229921180412,1.5292179187138875,0.019957731390047122,1.2135416666666667,0.0758791785642368,,,,,,
37549,3,,,,,,,0.0,0.0,0.7060034076372782,0.017303088208498463,0.1477127969264984,0.003109396253204743,0.02455613637963931,0.006551586242915507,1.5572026173273723,0.03647879148091935,1.1953125,0.04133986423538423,,,,,,
37599,3,,,,,,,0.0,0.0,0.6577517986297607,0.07440803455738108,0.15001854797204336,0.004143422141533153,0.02147448683778445,0.006508320074224964,1.526281476020813,0.0021382265944249815,1.2578125,0.0358013726168425,,,,,,
37649,3,,,,,,,0.0,0.0,0.615200400352478,0.05525730299140476,0.14296949406464896,0.005194702831682013,0.021884398224453133,0.0065117406265230845,1.529082457224528,0.03608892235813812,1.1744791666666667,0.011933790872280834,,,,,,
37699,3,,,,,,,0.0,0.0,0.7200517257054647,0.062415632871029615,0.14707848926385245,0.007594451331630875,0.023873087639609974,0.0017111907407177265,1.5295247236887615,0.01653014232559291,1.1979166666666667,0.10196235390860361,,,,,,
37749,3,,,,,,,0.0,0.0,0.7576578259468079,0.09011598133976886,0.16022167603174844,0.004247315993453894,0.029644489288330078,0.004751420459623454,1.5505568583806355,0.006036526226671808,1.2786458333333333,0.07507049638228945,,,,,,
37799,3,,,,,,,0.0,0.0,0.7518078883488973,0.14607112764721264,0.15535744527975717,0.008624538491336216,0.022197143485148747,0.00557913581097245,1.5321763356526692,0.02400682326339034,1.3098958333333333,0.05863713671457137,,,,,,
37849,3,,,,,,,0.0,0.0,0.6921243468920389,0.08737618157803227,0.14957029620806375,0.00866312968306039,0.023624750475088756,0.0032792317288066397,1.5105700095494587,0.012493750147907783,1.2317708333333333,0.06735686018946647,,,,,,
37899,3,,,,,,,0.0,0.0,0.6759141087532043,0.09184779398169009,0.15258054931958517,0.01316049047285142,0.02346705583234628,0.005536275502941318,1.5343960523605347,0.02390730885907823,1.265625,0.0859375,,,,,,
37949,3,,,,,,,0.0,0.0,0.598511258761088,0.11627396777839816,0.14484058817227682,0.009557280973713972,0.022741278633475304,0.009133478655742622,1.5328474044799805,0.016249960498841767,1.1875,0.0078125,,,,,,
37999,3,,,,,,,0.0,0.0,0.734798789024353,0.2126199495876564,0.1549687683582306,0.018451892439076013,0.02665651465455691,0.0028875647122159546,1.535651961962382,0.025792417774342317,1.2552083333333333,0.1721115796026907,,,,,,
38049,3,,,,,,,0.0,0.0,0.7561232050259908,0.21580598381798594,0.15851499636967978,0.013788654855685114,0.028928111617763836,0.011825610337559522,1.5329074064890544,0.01354338498726199,1.2682291666666667,0.04302789490067267,,,,,,
38099,3,,,,,,,0.0,0.0,0.6494414409001669,0.08735981642856265,0.14849364260832468,0.011707674430071808,0.019928245494763058,0.002052158755726675,1.5284148057301838,0.007515026595839198,1.2578125,0.1484375,,,,,,
38149,3,,,,,,,0.0,0.0,0.745220422744751,0.10812958074842968,0.15120474994182587,0.008199422183384061,0.02374982461333275,0.004289182585719358,1.547576109568278,0.02213284495285547,1.2447916666666667,0.05083130545818525,,,,,,
38199,3,,,,,,,0.0,0.0,0.6957481900850931,0.10287951869011261,0.15095960597197214,0.01294415241937565,0.022514934961994488,0.0046848222212131,1.532618761062622,0.013658517872531906,1.2578125,0.11561444208553705,,,,,,
38249,3,,,,,,,0.0,0.0,0.6316765348116556,0.06971279582494562,0.1479386885960897,0.0107396098012386,0.021424283583958943,0.001885722888444122,1.5349043210347493,0.020571392154483063,1.2369791666666667,0.11057746742480284,,,,,,
38299,3,,,,,,,0.0,0.0,0.7405809561411539,0.25801945482649524,0.1530291736125946,0.024398926244149233,0.029599798532823723,0.014235237115721371,1.535645882288615,0.014094170674725636,1.2005208333333333,0.11959335940838578,,,,,,
38349,3,,,,,,,0.0,0.0,0.7654828826586405,0.09652963425236367,0.15602125227451324,0.005065455164599413,0.028943287829558056,0.003422936435484405,1.5261563460032146,0.0199925713773082,1.2421875,0.015625,,,,,,
38399,3,,,,,,,0.0,0.0,0.6665565371513367,0.08061487246321612,0.149154062072436,0.0004931433646836879,0.022862489024798077,0.0007908923965854809,1.5614491701126099,0.028485900372253754,1.2291666666666667,0.011933790872280834,,,,,,
38449,3,,,,,,,0.0,0.0,0.8078325390815735,0.22794033602588398,0.15811008711655936,0.018298770672159362,0.030276286726196606,0.010238934372765941,1.5691877206166585,0.025953900587626727,1.2473958333333333,0.09254872731206698,,,,,,
38499,3,,,,,,,0.0,0.0,0.732965350151062,0.17023864483871476,0.15279328326384226,0.008005894029035251,0.022761663421988487,0.00326747121207928,1.5611048936843872,0.01170174750129217,1.2708333333333333,0.07667933262674717,,,,,,
38549,3,,,,,,,0.0,0.0,0.7087774276733398,0.060271121519391783,0.15733177959918976,0.0084281524227441,0.02418814164896806,0.0024293378816965046,1.5305089155832927,0.031094091854276116,1.3098958333333333,0.07045702738785772,,,,,,
38599,3,,,,,,,0.0,0.0,0.647749662399292,0.058414736101704355,0.14918337762355804,0.0026805138766324665,0.019832948222756386,0.005026479552543936,1.5255378882090251,0.004569452498001759,1.2682291666666667,0.07507049638228945,,,,,,
38649,3,,,,,,,0.0,0.0,0.6597368915875753,0.07627214091036319,0.14812462528546652,0.00967156287094229,0.023053960253794987,0.005798770489363357,1.5370140075683594,0.02220036598297714,1.21875,0.0390625,,,,,,
38699,3,,,,,,,0.0,0.0,0.7465977072715759,0.14262374588072144,0.15609951814015707,0.011932558287134175,0.024026139018436272,0.008049324558573176,1.5536917845408122,0.0158348383916704,1.2942708333333333,0.06735686018946647,,,,,,
38749,3,,,,,,,0.0,0.0,0.6474242607752482,0.05433273177586142,0.15037543574968973,0.008165443308171028,0.02032664107779662,0.006010634047823974,1.5465459823608398,0.012574068941933967,1.2734375,0.020669932117692115,,,,,,
38799,3,,,,,,,0.0,0.0,0.6637911399205526,0.0934075774171958,0.1527507652839025,0.012359146040985402,0.02361318717400233,0.005805928880636107,1.5368051131566365,0.02079586770744169,1.2630208333333333,0.07002255031119142,,,,,,
38849,3,,,,,,,0.0,0.0,0.7143630981445312,0.11298739477201294,0.15013183653354645,0.010777594347108108,0.02470606379210949,0.0071242301662584745,1.5562493801116943,0.018980048210877593,1.21875,0.06394806853025352,,,,,,
38899,3,,,,,,,0.0,0.0,0.6931871771812439,0.09359418197711326,0.1540788213411967,0.015225939286224028,0.024512058744827907,0.008362917301650808,1.5471707185109456,0.0149734055393149,1.2682291666666667,0.08353653610596583,,,,,,
38949,3,,,,,,,0.0,0.0,0.626259962717692,0.05472134538253274,0.1517306168874105,0.0014813509691070325,0.019998427480459213,0.0013526727965191658,1.5358492930730183,0.0321351943934565,1.2916666666666667,0.004510548978043951,,,,,,
38999,3,,,,,,,0.0,0.0,0.7101220091183981,0.10846888262591974,0.15418711304664612,0.005740911927908295,0.02292701167364915,0.005272783441657551,1.5049165884653728,0.03201796660430526,1.2916666666666667,0.009021097956087902,,,,,,
39049,3,,,,,,,0.0,0.0,0.6855624318122864,0.0927004517716684,0.15774943431218466,0.016074542658711714,0.024377606188257534,0.0010661215454865094,1.5370525519053142,0.036365444150322015,1.3098958333333333,0.18244041550142703,,,,,,
39099,3,,,,,,,0.0,0.0,0.6898719668388367,0.13000066008229,0.1547587364912033,0.01791413487127714,0.02438340460260709,0.0056200877488080956,1.5303715864817302,0.007233292666727691,1.2786458333333333,0.14199276958557902,,,,,,
39149,3,,,,,,,0.0,0.0,0.7563353776931763,0.07687830438842656,0.15460138519605002,0.00897884075700873,0.0263444675753514,0.004217787037917811,1.5463948647181194,0.010469486193538734,1.2526041666666667,0.07259041596232475,,,,,,
39199,3,,,,,,,0.0,0.0,0.632229725519816,0.11068158978038702,0.14766500890254974,0.014303819125030072,0.020397324425478775,0.004919060895475958,1.5288514296213787,0.02906397633165006,1.2447916666666667,0.10834710449330584,,,,,,
39249,3,,,,,,,0.0,0.0,0.7852067351341248,0.14732783713175218,0.1579690227905909,0.012366752362107944,0.030093799034754436,0.010598575715201793,1.5407767295837402,0.02104515138116694,1.25,0.129083684702018,,,,,,
39299,3,,,,,,,0.0,0.0,0.6344171563784281,0.07861601499229015,0.14794422686100006,0.0030096015724609356,0.020341169089078903,0.0028186510665953483,1.5298370122909546,0.018237649555528902,1.2473958333333333,0.01626301562082916,,,,,,
39349,3,,,,,,,0.0,0.0,0.7141961057980856,0.08384940507194066,0.15886782109737396,0.008666980399979497,0.02759126511712869,0.006004397256262165,1.5228376388549805,0.028996268303708096,1.2890625,0.04752158226795484,,,,,,
39399,3,,,,,,,0.0,0.0,0.7169884840647379,0.1519834877124697,0.15041720867156982,0.002577766592222562,0.02419997627536456,0.004984957307702322,1.5214634736378987,0.01754382482466426,1.2317708333333333,0.027436598314720676,,,,,,
39449,3,,,,,,,0.0,0.0,0.6729462345441183,0.03888267532329881,0.14461517333984375,0.0020459563729939277,0.022665463387966156,0.005748416276294422,1.5667158762613933,0.02715944941334164,1.1796875,0.05633673867912483,,,,,,
39499,3,,,,,,,0.0,0.0,0.7523393630981445,0.13072654896328373,0.16204838951428732,0.0049903090774935325,0.02416537453730901,0.004367064794908206,1.4998901685078938,0.0049045269512086095,1.3671875,0.013531646934131853,,,,,,
39549,3,,,,,,,0.0,0.0,0.6172709067662557,0.11087875247427102,0.1434451937675476,0.009231506403748395,0.020600195974111557,0.00268132170364073,1.5260361433029175,0.027628118580276917,1.1953125,0.10216169398923454,,,,,,
39599,3,,,,,,,0.0,0.0,0.6968489686648051,0.09957803657698912,0.14695334931214651,0.008857404814156799,0.024614765619238217,0.006361584168377513,1.52422300974528,0.0023151788451934345,1.1901041666666667,0.09320588629256918,,,,,,
39649,3,,,,,,,0.0,0.0,0.6145573457082113,0.024099499624789324,0.1446746587753296,0.0018947346863484168,0.019155155246456463,0.0012051956536118695,1.5330703655878704,0.013805160287434833,1.2239583333333333,0.03608439182435161,,,,,,
39699,3,,,,,,,0.0,0.0,0.732537309328715,0.05624534805506074,0.15779873232046762,0.010175934794632841,0.02583087608218193,0.009478820067236368,1.526863694190979,0.030805925731559585,1.296875,0.027063293868263706,,,,,,
39749,3,,,,,,,0.0,0.0,0.760687251885732,0.059087858418350764,0.164636492729187,0.003542578975159431,0.030912308022379875,0.0014975118390695781,1.5397366285324097,0.043868154675170884,1.3151041666666667,0.029577647634376425,,,,,,
39799,3,,,,,,,0.0,0.0,0.6540895303090414,0.15512758546813857,0.14903260270754495,0.011751169076044008,0.02177915784219901,0.007255980037123884,1.5274277130762737,0.019455847900274204,1.2447916666666667,0.06505206248331664,,,,,,
39849,3,,,,,,,0.0,0.0,0.8077073295911154,0.18961855301180106,0.1603089819351832,0.005132234929237946,0.03190288133919239,0.005217721653112205,1.5287604331970215,0.02211722633587251,1.2552083333333333,0.019661027175184243,,,,,,
39899,3,,,,,,,0.0,0.0,0.705724835395813,0.13898206323983284,0.1531358708937963,0.01597707845898449,0.020853693907459576,0.004601733384539012,1.5257439613342285,0.01390921771779172,1.3020833333333333,0.1289259770259017,,,,,,
39949,3,,,,,,,0.0,0.0,0.740816613038381,0.1837219758574105,0.1541403830051422,0.010754326884803017,0.02953420082728068,0.010015872900405782,1.5231188138326008,0.010983090960862375,1.2135416666666667,0.009021097956087902,,,,,,
39999,3,,,,,,,0.0,0.0,0.6401191155115763,0.08235834497193269,0.14707995454470316,0.0015330538631674454,0.020879076172908146,0.006142525224848935,1.5198270479838054,0.010675128991250438,1.234375,0.05412658773652741,0.17908562223116556,0.007858338685380793,0.020263998458782833,0.0012860897509523906,1.7645833492279053,0.0893091631943857
