step,n_seeds,validate/loss_step_mean,validate/loss_step_std,validate/pred_loss_step_mean,validate/pred_loss_step_std,validate/sigreg_loss_step_mean,validate/sigreg_loss_step_std,epoch_mean,epoch_std,fit/grad_norm_pre_clip_mean,fit/grad_norm_pre_clip_std,fit/loss_mean,fit/loss_std,fit/pred_loss_mean,fit/pred_loss_std,fit/sigreg_loss_mean,fit/sigreg_loss_std,validate/loss_epoch_mean,validate/loss_epoch_std,validate/pred_loss_epoch_mean,validate/pred_loss_epoch_std,validate/sigreg_loss_epoch_mean,validate/sigreg_loss_epoch_std
0,3,0.18022346993287405,0.03818437544311884,0.01648648859312137,0.005545311143063966,1.8203125,0.40421666625864155,,,,,,,,,,,,,,,,
1,3,0.1705882598956426,0.01748440457876236,0.01857002762456735,0.0030825286406018287,1.6875,0.20669932117692114,,,,,,,,,,,,,,,,
2,3,0.17253764967123666,0.014175040712685409,0.016613171435892582,0.0021602329054373837,1.7317708333333333,0.15236044246156327,,,,,,,,,,,,,,,,
3,3,0.16352841754754385,0.02759094738419833,0.022252374639113743,0.008401056046360697,1.5677083333333333,0.21556460506848832,,,,,,,,,,,,,,,,
4,3,0.1871672123670578,0.016700739612403617,0.017570857889950275,0.003823293423322561,1.8854166666666667,0.14664487734688633,,,,,,,,,,,,,,,,
5,3,0.16809936364491782,0.014666541479885277,0.016732178007562954,0.0026744986437178967,1.6822916666666667,0.1344869930591183,,,,,,,,,,,,,,,,
6,3,0.17631123463312784,0.014640806815272179,0.016154984012246132,0.007247801647600302,1.7786458333333333,0.14026284384890866,,,,,,,,,,,,,,,,
7,3,0.14534594615300497,0.009117886521734956,0.017416261446972687,0.004576330898163421,1.421875,0.07452650011069888,,,,,,,,,,,,,,,,
8,3,0.16409200429916382,0.012548225777640486,0.014677940557400385,0.004895142479703042,1.6614583333333333,0.12261726423951619,,,,,,,,,,,,,,,,
9,3,0.16478102405865988,0.026910095816001133,0.019273210627337296,0.007331781102939807,1.6171875,0.21875,,,,,,,,,,,,,,,,
10,3,0.1712309718132019,0.04039063292756031,0.015794771102567513,0.005408572257673515,1.7291666666666667,0.3970051869807035,,,,,,,,,,,,,,,,
11,3,0.170104851325353,0.02940609638390432,0.013203814315299192,0.0032763056736168097,1.7421875,0.29367103326894534,,,,,,,,,,,,,,,,
12,3,0.1751642475525538,0.01219910675637119,0.016635601719220478,0.004888453354688364,1.7630208333333333,0.09320588629256918,,,,,,,,,,,,,,,,
13,3,0.16502393782138824,0.010453155559962356,0.01528435479849577,0.004015432181216397,1.6640625,0.09375,,,,,,,,,,,,,,,,
14,3,0.17714281876881918,0.013864251991101726,0.016010006268819172,0.0018674177417002263,1.7890625,0.13002591388354093,,,,,,,,,,,,,,,,
15,3,0.16261433064937592,0.020104820488576605,0.014665109726289908,0.004182078676859042,1.6432291666666667,0.233112921380569,,,,,,,,,,,,,,,,
16,3,0.16457057495911917,0.013541624034067515,0.015807556298871834,0.0009659788978763782,1.6484375,0.14084184669781208,,,,,,,,,,,,,,,,
17,3,0.160801962018013,0.01202086928567026,0.014643104436496893,0.002454306361594638,1.6223958333333333,0.12111474952326547,,,,,,,,,,,,,,,,
18,3,0.1874476671218872,0.02606821796140299,0.013294024703403315,0.0011259627509467068,1.9375,0.30136408628102984,,,,,,,,,,,,,,,,
19,3,0.1630293627580007,0.013476095835742033,0.017196026630699635,0.0055100471955087296,1.6171875,0.09600160724566022,,,,,,,,,,,,,,,,
49,3,,,,,,,0.0,0.0,1.91884179910024,0.08328492440457581,0.9482172528902689,0.012774980839706278,0.2516026645898819,0.013003656751260927,7.729166666666667,0.018042195912175804,,,,,,
99,3,,,,,,,0.0,0.0,3.3140310446421304,0.9044775255900299,0.7657785216967264,0.007983746798676725,0.25666392346223194,0.016244894738373622,5.645833333333333,0.2427329207860634,,,,,,
149,3,,,,,,,0.0,0.0,2.258078455924988,1.1871986692464753,0.6380699872970581,0.007736577118823193,0.2220543622970581,0.008483003649397698,4.625,0.17399263633843817,,,,,,
199,3,,,,,,,0.0,0.0,2.985633452733358,0.555279971839336,0.5434433420499166,0.009547457402653826,0.18406833708286285,0.017795437561499965,3.9947916666666665,0.08605578980134534,,,,,,
249,3,,,,,,,0.0,0.0,1.595230261484782,0.3623233025641698,0.5004360973834991,0.022508789662665965,0.1729621390501658,0.005538360688754476,3.6354166666666665,0.2694274407578659,,,,,,
299,3,,,,,,,0.0,0.0,1.9135573705037434,0.15248928349783233,0.4550347328186035,0.021569185458238747,0.16336806615193686,0.01586901252972639,3.2395833333333335,0.12532509807829129,,,,,,
349,3,,,,,,,0.0,0.0,1.576700488726298,0.23835122395877176,0.4084576666355133,0.019420762137625107,0.1330670416355133,0.014401465777541419,3.0572916666666665,0.13103901693134504,,,,,,
399,3,,,,,,,0.0,0.0,1.6277548869450886,0.5428785069068272,0.3759448031584422,0.010225111581723583,0.11617918312549591,0.015669044875622904,2.8802083333333335,0.2340275201943851,,,,,,
449,3,,,,,,,0.0,0.0,1.5108887354532878,0.5776537010251462,0.3974161048730214,0.035493084335916865,0.1314655840396881,0.010904651202060356,2.953125,0.2764344689524083,,,,,,
499,3,,,,,,,0.0,0.0,1.5520234902699788,0.3182371922691811,0.34324342012405396,0.012580922411194857,0.09845176090796788,0.016030623928546966,2.7239583333333335,0.18509745462413396,,,,,,
549,3,,,,,,,0.0,0.0,1.454748233159383,0.27744556929781283,0.3396165668964386,0.011393273642035795,0.11077542106310527,0.024400628410362522,2.5416666666666665,0.3252603124165832,,,,,,
599,3,,,,,,,0.0,0.0,1.4789536396662395,0.1352755914246424,0.33824734886487323,0.0339586284874008,0.09866402049859364,0.02556613155869375,2.6666666666666665,0.24020526161667094,,,,,,
649,3,,,,,,,0.0,0.0,1.5391604502995808,0.3627677126583761,0.3141481578350067,0.03669952777815823,0.08367940907677014,0.02273760819786204,2.5625,0.15388840315306412,,,,,,
699,3,,,,,,,0.0,0.0,1.7583259344100952,0.12112635108455319,0.3054858446121216,0.031133924688282175,0.07859783122936885,0.025108314130155268,2.5208333333333335,0.09547032697824667,,,,,,
749,3,,,,,,,0.0,0.0,2.5049007336298623,1.238954307486283,0.29509857296943665,0.016956700766801624,0.07992930461963017,0.005482523581213071,2.390625,0.16535945694153692,,,,,,
799,3,,,,,,,0.0,0.0,3.547398487726847,0.7020099976605731,0.28364522258440655,0.020622554902427242,0.0707546000679334,0.008623615082638385,2.3645833333333335,0.13288907106430284,,,,,,
849,3,,,,,,,0.0,0.0,2.6259167194366455,1.5453953587979186,0.26186388234297436,0.021889588965751466,0.06134305646022161,0.017225090179581605,2.2291666666666665,0.06314768569261532,,,,,,
899,3,,,,,,,0.0,0.0,3.7203221321105957,0.807031465638106,0.2671249210834503,0.012874430260803784,0.05651294067502022,0.004177095843075714,2.3385416666666665,0.1451808319246495,,,,,,
949,3,,,,,,,0.0,0.0,1.8381649653116863,0.7539472137655819,0.27141156295935315,0.02026389648908837,0.06275270630915959,0.019148056572170953,2.3177083333333335,0.050227347713504976,,,,,,
999,3,,,,,,,0.0,0.0,1.3797711928685505,0.08031039239113621,0.2434436579545339,0.014773702809514615,0.0552926150461038,0.014578153571908621,2.0885416666666665,0.039322054350368486,,,,,,
1049,3,,,,,,,0.0,0.0,3.077530304590861,2.6078412815071785,0.24816125631332397,0.004889726483217799,0.05252323920528094,0.008254139587589861,2.171875,0.14320549046737,,,,,,
1099,3,,,,,,,0.0,0.0,2.3823722203572593,0.41346647783710094,0.2533233165740967,0.020619036981977076,0.06191707278291384,0.015553430043430603,2.125,0.05412658773652741,,,,,,
1149,3,,,,,,,0.0,0.0,2.036734104156494,0.7146013680297901,0.24408885836601257,0.010296942457194832,0.05984406794110934,0.006835876732103628,2.0494791666666665,0.1657895212749688,,,,,,
1199,3,,,,,,,0.0,0.0,1.6653012832005818,0.39062794423564523,0.24244758983453116,0.02019220928754197,0.06503873442610104,0.015531916626857429,1.9739583333333333,0.073840869160197,,,,,,
1249,3,,,,,,,0.0,0.0,1.2590268850326538,0.2830045165756103,0.22086302936077118,0.004835635292035205,0.050941155602534614,0.008321935186121359,1.8880208333333333,0.11167594605412275,,,,,,
1299,3,,,,,,,0.0,0.0,1.9475375413894653,0.02101484807714738,0.231543963154157,0.009619795526668855,0.05576271439592043,0.008130547615528486,1.953125,0.020669932117692115,,,,,,
1349,3,,,,,,,0.0,0.0,1.7992539405822754,0.08864210768176134,0.2306120495001475,0.012257258149085298,0.0532031978170077,0.007936058873810253,1.9739583333333333,0.05863713671457137,,,,,,
1399,3,,,,,,,0.0,0.0,1.8517166376113892,0.3478916466071245,0.2363240271806717,0.005309956205570964,0.05761308968067169,0.005108923584961544,1.984375,0.04133986423538423,,,,,,
1449,3,,,,,,,0.0,0.0,1.8845834732055664,0.2898088755840112,0.22026114662488303,0.02194484264861874,0.05424552038311958,0.008231946378438158,1.84375,0.16810495930742198,,,,,,
1499,3,,,,,,,0.0,0.0,2.1659401257832847,0.41669766374233475,0.22033284604549408,0.013658003986911802,0.049108883986870445,0.016016459328046108,1.9010416666666667,0.0813150781041458,,,,,,
1549,3,,,,,,,0.0,0.0,1.6828703880310059,0.15877771707246982,0.21368124087651572,0.01239001630861416,0.05287394920984904,0.008860557191616825,1.7864583333333333,0.06505206248331664,,,,,,
1599,3,,,,,,,0.0,0.0,2.0773579279581704,0.7044303217296233,0.2268180251121521,0.018171009264510693,0.058523754278818764,0.009981391793024217,1.8723958333333333,0.09054863880580058,,,,,,
1649,3,,,,,,,0.0,0.0,1.6081692377726238,0.31498268802188667,0.2218900521596273,0.031668145784382665,0.05685099462668101,0.017973796540234385,1.8333333333333333,0.16036254498271513,,,,,,
1699,3,,,,,,,0.0,0.0,1.764164686203003,0.3307435902703901,0.2114927421013514,0.0008264313040636916,0.052964091300964355,0.011887130593612983,1.7578125,0.1314265925098494,,,,,,
1749,3,,,,,,,0.0,0.0,1.985121528307597,0.5217635211265947,0.21091135839621225,0.004193610403616717,0.05335927754640579,0.003889203434201633,1.75,0.06765823467065928,,,,,,
1799,3,,,,,,,0.0,0.0,2.0187660455703735,0.053009502212444715,0.22835267583529154,0.019842556216093644,0.06070944915215174,0.006474677638472702,1.8619791666666667,0.18885146624287388,,,,,,
1849,3,,,,,,,0.0,0.0,1.5515644152959187,0.1977474913467293,0.22552896042664847,0.024392078262856273,0.05625812957684199,0.005727500219340126,1.8802083333333333,0.21257083684523456,,,,,,
1899,3,,,,,,,0.0,0.0,3.2726457516352334,1.7181452908118624,0.22268242637316385,0.016594633906373956,0.05764336387316386,0.010085687280115928,1.8359375,0.078125,,,,,,
1949,3,,,,,,,0.0,0.0,2.296613574028015,1.095083617573203,0.2272213101387024,0.026432596094430785,0.06022912263870239,0.016061796675174666,1.8567708333333333,0.11856825456075219,,,,,,
1999,3,,,,,,,0.0,0.0,2.3267463048299155,0.5985406968693205,0.2285268952449163,0.01116227340628801,0.053396690636873245,0.010276771058160392,1.9479166666666667,0.1531595411722147,,,,,,
2049,3,,,,,,,0.0,0.0,3.3183005253473916,1.2422716470855513,0.20723499357700348,0.011366955119666407,0.054891244818766914,0.007353974293915318,1.6927083333333333,0.04577707247720559,,,,,,
2099,3,,,,,,,0.0,0.0,3.0176292260487876,0.2876125269267893,0.22852295140425363,0.007642172486084981,0.05990316594640414,0.0025679795294668525,1.875,0.07928821535228296,,,,,,
2149,3,,,,,,,0.0,0.0,2.4812245766321817,1.38746507957598,0.20784005522727966,0.01130728503662615,0.0545197439690431,0.0070979992504642065,1.703125,0.04878904686248749,,,,,,
2199,3,,,,,,,0.0,0.0,2.2349217335383096,0.8192894371528573,0.21157908936341605,0.013155034675889455,0.05305044477184614,0.004551061646357701,1.7578125,0.09789034442298178,,,,,,
2249,3,,,,,,,0.0,0.0,2.9145572185516357,0.26237904315432437,0.20933698117733002,0.00552046416075273,0.04820416743556658,0.006975724779328197,1.7890625,0.028168369339562415,,,,,,
2299,3,,,,,,,0.0,0.0,3.2547249794006348,1.2357685169436226,0.21920519570509592,0.009169478512113638,0.05807238693038622,0.011190296695354122,1.7916666666666667,0.04009063624567878,,,,,,
2349,3,,,,,,,0.0,0.0,2.4441991249720254,0.9902826174164208,0.21506740152835846,0.0034456304433311794,0.055562193195025124,0.007255590924481058,1.7734375,0.07534102157025746,,,,,,
2399,3,,,,,,,0.0,0.0,2.261543869972229,0.9645124348061866,0.2129940241575241,0.017231325117513407,0.04860600704948107,0.009530810054992272,1.8255208333333333,0.08884751098558323,,,,,,
2449,3,,,,,,,0.0,0.0,2.266363203525543,1.3440533303227478,0.2125578671693802,0.0161621926020988,0.05240161716938019,0.01583779288541945,1.7786458333333333,0.07507049638228945,,,,,,
2499,3,,,,,,,0.0,0.0,2.5781572659810386,1.6101030960890905,0.21525641779104868,0.028178075013883717,0.05607673029104868,0.016342938708897824,1.7682291666666667,0.13471372037893295,,,,,,
2549,3,,,,,,,0.0,0.0,1.70036776860555,0.5784921673177905,0.20228730142116547,0.010996496391266056,0.052873242646455765,0.008898074428312634,1.6614583333333333,0.04009063624567878,,,,,,
2599,3,,,,,,,0.0,0.0,2.2186176776885986,0.9623660383369388,0.2216215282678604,0.016061494929793838,0.05397829785943031,0.003790113765597254,1.8619791666666667,0.13982701831936248,,,,,,
2649,3,,,,,,,0.0,0.0,2.2153608004252114,0.4907729210896577,0.2095630019903183,0.010050768541288483,0.046477062006791435,0.0023706090883779123,1.8098958333333333,0.08781101718795503,,,,,,
2699,3,,,,,,,0.0,0.0,1.9248068730036418,0.440888573417829,0.199912557999293,0.011696338849749431,0.04333703964948654,0.008332942533528169,1.7395833333333333,0.06825699178167269,,,,,,
2749,3,,,,,,,0.0,0.0,1.6572572787602742,0.5340640281411174,0.21210785706837973,0.005259308697087925,0.05357920999328295,0.00845555955966123,1.7630208333333333,0.05651701670367371,,,,,,
2799,3,,,,,,,0.0,0.0,1.7780359784762065,1.1058140309326279,0.2027385781208674,0.020338649524196353,0.042907848954200745,0.002861976137750386,1.7760416666666667,0.1928490477247252,,,,,,
2849,3,,,,,,,0.0,0.0,1.656699577967326,0.5330775356138403,0.1964798370997111,0.0036648622005740223,0.04446160917480787,0.0017766557217797335,1.6875,0.027063293868263706,,,,,,
2899,3,,,,,,,0.0,0.0,1.5460975567499797,0.6006464918764921,0.1985763112703959,0.0046708911504045655,0.04037318751215935,0.005665617344139199,1.7578125,0.046875,,,,,,
2949,3,,,,,,,0.0,0.0,2.50217604637146,1.626418138572444,0.22029389441013336,0.020327428053148088,0.05948660150170326,0.018958934908315222,1.7864583333333333,0.019661027175184243,,,,,,
2999,3,,,,,,,0.0,0.0,1.22631839911143,0.4766417903313862,0.1994690845410029,0.0028118440232541802,0.04061491166551908,0.0009407516503188947,1.765625,0.04133986423538423,,,,,,
3049,3,,,,,,,0.0,0.0,1.120343526204427,0.2768963473857452,0.21311883131663004,0.0232283937080335,0.04938185587525368,0.01460866917820586,1.8177083333333333,0.1151736686848749,,,,,,
3099,3,,,,,,,0.0,0.0,1.2565529743830364,0.2636909640648135,0.1960547169049581,0.0044292254655234195,0.04533857355515162,0.0025395113853801652,1.671875,0.07928821535228296,,,,,,
3149,3,,,,,,,0.0,0.0,1.671356479326884,0.37622629457153506,0.21611555914084116,0.021255143128472962,0.0520530603826046,0.008643650821438705,1.8255208333333333,0.14026284384890866,,,,,,
3199,3,,,,,,,0.0,0.0,1.4773905674616497,0.407143977245188,0.20458540320396423,0.02017337205019743,0.04866092652082443,0.006219301049710187,1.7317708333333333,0.17820950115547526,,,,,,
3249,3,,,,,,,0.0,0.0,1.042579670747121,0.5608259589845499,0.19638323783874512,0.005259795423662755,0.043713959554831185,0.002653462497415448,1.6979166666666667,0.06266254903914564,,,,,,
3299,3,,,,,,,0.0,0.0,1.108557939529419,0.5835710179806795,0.20003291964530945,0.0075462021552472934,0.048340207586685814,0.004595301644698195,1.6848958333333333,0.05083130545818525,,,,,,
3349,3,,,,,,,0.0,0.0,1.1285715301831563,0.5480284720875686,0.20470769703388214,0.019103837677865915,0.051712906608978905,0.013175688666016701,1.703125,0.06394806853025352,,,,,,
3399,3,,,,,,,0.0,0.0,1.3802295128504436,0.7682103884404405,0.20280353228251138,0.02704482419519387,0.04394936064879099,0.008066357142400506,1.7682291666666667,0.21098571979717806,,,,,,
3449,3,,,,,,,0.0,0.0,1.5149080952008565,0.5688386249067612,0.19888853033383688,0.007535151367831378,0.04459165409207344,0.0014856807606045434,1.7135416666666667,0.09054863880580058,,,,,,
3499,3,,,,,,,0.0,0.0,1.3310284614562988,0.09487011232358028,0.20530806481838226,0.005470357142346837,0.054917436093091965,0.011629964591672853,1.6692708333333333,0.08018127249135756,,,,,,
3549,3,,,,,,,0.0,0.0,1.5697908798853557,0.6253568894591051,0.19990988075733185,0.019923831759798994,0.048217171182235084,0.013560842452463815,1.6875,0.08118988160479113,,,,,,
3599,3,,,,,,,0.0,0.0,1.0860335032145183,0.20924087857230259,0.21075060466925302,0.0058995815116080295,0.04668810839454333,0.00856738148104737,1.8229166666666667,0.06314768569261532,,,,,,
3649,3,,,,,,,0.0,0.0,1.0983819961547852,0.32118477861287414,0.194490114847819,0.0010583484127859996,0.04865678151448568,0.0022488438121781996,1.6197916666666667,0.023867581744561668,,,,,,
3699,3,,,,,,,0.0,0.0,0.9768246610959371,0.40555320486621166,0.1785551259915034,0.009994013409160956,0.035977000991503395,0.004665713018890832,1.5859375,0.140625,,,,,,
3749,3,,,,,,,0.0,0.0,1.2374106248219807,0.38533234693439694,0.20068645477294922,0.028736242008449108,0.046064057697852455,0.011136576147282645,1.7161458333333333,0.20733811770169838,,,,,,
3799,3,,,,,,,0.0,0.0,0.8921557664871216,0.179673635034088,0.192125474413236,0.00671225737022314,0.042711418122053146,0.0010547829336386664,1.6588541666666667,0.06825699178167269,,,,,,
3849,3,,,,,,,0.0,0.0,1.1903984944025676,0.27181450642294314,0.1907838980356852,0.009666108262564395,0.04267191638549169,0.0024017084954830025,1.6484375,0.08873294290312927,,,,,,
3899,3,,,,,,,0.0,0.0,1.2029356956481934,0.7980624517147837,0.19053705036640167,0.018042286479021546,0.03754226304590702,0.008023772071597124,1.6979166666666667,0.11167594605412275,,,,,,
3949,3,,,,,,,0.0,0.0,1.0829565326372783,0.4190475475438517,0.2048791547616323,0.015353460097311113,0.04732707142829895,0.005860252102290632,1.7526041666666667,0.10946796644262345,,,,,,
3999,3,,,,,,,0.0,0.0,1.0908780495325725,0.37392695283673305,0.19476537903149924,0.016158257764290123,0.04144506280620893,0.007967399719950375,1.703125,0.09375,,,,,,
4049,3,,,,,,,0.0,0.0,1.1299112637837727,0.4492228025601775,0.1791315178076426,0.014462304690031335,0.04013412073254585,0.004855065156389895,1.5442708333333333,0.10778230253424416,,,,,,
4099,3,,,,,,,0.0,0.0,1.3272987008094788,0.3449908319204441,0.20338629682858786,0.0012147520685196213,0.04908941686153412,0.008800149293863094,1.7135416666666667,0.09547032697824667,,,,,,
4149,3,,,,,,,0.0,0.0,1.3654183944066365,0.24962540327168004,0.20609678328037262,0.012863520854593006,0.046266054113705955,0.0030420297093280376,1.7734375,0.11348311754948398,,,,,,
4199,3,,,,,,,0.0,0.0,1.4662368893623352,0.9746409124198532,0.2070121318101883,0.025351629868737964,0.04522828136881193,0.005766955557439668,1.796875,0.22330634262431956,,,,,,
4249,3,,,,,,,0.0,0.0,1.2292924920717876,0.32943626339826154,0.1927266518274943,0.014953774057045387,0.0462422768274943,0.004438359930028267,1.6302083333333333,0.12111474952326547,,,,,,
4299,3,,,,,,,0.0,0.0,0.8494015534718832,0.4429941337874211,0.18870406846205393,0.015217078548466134,0.039615531762441,0.009513594965462186,1.65625,0.0900981452708656,,,,,,
4349,3,,,,,,,0.0,0.0,1.0884620149930317,0.3049196809019646,0.18348024785518646,0.004834938952940601,0.0431807686885198,0.004322746752606082,1.5598958333333333,0.01626301562082916,,,,,,
4399,3,,,,,,,0.0,0.0,0.9170674681663513,0.13317153414646982,0.19353926678498587,0.003888004929318676,0.04672937219341596,0.002783684163838645,1.6328125,0.013531646934131853,,,,,,
4449,3,,,,,,,0.0,0.0,0.8899499376614889,0.1634347629883515,0.19742668668429056,0.008814608164520071,0.052569920818010964,0.0005320650328865443,1.6067708333333333,0.09385844422364635,,,,,,
4499,3,,,,,,,0.0,0.0,1.0059473911921184,0.1312965599601277,0.199723020195961,0.00572756343148933,0.0457516647875309,0.0033077446389817504,1.7083333333333333,0.09547032697824667,,,,,,
4549,3,,,,,,,0.0,0.0,1.2935020128885906,0.48023907942685506,0.18506220976511636,0.011808014779282304,0.045088253915309906,0.003876518276849448,1.5572916666666667,0.1376271902262897,,,,,,
4599,3,,,,,,,0.0,0.0,1.6418822606404622,0.19292198949263525,0.20733384788036346,0.013135795482093817,0.060849472880363464,0.007805054224210703,1.6276041666666667,0.1799138067647487,,,,,,
4649,3,,,,,,,0.0,0.0,1.0341373880704243,0.08143849360245149,0.18049264947573343,0.010181444029820599,0.03791452323397001,0.0038166948552285033,1.5833333333333333,0.09547032697824667,,,,,,
4699,3,,,,,,,0.0,0.0,1.0243904987970989,0.2137520790622262,0.19615057607491812,0.020871008868151953,0.048038595666488014,0.012475578244670944,1.6432291666666667,0.09122020775071352,,,,,,
4749,3,,,,,,,0.0,0.0,1.0095977981885274,0.26590422048729084,0.17557998498280844,0.0005966016058477824,0.04211644331614176,0.006055800378399938,1.484375,0.0703125,,,,,,
4799,3,,,,,,,0.0,0.0,1.1414928634961445,0.37356791455557026,0.19383414586385092,0.0043870370507842,0.048977370063463845,0.00498959351296259,1.609375,0.08450510801868726,,,,,,
4849,3,,,,,,,0.0,0.0,0.8980412085851034,0.13387741012850535,0.17957803606987,0.0036357558713717287,0.04123167941967646,0.005960476722428027,1.5364583333333333,0.10196235390860361,,,,,,
4899,3,,,,,,,0.0,0.0,0.905469556649526,0.28175669977847007,0.18085178236166635,0.008959554079096942,0.041203342378139496,0.010109538187054916,1.546875,0.0546875,,,,,,
4949,3,,,,,,,0.0,0.0,1.2683046062787373,0.3010283159647566,0.18085309863090515,0.00919388335745446,0.04120465864737829,0.0068548374771540055,1.5494791666666667,0.05758683434243745,,,,,,
4999,3,,,,,,,0.0,0.0,1.161694049835205,0.2983763481873402,0.18196121354897818,0.006382377506259344,0.0471955860654513,0.004061095914621187,1.4973958333333333,0.04577707247720559,,,,,,
5049,3,,,,,,,0.0,0.0,0.8108580708503723,0.14547874200439515,0.18141591052214304,0.012382373801744659,0.040790910522143044,0.0035337648825358886,1.5625,0.12278307535548212,,,,,,
5099,3,,,,,,,0.0,0.0,1.304767409960429,0.3305760591761592,0.19679038226604462,0.012873816271033197,0.04639975478251775,0.0019600009346483565,1.6692708333333333,0.1270182124818458,,,,,,
5149,3,,,,,,,0.0,0.0,1.2142074902852376,0.13017475532700243,0.18874818086624146,0.017010929669877297,0.040961720049381256,0.008247277843912016,1.6432291666666667,0.11384110934580413,,,,,,
5199,3,,,,,,,0.0,0.0,1.1798357963562012,0.21552624208325416,0.1917875756820043,0.0032319269214691566,0.043350079407294594,0.0028038909743556095,1.6510416666666667,0.011933790872280834,,,,,,
5249,3,,,,,,,0.0,0.0,1.7401808500289917,0.49859169946009396,0.19861156741778055,0.0019431575168748873,0.049523024509350456,0.0062035681992651595,1.65625,0.05633673867912483,,,,,,
5299,3,,,,,,,0.0,0.0,0.9483618140220642,0.26790555852325376,0.1744900643825531,0.007452319619077784,0.036469231049219765,0.0005395428097367753,1.53125,0.07928821535228296,,,,,,
5349,3,,,,,,,0.0,0.0,1.1706875165303547,0.3247829879503546,0.17534651358922324,0.008809074214526275,0.04123193149765333,0.006909699280185141,1.4921875,0.09789034442298178,,,,,,
5399,3,,,,,,,0.0,0.0,1.226402262846629,0.5647335598837421,0.18984142939249674,0.002853128975463946,0.044333621859550476,0.003955558598962751,1.6171875,0.020669932117692115,,,,,,
5449,3,,,,,,,0.0,0.0,1.2140289147694905,0.25567066121864707,0.18690831462542215,0.013776632767103537,0.04367914795875549,0.006674838948133025,1.59375,0.10825317547305482,,,,,,
5499,3,,,,,,,0.0,0.0,1.2604970534642537,0.33938712883494954,0.20273151497046152,0.02607650905136249,0.060153392453988395,0.029977952302711736,1.5833333333333333,0.06505206248331664,,,,,,
5549,3,,,,,,,0.0,0.0,1.1668957273165386,0.5339271344620671,0.19044740994771323,0.02127890315059827,0.04982241367300352,0.011001033193891754,1.5651041666666667,0.1151736686848749,,,,,,
5599,3,,,,,,,0.0,0.0,1.3279722332954407,0.6160699684678889,0.18877708911895752,0.013924893791585945,0.044571357468763985,0.0120760483836923,1.5989583333333333,0.16798388982156393,,,,,,
5649,3,,,,,,,0.0,0.0,1.0176409681638081,0.425221467817918,0.18765456477801004,0.014885136503978807,0.047355085611343384,0.007978363992912576,1.5572916666666667,0.1284516922410263,,,,,,
5699,3,,,,,,,0.0,0.0,1.5813679297765095,0.45691721203247543,0.19621088604132333,0.019425405619881403,0.04842443267504374,0.010390873653848881,1.640625,0.12401959270615269,,,,,,
5749,3,,,,,,,0.0,0.0,1.2807882229487102,0.38773185828631723,0.18819007774194083,0.020506575621979814,0.04951820274194082,0.012947797216503259,1.5416666666666667,0.09054863880580058,,,,,,
5799,3,,,,,,,0.0,0.0,1.2091994881629944,0.23040483704922243,0.1806318461894989,0.017450656231288268,0.0400068499147892,0.007193570706886289,1.5625,0.11348311754948398,,,,,,
5849,3,,,,,,,0.0,0.0,1.2463159163792927,0.12121234620678308,0.1804423133532206,0.00817169680081872,0.04339804748694102,0.0028556357186330836,1.5208333333333333,0.09155414495441118,,,,,,
5899,3,,,,,,,0.0,0.0,1.0831977327664692,0.336274793304364,0.1975137541691462,0.01556793697236153,0.05753979583581289,0.013178765893207234,1.5572916666666667,0.04577707247720559,,,,,,
5949,3,,,,,,,0.0,0.0,1.3486035068829854,0.5523330018234045,0.17956086496512094,0.013316517648914509,0.04446972409884135,0.008998254425773605,1.5,0.07928821535228296,,,,,,
5999,3,,,,,,,0.0,0.0,0.9971483747164408,0.2220253409633229,0.18802153567473093,0.01578060155570495,0.04446684941649437,0.008772299024458922,1.59375,0.08267972847076846,,,,,,
6049,3,,,,,,,0.0,0.0,0.9469782114028931,0.11453494544732076,0.19346476097901663,0.013989565587582312,0.049259030570586525,0.01186297319148843,1.6041666666666667,0.0369204345800985,,,,,,
6099,3,,,,,,,0.0,0.0,1.330906351407369,0.34215146720342665,0.19163763026396433,0.015095862715334377,0.05036159108082453,0.01626990441430524,1.5703125,0.062009796353076345,,,,,,
6149,3,,,,,,,0.0,0.0,0.9216196139653524,0.17990870567647857,0.18125693500041962,0.01186118080201395,0.04193401833375295,0.010542370631069022,1.546875,0.015625,,,,,,
6199,3,,,,,,,0.0,0.0,0.9845152497291565,0.21464088536706946,0.18441488345464072,0.014457799716883083,0.04509196678797404,0.0037452769109433495,1.546875,0.12178482240718669,,,,,,
6249,3,,,,,,,0.0,0.0,1.0268579721450806,0.26860411879977625,0.19620245695114136,0.021612419986723447,0.047764960676431656,0.01243637707081979,1.6458333333333333,0.1344869930591183,,,,,,
6299,3,,,,,,,0.0,0.0,1.3182846705118816,0.2727276485491896,0.1968138466278712,0.02205236176138372,0.047074263294537864,0.006768644894000635,1.6666666666666667,0.18109727761160116,,,,,,
6349,3,,,,,,,0.0,0.0,1.3278882106145222,0.14076524142435834,0.2040247122446696,0.013082602466043052,0.052657523502906166,0.013450449566353022,1.6822916666666667,0.18109727761160116,,,,,,
6399,3,,,,,,,0.0,0.0,1.3106819192568462,0.596371913656991,0.19438879191875458,0.014735936718054177,0.05181067312757174,0.013338601983893255,1.5833333333333333,0.03608439182435161,,,,,,
6449,3,,,,,,,0.0,0.0,1.0697180430094402,0.03875646559240229,0.18416995803515115,0.01261797690236637,0.0481022484600544,0.010773047156673835,1.5130208333333333,0.05317858816839098,,,,,,
6499,3,,,,,,,0.0,0.0,1.1704454620679219,0.47031737249505434,0.1844927171866099,0.01121327838372662,0.0402869905034701,0.005948383837954086,1.6015625,0.06394806853025352,,,,,,
6549,3,,,,,,,0.0,0.0,1.0405464967091878,0.08475116134985192,0.1833950380484263,0.01671357667094183,0.038863791773716606,0.0043936621336918835,1.6015625,0.1446895248238448,,,,,,
6599,3,,,,,,,0.0,0.0,1.7381051381429036,1.0519966156927636,0.19486858447392783,0.0027773532080282003,0.05294150114059448,0.005901636838574407,1.578125,0.034053897996411515,,,,,,
6649,3,,,,,,,0.0,0.0,1.295588453610738,0.1336611084274973,0.19583905736605325,0.014201926207900107,0.045122917741537094,0.008707601487361319,1.6744791666666667,0.1270182124818458,,,,,,
6699,3,,,,,,,0.0,0.0,1.0190804600715637,0.25182470011945496,0.18995938698450723,0.020263229025149845,0.04184740533431371,0.0024931085196076954,1.6432291666666667,0.20287444482877418,,,,,,
6749,3,,,,,,,0.0,0.0,1.1017228364944458,0.11877579212147601,0.19688086211681366,0.024480372897122567,0.052349610875050225,0.016679811766049685,1.6067708333333333,0.08605578980134534,,,,,,
6799,3,,,,,,,0.0,0.0,1.2883083025614421,0.3666254673284649,0.18807523945967355,0.008388420443358632,0.04940336321791013,0.0003703627224664991,1.5442708333333333,0.09450649641470862,,,,,,
6849,3,,,,,,,0.0,0.0,1.326634685198466,0.16279105930616247,0.20220163464546204,0.018207236537563638,0.052787575870752335,0.01775165180611279,1.6614583333333333,0.03522851369392886,,,,,,
6899,3,,,,,,,0.0,0.0,1.2977887392044067,0.28400138660518526,0.1994074434041977,0.0034526656368370667,0.048691295087337494,0.009887250677778042,1.6744791666666667,0.1501409927645789,,,,,,
6949,3,,,,,,,0.0,0.0,1.148414969444275,0.06328085987367704,0.18624468644460043,0.010538218037857957,0.041387914369503655,0.007804437124359759,1.6119791666666667,0.03157384284630766,,,,,,
6999,3,,,,,,,0.0,0.0,0.9383119344711304,0.18222867546363072,0.18216298520565033,0.011924245676552092,0.04186350728074709,0.009854175939721693,1.5572916666666667,0.08353653610596583,,,,,,
7049,3,,,,,,,0.0,0.0,1.1286245981852214,0.11284177814785937,0.1882506161928177,0.004772496096916981,0.04469592869281769,0.0006477343207912657,1.5963541666666667,0.05201818842562026,,,,,,
7099,3,,,,,,,0.0,0.0,1.2990487813949585,0.6167693842876469,0.18576249480247498,0.006721701159239809,0.042207807302474976,0.0039218913575031645,1.5963541666666667,0.050227347713504976,,,,,,
7149,3,,,,,,,0.0,0.0,1.2303946415583293,0.4030305156955552,0.1849611202875773,0.013587730243799124,0.046940289437770844,0.007259313697050972,1.5338541666666667,0.10946796644262345,,,,,,
7199,3,,,,,,,0.0,0.0,1.1822249094645183,0.041348858462303885,0.18841289977232614,0.00609622188255859,0.053321756422519684,0.0019466722984062225,1.5052083333333333,0.06068323019651585,,,,,,
7249,3,,,,,,,0.0,0.0,1.4105371236801147,0.3442699255588206,0.1875829448302587,0.022275643663738874,0.04630690316359202,0.014489631726365948,1.5677083333333333,0.08605578980134534,,,,,,
7299,3,,,,,,,0.0,0.0,1.4980292717615764,0.5262668612243491,0.19664701322714487,0.03642241093183805,0.05439441278576851,0.01438856306144242,1.578125,0.25182439783259686,,,,,,
7349,3,,,,,,,0.0,0.0,0.9055595993995667,0.11475364564942361,0.16863355537255606,0.00805321208202753,0.03956454619765282,0.002239833712783478,1.4322916666666667,0.06644453553215142,,,,,,
7399,3,,,,,,,0.0,0.0,1.1250651081403096,0.34024744539102064,0.1679117480913798,0.0046104665061150974,0.03998206307490667,0.005577812629566115,1.421875,0.0078125,,,,,,
7449,3,,,,,,,0.0,0.0,1.3701075712839763,0.39534374924826815,0.19102739791075388,0.023512006608138847,0.04649614915251732,0.01394409286975453,1.6067708333333333,0.13127169959508916,,,,,,
7499,3,,,,,,,0.0,0.0,1.0313008228937786,0.09060777201726802,0.17326421538988748,0.013832044764654352,0.03752203037341436,0.006743506187816095,1.5104166666666667,0.11701376009719255,,,,,,
7549,3,,,,,,,0.0,0.0,1.3048675060272217,0.13584932423653961,0.1911782572666804,0.0068061118061017115,0.04599596684177717,0.006932215608974404,1.6119791666666667,0.011933790872280834,,,,,,
7599,3,,,,,,,0.0,0.0,1.6275798082351685,0.3811412254439252,0.17471382518609366,0.019689838877185922,0.03994819646080335,0.008584793850097491,1.4973958333333333,0.13895126637452188,,,,,,
7649,3,,,,,,,0.0,0.0,1.5743991136550903,0.17134855657019188,0.20046542088190714,0.006884878773320681,0.044540939231713615,0.007729145225253327,1.7317708333333333,0.08987205170175729,,,,,,
7699,3,,,,,,,0.0,0.0,1.2761054237683613,0.3636013388715759,0.17865189413229624,0.007063934188347212,0.041607619573672615,0.006081720020462426,1.5260416666666667,0.05083130545818525,,,,,,
7749,3,,,,,,,0.0,0.0,1.267911712328593,0.13170540701912375,0.18177194893360138,0.0061546111396454046,0.039193825175364815,0.0034093316921675674,1.5807291666666667,0.04009063624567878,,,,,,
7799,3,,,,,,,0.0,0.0,2.076819141705831,0.7126134312660599,0.19251774748166403,0.0076909962163821035,0.05221826955676079,0.010912578666896372,1.5572916666666667,0.039322054350368486,,,,,,
7849,3,,,,,,,0.0,0.0,1.2347464561462402,0.1292915567727652,0.18883087237675986,0.0022043894349961578,0.04690379028518995,0.005487814183578242,1.578125,0.04059494080239556,,,,,,
7899,3,,,,,,,0.0,0.0,1.2172287702560425,0.05305585548065535,0.17997285226980844,0.019744797045439823,0.04423066476980845,0.007501489851408657,1.5078125,0.16369005343560128,,,,,,
7949,3,,,,,,,0.0,0.0,1.4416087865829468,0.20981422298742017,0.1928248256444931,0.012255243679965801,0.04829357688625654,0.005099217604214129,1.6041666666666667,0.08353653610596583,,,,,,
7999,3,,,,,,,0.0,0.0,1.0839141607284546,0.24401656429631294,0.17424631615479788,0.020696893311533657,0.038666890313227974,0.008627435437862045,1.5052083333333333,0.1344869930591183,,,,,,
8049,3,,,,,,,0.0,0.0,1.7312051057815552,0.43021193204380603,0.18577850858370462,0.003725343218109639,0.0451535110672315,0.0002839704244937511,1.5598958333333333,0.0369204345800985,,,,,,
8099,3,,,,,,,0.0,0.0,1.0881261626879375,0.2622632686181872,0.17054899036884308,0.013322355026185652,0.040828937043746315,0.008170327859447128,1.4427083333333333,0.10075803188621409,,,,,,
8149,3,,,,,,,0.0,0.0,1.0482221643129985,0.13212121454635356,0.17708792785803476,0.005098459664930083,0.042973349491755165,0.005982857202806374,1.4895833333333333,0.01626301562082916,,,,,,
8199,3,,,,,,,0.0,0.0,1.160627802213033,0.3201878676717224,0.19205140074094137,0.018293763532697287,0.0449159803489844,0.017911222002904712,1.6354166666666667,0.0797997575314821,,,,,,
8249,3,,,,,,,0.0,0.0,1.1562226215998332,0.29364347719543404,0.1750325212876002,0.00997393891446241,0.03798825293779373,0.004873834975787479,1.5234375,0.06810779599282303,,,,,,
8299,3,,,,,,,0.0,0.0,1.0546954075495403,0.22245374971892015,0.1839545617500941,0.01678798825275896,0.047235808024803795,0.016617858062635205,1.5182291666666667,0.025113673856752488,,,,,,
8349,3,,,,,,,0.0,0.0,1.1851113239924114,0.11179276024236429,0.1894813378651937,0.011825813671795561,0.04755425577362379,0.004948851597716863,1.5755208333333333,0.09122020775071352,,,,,,
8399,3,,,,,,,0.0,0.0,1.233139415582021,0.5676128647036565,0.18071815371513367,0.02174309141819109,0.04416216413180033,0.013189766122692858,1.5208333333333333,0.12725824711323558,,,,,,
8449,3,,,,,,,0.0,0.0,1.5293391545613606,0.09896695722885639,0.18753878772258759,0.015555083404695488,0.04561169818043709,0.0076658555943179794,1.578125,0.08804240366863003,,,,,,
8499,3,,,,,,,0.0,0.0,1.3522926171620686,0.14926085763242572,0.18469497561454773,0.009803598184692768,0.048301743964354195,0.0074809532917117835,1.515625,0.061017575593020734,,,,,,
8549,3,,,,,,,0.0,0.0,1.1762166420618694,0.09205744445901896,0.1725387970606486,0.00550097284854949,0.03647108872731527,0.0038110608428208,1.5130208333333333,0.02255274489021976,,,,,,
8599,3,,,,,,,0.0,0.0,1.1608151197433472,0.14553194961002766,0.18635606269041696,0.013742565385968106,0.04410345728198687,0.007647820713941424,1.5807291666666667,0.07259041596232475,,,,,,
8649,3,,,,,,,0.0,0.0,1.0970416069030762,0.11523534477088175,0.18124815821647644,0.013699808172765527,0.04680805653333664,0.007957434148334847,1.4921875,0.06394806853025352,,,,,,
8699,3,,,,,,,0.0,0.0,1.2100656429926555,0.29394527574288315,0.18097336093584696,0.014071435236892681,0.04555669675270716,0.01111764184004184,1.5052083333333333,0.05201818842562026,,,,,,
8749,3,,,,,,,0.0,0.0,1.283491889635722,0.21950316740724754,0.18154634535312653,0.014808700572390594,0.04645519579450289,0.006510319831753464,1.5,0.08873294290312927,,,,,,
8799,3,,,,,,,0.0,0.0,1.1779747406641643,0.17678063176375372,0.1873158315817515,0.00574835991120485,0.043435623248418175,0.0043493135633747805,1.5989583333333333,0.01626301562082916,,,,,,
8849,3,,,,,,,0.0,0.0,1.2379941741625469,0.24047887053193293,0.17133361597855887,0.008769465093910715,0.037544552236795425,0.007187749072818716,1.484375,0.013531646934131853,,,,,,
8899,3,,,,,,,0.0,0.0,1.141196886698405,0.1437189314424503,0.1837512751420339,0.00636357546845283,0.04605596512556076,0.013567763606077227,1.5260416666666667,0.1451808319246495,,,,,,
8949,3,,,,,,,0.0,0.0,1.444649298985799,0.30308052163836485,0.1805499643087387,0.008215032981657705,0.04025048762559891,0.00788614801958278,1.5572916666666667,0.011933790872280834,,,,,,
8999,3,,,,,,,0.0,0.0,0.9605178634325663,0.11347928474753556,0.18123733003934225,0.0070923521631558835,0.04484410211443901,0.0075740387117084465,1.5130208333333333,0.004510548978043951,,,,,,
9049,3,,,,,,,0.0,0.0,1.1853471597035725,0.33123421207854115,0.18288395802179971,0.015131368753301164,0.04258448009689649,0.01121635910668559,1.5598958333333333,0.047091513854232096,,,,,,
9099,3,,,,,,,0.0,0.0,1.1655879815419514,0.10327137490355558,0.19314558307329813,0.01362504073098259,0.044382562239964805,0.010047299160063267,1.6510416666666667,0.0708888416084177,,,,,,
9149,3,,,,,,,0.0,0.0,1.4090424378712971,0.22376589269237102,0.18199936052163443,0.0027509995879863086,0.04235092302163442,0.0017060425150125982,1.5520833333333333,0.04302789490067267,,,,,,
9199,3,,,,,,,0.0,0.0,1.2145555814107258,0.45485201521119173,0.19144755601882935,0.022734998627922626,0.04528870309392611,0.010922146134033943,1.625,0.15953576450517296,,,,,,
9249,3,,,,,,,0.0,0.0,1.224569280942281,0.2893060136918647,0.18950931231180826,0.0254089783971576,0.04725670566161474,0.013550517896446627,1.578125,0.15605456527686076,,,,,,
9299,3,,,,,,,0.0,0.0,1.3208654920260112,0.4938666592680317,0.18672252694765726,0.006480900450575318,0.048376171539227165,0.008104204663629903,1.5364583333333333,0.04302789490067267,,,,,,
9349,3,,,,,,,0.0,0.0,1.0711628595987956,0.04143918695004831,0.16841011742750803,0.010516963750395418,0.038527307411034904,0.00959075973774183,1.4453125,0.0078125,,,,,,
9399,3,,,,,,,0.0,0.0,1.4633381962776184,0.6279315305893068,0.1801250527302424,0.022348169569685876,0.04259249630073706,0.010229089076475614,1.5286458333333333,0.133576235450335,,,,,,
9449,3,,,,,,,0.0,0.0,1.05189444621404,0.2223770821111286,0.16629104812939963,0.018428411672320476,0.03771031896273295,0.007181952348470411,1.4296875,0.1286099815090182,,,,,,
9499,3,,,,,,,0.0,0.0,1.298145333925883,0.07671585330337599,0.18625244994958243,0.02131321109630437,0.04172120119134585,0.004573307992728553,1.6067708333333333,0.23905909583632942,,,,,,
9549,3,,,,,,,0.0,0.0,1.274780035018921,0.34384275834588673,0.189233069618543,0.014904435111823123,0.04860806589325269,0.007085055580940935,1.5598958333333333,0.09320588629256918,,,,,,
9599,3,,,,,,,0.0,0.0,1.202861984570821,0.295770136230083,0.1798426111539205,0.005874069513950328,0.044751462837060295,0.003943705073971934,1.5,0.09375,,,,,,
9649,3,,,,,,,0.0,0.0,1.7977464596430461,0.4994660691987026,0.17489850024382272,0.014943473147775322,0.0435508427520593,0.00632843123485361,1.4609375,0.1446895248238448,,,,,,
9699,3,,,,,,,0.0,0.0,1.3552010854085286,0.11534994146489329,0.1776756544907888,0.002007351471526605,0.03607409447431564,0.007358574654105193,1.5729166666666667,0.07425300744470444,,,,,,
9749,3,,,,,,,0.0,0.0,1.1958952744801838,0.19735017829714838,0.18475272754828134,0.013314536122291972,0.04673189545671145,0.00267132471960672,1.5364583333333333,0.12161765030037101,,,,,,
9799,3,,,,,,,0.0,0.0,1.1775221427281697,0.24947837443618032,0.17304358383019766,0.014458931023232731,0.038766237596670784,0.0052558621996371116,1.4921875,0.1015625,,,,,,
9849,3,,,,,,,0.0,0.0,1.2435453136761982,0.2529232958336137,0.1733548790216446,0.025619176949622045,0.04168170193831126,0.015583705548802295,1.4635416666666667,0.1270182124818458,,,,,,
9899,3,,,,,,,0.0,0.0,1.177848478158315,0.2810454906472646,0.17531954248746237,0.008411806833254157,0.039251831670602165,0.005632990566575802,1.5130208333333333,0.15513928133965083,,,,,,
9949,3,,,,,,,0.0,0.0,1.111723264058431,0.14053231492051613,0.17198865115642548,0.0039720802975918195,0.03722302739818891,0.0015413540143701385,1.4947916666666667,0.029577647634376425,,,,,,
9999,3,,,,,,,0.0,0.0,1.3260603348414104,0.12344569407732658,0.18185443182786307,0.012585993635154915,0.04481016347805659,0.0034199194915607084,1.5234375,0.11076130374029551,,,,,,
10049,3,,,,,,,0.0,0.0,1.067349374294281,0.1997179453103138,0.16832594076792398,0.007833985265064576,0.03518792614340782,0.0032666276859675608,1.4791666666666667,0.11959335940838578,,,,,,
10099,3,,,,,,,0.0,0.0,1.240843117237091,0.33449163619834255,0.1836420545975367,0.027864165804873425,0.04513293753067652,0.015138542338639666,1.5390625,0.14636714058746245,,,,,,
10149,3,,,,,,,0.0,0.0,1.8843653202056885,0.4362988309386587,0.173806831240654,0.01843793079583379,0.03855292250712713,0.009285318953521042,1.5026041666666667,0.11384110934580413,,,,,,
10199,3,,,,,,,0.0,0.0,1.1022530794143677,0.17511038051822445,0.1791028380393982,0.025159195187979815,0.04059372345606486,0.00666406070886403,1.5416666666666667,0.20556427991526965,,,,,,
10249,3,,,,,,,0.0,0.0,1.0619035561879475,0.1126112206223625,0.1793741981188456,0.009804215323661762,0.04037680228551229,0.005321221207200217,1.5416666666666667,0.0708888416084177,,,,,,
10299,3,,,,,,,0.0,0.0,1.3640213410059612,0.3826508381587999,0.1657081643740336,0.014767298027210989,0.039731599390506744,0.0033898289233839254,1.4010416666666667,0.1344869930591183,,,,,,
10349,3,,,,,,,0.0,0.0,1.2738529841105144,0.4221046385190502,0.17895923554897308,0.015368574696886022,0.04028736427426338,0.012900122343710773,1.5390625,0.028168369339562415,,,,,,
10399,3,,,,,,,0.0,0.0,1.1554678877194722,0.4468932675887502,0.168852761387825,0.011957851556098164,0.03701682264606158,0.002773098881827787,1.4635416666666667,0.10491269311710254,,,,,,
10449,3,,,,,,,0.0,0.0,1.1081401308377583,0.29090807101888566,0.176132470369339,0.01195278587848701,0.04039028286933899,0.006715669604683233,1.5104166666666667,0.09418302770846419,,,,,,
10499,3,,,,,,,0.0,0.0,1.2672658562660217,0.31500658211781773,0.15859567622343698,0.005813294501446438,0.034083958715200424,0.0015826178823167072,1.3854166666666667,0.05083130545818525,,,,,,
10549,3,,,,,,,0.0,0.0,1.4943859974543254,0.3386746773617274,0.18149704734484354,0.02614279170773265,0.04868454858660698,0.014463837279964767,1.4765625,0.14341843555223296,,,,,,
10599,3,,,,,,,0.0,0.0,1.0549416542053223,0.12547909751591718,0.16589747865994772,0.02117207934752782,0.043013362834850945,0.005580462874891277,1.3645833333333333,0.2009093908540199,,,,,,
10649,3,,,,,,,0.0,0.0,1.1747105518976848,0.2684575750549102,0.1679817090431849,0.012594970617920446,0.03614577651023865,0.0012230045337403028,1.4635416666666667,0.1344869930591183,,,,,,
10699,3,,,,,,,0.0,0.0,1.0094608863194783,0.1491358406983685,0.16222741703192392,0.004830817829382778,0.0339722086985906,0.0031953713794094425,1.4270833333333333,0.025113673856752488,,,,,,
10749,3,,,,,,,0.0,0.0,1.184118429819743,0.35541434672229827,0.1600747952858607,0.013088298885979318,0.033284428219000496,0.006731575543804864,1.4088541666666667,0.07903120263277874,,,,,,
10799,3,,,,,,,0.0,0.0,1.2986351450284321,0.3883690580790498,0.17146605253219604,0.01723453061881835,0.04369913041591644,0.010780020489295045,1.4166666666666667,0.10491269311710254,,,,,,
10849,3,,,,,,,0.0,0.0,1.0561525225639343,0.2127164950560681,0.17135023574034372,0.010916877692493332,0.03886325843632221,0.008690922367004247,1.4713541666666667,0.039322054350368486,,,,,,
10899,3,,,,,,,0.0,0.0,1.2603038748105366,0.6113890538619229,0.16295359035332999,0.013400526297763563,0.041208792477846146,0.008141120206903848,1.3541666666666667,0.05863713671457137,,,,,,
10949,3,,,,,,,0.0,0.0,1.2306620279947917,0.12960245093506584,0.17115172743797302,0.018011429229186464,0.04045511285463969,0.009559231244873212,1.453125,0.1085347186675766,,,,,,
10999,3,,,,,,,0.0,0.0,1.3682658672332764,0.42063201320329435,0.17444095512231192,0.01375460337223417,0.03967533136407534,0.006494342485424073,1.4947916666666667,0.08987205170175729,,,,,,
11049,3,,,,,,,0.0,0.0,1.3203259110450745,0.5152638104725189,0.16682157417138418,0.017493815114626568,0.03645047607521216,0.007140145950817946,1.4479166666666667,0.12111474952326547,,,,,,
11099,3,,,,,,,0.0,0.0,1.3413756291071575,0.5380639375111963,0.17211036880811056,0.0027641849101561465,0.03474057217439016,0.0011843607291664084,1.5260416666666667,0.047735163489123336,,,,,,
11149,3,,,,,,,0.0,0.0,1.1746489802996318,0.4610038995550997,0.171186164021492,0.005548447061600702,0.036095023776094116,0.0053019172560836835,1.5,0.05898308152555273,,,,,,
11199,3,,,,,,,0.0,0.0,1.173539638519287,0.3091313131229497,0.1744630535443624,0.02937865187665987,0.03693050270279249,0.014766380021695369,1.53125,0.20025008778087963,,,,,,
11249,3,,,,,,,0.0,0.0,1.607978622118632,0.09495182612903583,0.18583004673322043,0.0023753805317256907,0.05106442173322042,0.006451739591083578,1.5,0.04752158226795484,,,,,,
11299,3,,,,,,,0.0,0.0,1.1009482741355896,0.2566671005270342,0.16738871236642203,0.008295679192210357,0.034738972783088684,0.003773457231014165,1.4713541666666667,0.133576235450335,,,,,,
11349,3,,,,,,,0.0,0.0,1.1609592040379841,0.10767578160702258,0.18065230548381805,0.008111696617390569,0.049141887575387955,0.006828767458622206,1.4609375,0.04133986423538423,,,,,,
11399,3,,,,,,,0.0,0.0,1.0931873122851055,0.15467319385541972,0.16968977451324463,0.011181386885809904,0.03801659494638443,0.004845481959312424,1.4661458333333333,0.0797997575314821,,,,,,
11449,3,,,,,,,0.0,0.0,0.9922154744466146,0.18043013318323844,0.158983051776886,0.009428562426019053,0.03040231702228387,0.009233648319268869,1.4270833333333333,0.04302789490067267,,,,,,
11499,3,,,,,,,0.0,0.0,0.9870288570721945,0.22922139177429227,0.15711800754070282,0.005061901364667364,0.03097868834932645,0.0026413688343932913,1.4036458333333333,0.06551950846567252,,,,,,
11549,3,,,,,,,0.0,0.0,1.2486049334208171,0.2292222631741647,0.1683622399965922,0.009815393015191654,0.04417604332168897,0.003372983723183959,1.3802083333333333,0.0758791785642368,,,,,,
11599,3,,,,,,,0.0,0.0,0.9570267001787821,0.17262564625238822,0.16672791043917337,0.012348462877963177,0.03407817458113035,0.0005881657774563089,1.4739583333333333,0.13219833485934432,,,,,,
11649,3,,,,,,,0.0,0.0,1.2287851572036743,0.19537912237488692,0.16425209740797678,0.006232332256649093,0.033067200953761734,0.006917744930878257,1.4583333333333333,0.019661027175184243,,,,,,
11699,3,,,,,,,0.0,0.0,0.9937895933787028,0.014436569336388616,0.15432272851467133,0.0035912880750442145,0.03550762248535951,0.00557939986077874,1.3203125,0.020669932117692115,,,,,,
11749,3,,,,,,,0.0,0.0,1.2631969451904297,0.08646812452960383,0.15719281136989594,0.002449643397860254,0.03186728929479917,0.003475435231196075,1.3932291666666667,0.047735163489123336,,,,,,
11799,3,,,,,,,0.0,0.0,1.294743537902832,0.4453565641969998,0.1622940202554067,0.013897463864789359,0.03338777335981528,0.004024447943391561,1.4322916666666667,0.13982701831936248,,,,,,
11849,3,,,,,,,0.0,0.0,1.361569066842397,0.4111221422251553,0.16496160129706064,0.019711712446585036,0.037031917522350945,0.013950075203519206,1.4192708333333333,0.06314768569261532,,,,,,
11899,3,,,,,,,0.0,0.0,1.1007661422093709,0.16328128417065116,0.1766131321589152,0.012721763104805215,0.041521985083818436,0.0046305431988052795,1.5,0.1074041178505275,,,,,,
11949,3,,,,,,,0.0,0.0,1.4140953421592712,0.7975482681456201,0.15946930646896362,0.01051200691969042,0.03544587083160877,0.008261026327427248,1.375,0.12789613706050704,,,,,,
11999,3,,,,,,,0.0,0.0,1.0608431895573933,0.0439059337213583,0.16464398801326752,0.006724444839875278,0.03638877719640732,0.004207917907240623,1.4244791666666667,0.08640968761998467,,,,,,
12049,3,,,,,,,0.0,0.0,1.403705398241679,0.5297291995840991,0.17119474709033966,0.014833738928418688,0.035452558348576226,0.004891447889135451,1.5078125,0.12789613706050704,,,,,,
12099,3,,,,,,,0.0,0.0,1.2039107084274292,0.3235348483302037,0.18213952581087747,0.012342438410557611,0.04249108458558718,0.008324041384479529,1.5494791666666667,0.06825699178167269,,,,,,
12149,3,,,,,,,0.0,0.0,1.4399147033691406,0.2666600209647025,0.1776274343331655,0.023448479844072674,0.04725634430845579,0.006129066986807513,1.4479166666666667,0.19411088701650234,,,,,,
12199,3,,,,,,,0.0,0.0,1.3769501050313313,0.5937819661975541,0.16091359655062357,0.011173039454685858,0.03607635758817196,0.010480973397766326,1.3880208333333333,0.03252603124165832,,,,,,
12249,3,,,,,,,0.0,0.0,1.031524380048116,0.32292786769850096,0.17007608711719513,0.024436476067751643,0.040030512337883316,0.0161499134062105,1.4453125,0.09600160724566022,,,,,,
12299,3,,,,,,,0.0,0.0,1.2967038750648499,0.4148475356949492,0.1657173534234365,0.016801061491045814,0.04250771924853325,0.00667170402155462,1.3697916666666667,0.1417776832168354,,,,,,
12349,3,,,,,,,0.0,0.0,1.1292967796325684,0.2731597709741742,0.17790454129378,0.033051031173276575,0.04606859882672628,0.023362475321430834,1.4661458333333333,0.1108531075718373,,,,,,
12399,3,,,,,,,0.0,0.0,1.1389510830243428,0.21997339063331306,0.16331139206886292,0.012189965928576558,0.03245202327768008,0.002142843233774756,1.453125,0.12203515118604147,,,,,,
12449,3,,,,,,,0.0,0.0,1.0961364110310872,0.28097569852719073,0.1630449245373408,0.014615727754665036,0.035603522012631096,0.00829773839900858,1.4166666666666667,0.1284516922410263,,,,,,
12499,3,,,,,,,0.0,0.0,0.8887315988540649,0.16964083590776644,0.15600536266962686,0.010767223396819622,0.03377229596177737,0.003198130527801363,1.359375,0.09210801658243434,,,,,,
12549,3,,,,,,,0.0,0.0,1.07075834274292,0.19098372382157658,0.16638480623563132,0.005666054619368016,0.03780407831072807,0.003684646357081411,1.4296875,0.05898308152555273,,,,,,
12599,3,,,,,,,0.0,0.0,1.4513108332951863,0.7413969908748951,0.157692422469457,0.018359605806426402,0.031227583686510723,0.00698474076585724,1.4036458333333333,0.1432765073279054,,,,,,
12649,3,,,,,,,0.0,0.0,1.3453562657038372,0.13102228410206262,0.1743117074171702,0.01556042220384722,0.04638202115893364,0.004184910135555895,1.421875,0.14905300022139775,,,,,,
12699,3,,,,,,,0.0,0.0,1.0483906865119934,0.21398981406893045,0.17561204234759012,0.01393554856075737,0.036289126301805176,0.009210149737292068,1.546875,0.0625,,,,,,
12749,3,,,,,,,0.0,0.0,1.07663627465566,0.2612625187856454,0.16344870130221048,0.01637453148951695,0.03356588756044706,0.005900837169674775,1.4401041666666667,0.18526225428992096,,,,,,
12799,3,,,,,,,0.0,0.0,1.0728312929471333,0.4131854602244749,0.15662211179733276,0.017837566071024734,0.03145935386419296,0.006050716847767676,1.390625,0.1446895248238448,,,,,,
12849,3,,,,,,,0.0,0.0,1.387496034304301,0.33011756688013605,0.16376027464866638,0.004275957288074316,0.037295435865720115,0.005123044103932177,1.4036458333333333,0.019661027175184243,,,,,,
12899,3,,,,,,,0.0,0.0,1.1044553120930989,0.20926473233840479,0.159430926044782,0.007995039393654505,0.03540749102830887,0.0017712809770825083,1.3776041666666667,0.06825699178167269,,,,,,
12949,3,,,,,,,0.0,0.0,1.0067407091458638,0.11410824153673185,0.1558430145184199,0.005255634709014522,0.03149405618508657,0.003953803294524724,1.3828125,0.0859375,,,,,,
12999,3,,,,,,,0.0,0.0,1.3595462640126545,0.5312249503874567,0.16272452473640442,0.014859054326277736,0.03625967912375927,0.005745580306598972,1.40625,0.12027190873703635,,,,,,
13049,3,,,,,,,0.0,0.0,1.3543757597605388,0.5064249991665386,0.17273341615994772,0.015920431236024206,0.040571959068377815,0.004717876732307184,1.46875,0.125,,,,,,
13099,3,,,,,,,0.0,0.0,1.0269434253374736,0.12421934366506016,0.16593342026074728,0.01701204000059904,0.039305816714962326,0.01187765329011753,1.4036458333333333,0.05863713671457137,,,,,,
13149,3,,,,,,,0.0,0.0,0.9510791500409445,0.05552796329347582,0.1593781660000483,0.00837228464107689,0.03258779893318812,0.002551101921057024,1.4088541666666667,0.0828026723728367,,,,,,
13199,3,,,,,,,0.0,0.0,1.0720004041989644,0.1359328518574649,0.16322052478790283,0.020634029370010035,0.036755686004956566,0.011513090629621806,1.4036458333333333,0.09892406204803426,,,,,,
13249,3,,,,,,,0.0,0.0,1.2147136529286702,0.5752520073611447,0.15810980896155039,0.01494111392769437,0.03229600811998049,0.008354231017403771,1.3984375,0.08230979494416202,,,,,,
13299,3,,,,,,,0.0,0.0,0.9014270106951395,0.09140684452875922,0.15008431673049927,0.008975825243525228,0.029478854189316433,0.004037190292017567,1.3411458333333333,0.05863713671457137,,,,,,
13349,3,,,,,,,0.0,0.0,1.1508278648058574,0.23095604127076613,0.16533929109573364,0.01151098949399236,0.03545647921661536,0.005465298232800614,1.4427083333333333,0.06644453553215142,,,,,,
13399,3,,,,,,,0.0,0.0,0.958722988764445,0.06677055203310682,0.15074998140335083,0.008488691310251324,0.03274867869913578,0.008277242359858529,1.3098958333333333,0.029577647634376425,,,,,,
13449,3,,,,,,,0.0,0.0,0.9374846816062927,0.0990792302339813,0.15567632019519806,0.011823334640560585,0.029862516249219578,0.0031071571940144965,1.3984375,0.109375,,,,,,
13499,3,,,,,,,0.0,0.0,1.118821879227956,0.32881740713531143,0.17084980507691702,0.005454175393629252,0.034456575910250344,0.0013094479576835688,1.515625,0.061017575593020734,,,,,,
13549,3,,,,,,,0.0,0.0,1.033623496691386,0.1280175767133879,0.1562870442867279,0.01048709687443915,0.03340293342868487,0.004801876790035691,1.3671875,0.0667500292602932,,,,,,
13599,3,,,,,,,0.0,0.0,0.9015698631604513,0.15037717550137855,0.1600934018691381,0.006686938587805652,0.03118715062737465,0.006686935290533391,1.4348958333333333,0.004510548978043951,,,,,,
13649,3,,,,,,,0.0,0.0,0.9829243818918864,0.15994636282645425,0.1543911099433899,0.0056549196008136605,0.03085595058898131,0.004698690546032288,1.3723958333333333,0.044423755492791615,,,,,,
13699,3,,,,,,,0.0,0.0,1.285590688387553,0.7556653153959775,0.16416401664415994,0.013042918249089852,0.03330464412768682,0.004197370380391427,1.453125,0.12278307535548212,,,,,,
13749,3,,,,,,,0.0,0.0,0.9202539126078287,0.19740191455812012,0.15124399463335672,0.014595783447513246,0.028522643571098644,0.005976609250994944,1.3645833333333333,0.1016626109163705,,,,,,
13799,3,,,,,,,0.0,0.0,1.0090601841608684,0.11157623119746085,0.15769892930984497,0.006602016196425175,0.03448929203053316,0.005451287639607455,1.3697916666666667,0.06551950846567252,,,,,,
13849,3,,,,,,,0.0,0.0,1.0284271438916524,0.3269716377573872,0.15296589334805807,0.004594022295539845,0.0297562579313914,0.004916145169098561,1.3671875,0.013531646934131853,,,,,,
13899,3,,,,,,,0.0,0.0,0.9118072191874186,0.09805470741868169,0.15126157800356546,0.00745181500872779,0.027238142987092335,0.002757537303833968,1.3802083333333333,0.10946796644262345,,,,,,
13949,3,,,,,,,0.0,0.0,1.1005375981330872,0.20421363606092222,0.16200080513954163,0.015945489156110198,0.03667527996003628,0.010563113060332521,1.3932291666666667,0.1367373499252612,,,,,,
13999,3,,,,,,,0.0,0.0,1.1204449733098347,0.30887253404270404,0.1591921697060267,0.0031645935473870075,0.03516873468955358,0.0038827538249731125,1.375,0.027063293868263706,,,,,,
14049,3,,,,,,,0.0,0.0,0.9549851020177206,0.09654836196356165,0.15983987351258597,0.0056136188962062775,0.03142189979553223,0.002963551772542407,1.4296875,0.04878904686248749,,,,,,
14099,3,,,,,,,0.0,0.0,1.1420084238052368,0.1273233268025248,0.16163303951422373,0.006445125489028815,0.031912985568245254,0.0030729079850336425,1.4427083333333333,0.0813150781041458,,,,,,
14149,3,,,,,,,0.0,0.0,0.9416575829188029,0.09901660067941429,0.15991275012493134,0.014061300326346018,0.03230858035385609,0.013796508308081698,1.4166666666666667,0.009021097956087902,,,,,,
14199,3,,,,,,,0.0,0.0,0.8857472936312357,0.1090183714152917,0.15198356906572977,0.015322992845774397,0.03154086135327816,0.003868336606478841,1.3385416666666667,0.1432765073279054,,,,,,
14249,3,,,,,,,0.0,0.0,0.8698125680287679,0.12974227302027208,0.15172440807024637,0.010336438321061665,0.030793418486913044,0.006441774440956598,1.34375,0.04752158226795484,,,,,,
14299,3,,,,,,,0.0,0.0,1.10672394434611,0.34321366230251904,0.16077935695648193,0.021179594972456445,0.03431450886030992,0.01586490613327718,1.4088541666666667,0.07825510000685791,,,,,,
14349,3,,,,,,,0.0,0.0,1.0823403000831604,0.19339169471792034,0.1633203625679016,0.010106931186888707,0.035065154234568276,0.00417492696139984,1.4244791666666667,0.06314768569261532,,,,,,
14399,3,,,,,,,0.0,0.0,0.9959726333618164,0.21049916395800725,0.16063790023326874,0.029899936001060282,0.02782539650797844,0.007013222601107028,1.4739583333333333,0.2551153104276247,,,,,,
14449,3,,,,,,,0.0,0.0,0.9399277965227762,0.11414801470454854,0.15517887473106384,0.00574046068596947,0.03473616639773051,0.003154524023935812,1.3359375,0.09789034442298178,,,,,,
14499,3,,,,,,,0.0,0.0,1.034000317255656,0.1303271064998802,0.16142718493938446,0.008005979492624538,0.03024229221045971,0.0022897764809252648,1.4583333333333333,0.09054863880580058,,,,,,
14549,3,,,,,,,0.0,0.0,1.010158658027649,0.2848276449476519,0.1546119103829066,0.008774876872543833,0.029937429974476498,0.0014583174038377668,1.3854166666666667,0.08426400878835123,,,,,,
14599,3,,,,,,,0.0,0.0,1.1340203682581584,0.02831621454383697,0.1600727637608846,0.00825926535638357,0.0279113066693147,0.006130910584310987,1.46875,0.150884436842406,,,,,,
14649,3,,,,,,,0.0,0.0,1.0021940072377522,0.12036104835352764,0.1683363070090612,0.024650794560744274,0.03877901534239451,0.013718383880470418,1.4375,0.12027190873703635,,,,,,
14699,3,,,,,,,0.0,0.0,0.9874886075655619,0.16305881266502348,0.16469399134318033,0.022295598266188692,0.02992836448053519,0.0067071165118236,1.4973958333333333,0.1842712455243176,,,,,,
14749,3,,,,,,,0.0,0.0,1.0977141857147217,0.15772777172744792,0.1518092304468155,0.0026471029130091485,0.032505846271912255,0.004764877962109683,1.3255208333333333,0.07045702738785772,,,,,,
14799,3,,,,,,,0.0,0.0,0.9313283363978068,0.25773628464121606,0.14951793352762857,0.009710728922523462,0.029889024794101715,0.005943131234696468,1.3307291666666667,0.073840869160197,,,,,,
14849,3,,,,,,,0.0,0.0,1.0894227822621663,0.0914371842833755,0.15667304396629333,0.010641837500559458,0.0315102847913901,0.007014069760356177,1.390625,0.0390625,,,,,,
14899,3,,,,,,,0.0,0.0,1.0303770303726196,0.0278639681747554,0.15466548999150595,0.011676658722645825,0.03503658374150594,0.006036139813866772,1.328125,0.09789034442298178,,,,,,
14949,3,,,,,,,0.0,0.0,1.0280733903249104,0.2490790759604788,0.1560762276252111,0.007481430597144005,0.03449420010050138,0.0043131872371873865,1.3515625,0.0358013726168425,,,,,,
14999,3,,,,,,,0.0,0.0,0.9015639821688334,0.10286297703481996,0.15902523696422577,0.004894519417689845,0.03353695757687092,0.006493679749461104,1.3932291666666667,0.01626301562082916,,,,,,
15049,3,,,,,,,0.0,0.0,0.9297436277071635,0.14425529408878704,0.14895078539848328,0.0023883843277045682,0.032902609556913376,0.0004937610912492093,1.2890625,0.028168369339562415,,,,,,
15099,3,,,,,,,0.0,0.0,0.8347596327463785,0.227025897053881,0.15478742122650146,0.025502719105924318,0.030763984347383182,0.007767723540488708,1.3776041666666667,0.19861786422571193,,,,,,
15149,3,,,,,,,0.0,0.0,1.0549724102020264,0.18104132485871252,0.1548616886138916,0.010384437246007195,0.03295413094262282,0.004202779306663069,1.3567708333333333,0.0708888416084177,,,,,,
15199,3,,,,,,,0.0,0.0,1.139395296573639,0.2871821193548526,0.15963569780190787,0.003708102628617578,0.031054966772596043,0.0005610791936697631,1.4296875,0.0390625,,,,,,
15249,3,,,,,,,0.0,0.0,1.131006896495819,0.258806876014809,0.14731978376706442,0.008851375766775964,0.029806765417257946,0.00048194171617453076,1.3046875,0.10334966058846057,,,,,,
15299,3,,,,,,,0.0,0.0,0.9502762953440348,0.1302863950717075,0.16176192462444305,0.013097674589419869,0.03187910964091619,0.002811386034299022,1.4427083333333333,0.11384110934580413,,,,,,
15349,3,,,,,,,0.0,0.0,1.0093234181404114,0.16063408035667098,0.15451852480570474,0.010007658601501362,0.027402636284629505,0.005536549732879486,1.4140625,0.08156489460086368,,,,,,
15399,3,,,,,,,0.0,0.0,1.2299409707387288,0.2563733618721472,0.16315998136997223,0.01565452275827494,0.036695136999090515,0.00759294252455177,1.40625,0.09472152853892297,,,,,,
15449,3,,,,,,,0.0,0.0,0.8272767861684164,0.15079115551494485,0.15398061772187552,0.017668514254728686,0.03158478314677874,0.015599941800038998,1.3619791666666667,0.0369204345800985,,,,,,
15499,3,,,,,,,0.0,0.0,0.9995861848195394,0.24791053119398473,0.15038040280342102,0.0037630639916163534,0.030100451161464054,0.004517695501533308,1.3359375,0.028168369339562415,,,,,,
15549,3,,,,,,,0.0,0.0,1.0124652981758118,0.08426275837361395,0.14636299510796866,0.011669226735937158,0.030152053261796635,0.009516364985142951,1.2916666666666667,0.05317858816839098,,,,,,
15599,3,,,,,,,0.0,0.0,0.8738935589790344,0.06947080309014005,0.16124455134073892,0.01028300322897255,0.03429142447809378,0.008278774893978824,1.4114583333333333,0.04009063624567878,,,,,,
15649,3,,,,,,,0.0,0.0,1.3750349283218384,0.48675802561142306,0.17318507532278696,0.012755558152717478,0.039396009097496666,0.008198497529942818,1.4869791666666667,0.14069731936708435,,,,,,
15699,3,,,,,,,0.0,0.0,1.014661153157552,0.029804705026829754,0.16062984863917032,0.004850149482485447,0.032700156792998314,0.0031413725150560372,1.421875,0.0859375,,,,,,
15749,3,,,,,,,0.0,0.0,0.826775868733724,0.05783059275733612,0.14810275038083395,0.0062726960378201736,0.026683480168382328,0.002411769910635619,1.3489583333333333,0.09547032697824667,,,,,,
15799,3,,,,,,,0.0,0.0,0.9088111718495687,0.20288880863617556,0.15004585683345795,0.026033526077359537,0.028952106833457947,0.012497165564167785,1.34375,0.14966596922396888,,,,,,
15849,3,,,,,,,0.0,0.0,1.030593474706014,0.06465375005761285,0.16458223263422647,0.004531417880163555,0.03551322345932325,0.005152540887933616,1.4322916666666667,0.09705544350825117,,,,,,
15899,3,,,,,,,0.0,0.0,1.3319359024365742,0.658962687861029,0.1539681206146876,0.009143690858434044,0.03238608812292417,0.005746941651779285,1.3515625,0.0390625,,,,,,
15949,3,,,,,,,0.0,0.0,0.9821368058522543,0.2367109520319567,0.1568261831998825,0.007167313337233953,0.030198576549688976,0.00436314771293467,1.4036458333333333,0.07667933262674717,,,,,,
15999,3,,,,,,,0.0,0.0,0.9884991447130839,0.2802879380621636,0.1516125500202179,0.016480555661847873,0.029053958132863045,0.00781529917700908,1.3619791666666667,0.09953913986258538,,,,,,
16049,3,,,,,,,0.0,0.0,1.1463034550348918,0.38814722899435544,0.14596731960773468,0.0038557146312559673,0.026989455645283062,0.003128175681578724,1.3229166666666667,0.011933790872280834,,,,,,
16099,3,,,,,,,0.0,0.0,1.038987437884013,0.13852178279923313,0.15107543766498566,0.005894166092529481,0.028028562664985657,0.0027382222346213517,1.3697916666666667,0.07045702738785772,,,,,,
16149,3,,,,,,,0.0,0.0,0.9223388433456421,0.1110760844999379,0.162253737449646,0.007392693995210481,0.031068840995430946,0.0026403202569179884,1.4557291666666667,0.05201818842562026,,,,,,
16199,3,,,,,,,0.0,0.0,1.237026333808899,0.3877182185035425,0.15210425357023874,0.0162897327239488,0.030033940449357033,0.004011665769981601,1.3567708333333333,0.14069731936708435,,,,,,
16249,3,,,,,,,0.0,0.0,1.3396330277125041,0.604679345667894,0.16066334148248038,0.00964478777068434,0.031919856245319046,0.008870796335040565,1.4322916666666667,0.07903120263277874,,,,,,
16299,3,,,,,,,0.0,0.0,0.8295831878980001,0.216049383417296,0.14904476205507913,0.010596799236300941,0.023230961834390957,0.004521423137664906,1.3958333333333333,0.09054863880580058,,,,,,
16349,3,,,,,,,0.0,0.0,1.0070551633834839,0.3147130700428784,0.15562531848748526,0.007386138163705272,0.028834952041506767,0.004233507610925565,1.40625,0.046875,,,,,,
16399,3,,,,,,,0.0,0.0,1.1091227531433105,0.40202014295458516,0.1538614978392919,0.004116140129868223,0.027722174301743507,0.00332670129262167,1.4010416666666667,0.06551950846567252,,,,,,
16449,3,,,,,,,0.0,0.0,0.8812711040178934,0.0946675662160311,0.15251348416010538,0.0036184977642514044,0.02767624333500862,0.007268063892924428,1.3880208333333333,0.047091513854232096,,,,,,
16499,3,,,,,,,0.0,0.0,0.8790227373441061,0.18274476367994336,0.1538544495900472,0.010306149275052008,0.028691690415143967,0.006667506401559205,1.390625,0.05633673867912483,,,,,,
16549,3,,,,,,,0.0,0.0,1.0285773277282715,0.18251501151639946,0.157475213209788,0.01764563113589238,0.038009067376454674,0.01781561531351057,1.328125,0.04349815908460954,,,,,,
16599,3,,,,,,,0.0,0.0,0.9363216360410055,0.07965954505462365,0.15557674070199332,0.01004129350061885,0.031878821551799774,0.0012874656989336206,1.375,0.09789034442298178,,,,,,
16649,3,,,,,,,0.0,0.0,0.9207903146743774,0.1781075774149787,0.15375172098477682,0.008538843981969404,0.029402758926153183,0.0032756219399998126,1.3828125,0.061017575593020734,,,,,,
16699,3,,,,,,,0.0,0.0,0.9924675027529398,0.0932740561832707,0.16117607553799948,0.021804121351805723,0.02624768887956937,0.007680699263151701,1.4973958333333333,0.18509745462413396,,,,,,
16749,3,,,,,,,0.0,0.0,1.3234700163205464,0.751659153424264,0.16071042915185293,0.021777823349612722,0.03310626248518626,0.012862928292620552,1.4192708333333333,0.10196235390860361,,,,,,
16799,3,,,,,,,0.0,0.0,1.2417229215304058,0.511190929727828,0.16131408512592316,0.016334395619076916,0.03533752759297689,0.014517677477182196,1.3984375,0.10510643786776336,,,,,,
16849,3,,,,,,,0.0,0.0,0.9710584084192911,0.3400394114164036,0.1612926423549652,0.019482372795120866,0.030433271701137226,0.010734282472918551,1.453125,0.1446895248238448,,,,,,
16899,3,,,,,,,0.0,0.0,1.0346168279647827,0.2579466171054937,0.15263526638348898,0.007830337125105597,0.02861182764172554,0.0005134884112035032,1.3802083333333333,0.09418302770846419,,,,,,
16949,3,,,,,,,0.0,0.0,0.9883222778638204,0.3701914647790389,0.1486376424630483,0.014177713983635643,0.027218376596768696,0.0067453215791457135,1.3489583333333333,0.0820622461280663,,,,,,
16999,3,,,,,,,0.0,0.0,0.898764431476593,0.08970972073930938,0.14755588273207346,0.009545244726929747,0.026950413982073467,0.008053206914433437,1.3385416666666667,0.023867581744561668,,,,,,
17049,3,,,,,,,0.0,0.0,1.188246210416158,0.6120488308268924,0.1508543739716212,0.01805074332774811,0.02764473855495453,0.00850138139667194,1.3671875,0.1355418091632615,,,,,,
17099,3,,,,,,,0.0,0.0,1.2566664417584736,0.613191462605958,0.15190762281417847,0.009073095769258828,0.0296745498975118,0.0062934763553929955,1.3567708333333333,0.04302789490067267,,,,,,
17149,3,,,,,,,0.0,0.0,1.168476899464925,0.31786860607114104,0.1549831529458364,0.009711760535744265,0.0325873214751482,0.0067810350507597605,1.359375,0.0390625,,,,,,
17199,3,,,,,,,0.0,0.0,1.1134293874104817,0.2034093047709869,0.14626482129096985,0.004556579274821859,0.026147637516260147,0.003799419850981698,1.3359375,0.027063293868263706,,,,,,
17249,3,,,,,,,0.0,0.0,1.4304579099019368,0.6650555978373881,0.1653471291065216,0.007795037651790867,0.03774296368161837,0.002384356846473908,1.4166666666666667,0.06362912355661779,,,,,,
17299,3,,,,,,,0.0,0.0,0.9662398298581442,0.14223150319251937,0.17501622438430786,0.003931172521837696,0.033414663126071296,0.008907936349758238,1.5755208333333333,0.0797997575314821,,,,,,
17349,3,,,,,,,0.0,0.0,0.8211981455485026,0.24130151143975132,0.14157767593860626,0.015273756862682545,0.02455293262998263,0.008177770202066129,1.2994791666666667,0.09768228819537006,,,,,,
17399,3,,,,,,,0.0,0.0,1.0010026494661968,0.12805831622032543,0.15007681647936502,0.006498417089849869,0.02768098625044028,0.006891201616140939,1.359375,0.0358013726168425,,,,,,
17449,3,,,,,,,0.0,0.0,0.9031221866607666,0.07640000085623118,0.14432813227176666,0.011073673138321919,0.02551303120950858,0.003256124971769542,1.3177083333333333,0.1151736686848749,,,,,,
17499,3,,,,,,,0.0,0.0,1.0952321290969849,0.5080857236676224,0.14923184116681418,0.004271224740140233,0.026347725341717403,0.001960906008844363,1.3645833333333333,0.05915529526875285,,,,,,
17549,3,,,,,,,0.0,0.0,1.0622139970461528,0.2528938378007144,0.15056991577148438,0.006088821895176577,0.026220958679914474,0.002720828703639644,1.3802083333333333,0.05083130545818525,,,,,,
17599,3,,,,,,,0.0,0.0,0.8594380815823873,0.21437774985845748,0.1563776433467865,0.010022190085856553,0.031377640242377915,0.006677530079902704,1.390625,0.11561444208553705,,,,,,
17649,3,,,,,,,0.0,0.0,0.6843843261400858,0.07401106604149149,0.1374501734972,0.0059737306104085345,0.01944887265563011,0.0025872990185626375,1.3098958333333333,0.06068323019651585,,,,,,
17699,3,,,,,,,0.0,0.0,1.0530109405517578,0.23484546021850622,0.15507286290327707,0.019292740755675074,0.0346301564325889,0.017902510849382904,1.3385416666666667,0.0708888416084177,,,,,,
17749,3,,,,,,,0.0,0.0,1.0326921542485554,0.1983878464640563,0.15274407962958017,0.0023827024484537472,0.026930278167128563,0.0004886023582650149,1.3958333333333333,0.03252603124165832,,,,,,
17799,3,,,,,,,0.0,0.0,1.4013612866401672,0.9413345310220759,0.16938377916812897,0.017530504132755018,0.03917544521391392,0.011568572524032431,1.4453125,0.06394806853025352,,,,,,
17849,3,,,,,,,0.0,0.0,1.0389398336410522,0.26961164844944596,0.16037013630072275,0.01664971930027072,0.03553289299209913,0.011827073354591999,1.3880208333333333,0.07259041596232475,,,,,,
17899,3,,,,,,,0.0,0.0,0.9001915653546652,0.0907412586115047,0.14926888545354208,0.0044758831571306695,0.02703581067423026,0.0011398490645775914,1.359375,0.05122998847110938,,,,,,
17949,3,,,,,,,0.0,0.0,1.4457990527153015,1.012688720509705,0.15312035381793976,0.007003104075478903,0.029422431563337643,0.0080663377801378,1.375,0.0358013726168425,,,,,,
17999,3,,,,,,,0.0,0.0,1.0759831666946411,0.1900188685644216,0.1631733626127243,0.019298264628954037,0.03133742262919744,0.0037992171270431517,1.4635416666666667,0.17820950115547526,,,,,,
18049,3,,,,,,,0.0,0.0,1.0659703016281128,0.16975317943281554,0.1631985455751419,0.01705805875540709,0.030711571375528973,0.007287410135187337,1.4713541666666667,0.1601721282779352,,,,,,
18099,3,,,,,,,0.0,0.0,1.4505204558372498,0.6755839409522716,0.15532735486825308,0.008077752591016374,0.029513553405801456,0.006892599585288313,1.3984375,0.04133986423538423,,,,,,
18149,3,,,,,,,0.0,0.0,0.8610289692878723,0.04835890988760693,0.15021314720312753,0.007286030061916862,0.025864187628030777,0.0032501598957662098,1.3828125,0.07694420157653206,,,,,,
18199,3,,,,,,,0.0,0.0,1.2701167662938435,0.5299070942888033,0.15493539969126383,0.010589374207227449,0.027493996545672417,0.006809449992351739,1.4166666666666667,0.08781101718795503,,,,,,
18249,3,,,,,,,0.0,0.0,0.8580331603686014,0.07918022921727817,0.1450026979049047,0.003323235887547079,0.0243972335010767,0.0020824342052719507,1.3411458333333333,0.039322054350368486,,,,,,
18299,3,,,,,,,0.0,0.0,0.8583660324414571,0.22441456667428408,0.1406866063674291,0.0166840005057779,0.02496395322183768,0.008638567464981626,1.2864583333333333,0.09054863880580058,,,,,,
18349,3,,,,,,,0.0,0.0,0.8804627656936646,0.22652852695897283,0.15450688699881235,0.012962164322969788,0.03146001324057579,0.010261063452362407,1.3671875,0.04349815908460954,,,,,,
18399,3,,,,,,,0.0,0.0,1.2565396030743916,0.79170218794311,0.1586929311354955,0.005353639881022308,0.032553606356183686,0.0029542706971811333,1.4036458333333333,0.029577647634376425,,,,,,
18449,3,,,,,,,0.0,0.0,0.8248580495516459,0.20198071872855144,0.14865676561991373,0.011251956982511416,0.024958844607075054,0.001477456792063231,1.375,0.11796616305110547,,,,,,
18499,3,,,,,,,0.0,0.0,0.8425540328025818,0.08328252520000304,0.1461490591367086,0.01257186332610434,0.027008434757590294,0.005788540194920928,1.3229166666666667,0.10946796644262345,,,,,,
18549,3,,,,,,,0.0,0.0,0.8740182320276896,0.10164016311946901,0.14125065505504608,0.005234317736174646,0.02227279047171275,0.0016140084088390857,1.3203125,0.04349815908460954,,,,,,
18599,3,,,,,,,0.0,0.0,1.0031267404556274,0.15077970529082738,0.15955249468485513,0.015122957707735082,0.03259936968485514,0.005520667957160748,1.4088541666666667,0.1108531075718373,,,,,,
18649,3,,,,,,,0.0,0.0,0.9384412169456482,0.2038167682652255,0.15182705720265707,0.010369012079714432,0.02780361846089363,0.005104417700058125,1.3802083333333333,0.0708888416084177,,,,,,
18699,3,,,,,,,0.0,0.0,1.1629397869110107,0.16559514519541102,0.16089261571566263,0.006932739096810362,0.03524157529075941,0.006500650173085593,1.3958333333333333,0.12939852342505045,,,,,,
18749,3,,,,,,,0.0,0.0,1.0155226786931355,0.2905561501205047,0.14679708083470663,0.013352569856186353,0.030097865189115208,0.007800728704078268,1.296875,0.06943901888527804,,,,,,
18799,3,,,,,,,0.0,0.0,0.9786487221717834,0.224934516685215,0.14422414203484854,0.009566747596717974,0.02719940369327863,0.003391559850195642,1.2994791666666667,0.07667933262674717,,,,,,
18849,3,,,,,,,0.0,0.0,0.9332967599232992,0.29434217974104654,0.14782994985580444,0.002747670438673293,0.024620318164428074,0.0019821385860001226,1.3697916666666667,0.04302789490067267,,,,,,
18899,3,,,,,,,0.0,0.0,1.1004000107447307,0.4282391939361082,0.15151638785998026,0.010719521854840694,0.02749294601380825,0.004034313137821411,1.3802083333333333,0.0797997575314821,,,,,,
18949,3,,,,,,,0.0,0.0,1.0260324279467266,0.0876297412647224,0.15669720868269602,0.005211303469920136,0.029581322024265926,0.0023799693135763914,1.4140625,0.08156489460086368,,,,,,
18999,3,,,,,,,0.0,0.0,1.1786881287892659,0.4539875977751186,0.15134609242280325,0.018244521960578255,0.031879943485061325,0.01035985103331324,1.328125,0.1015625,,,,,,
19049,3,,,,,,,0.0,0.0,0.9364447792371114,0.2097518600435054,0.14254537721474966,0.006993287761827818,0.025357877214749653,0.004931978920168017,1.3020833333333333,0.025113673856752488,,,,,,
19099,3,,,,,,,0.0,0.0,0.8918498953183492,0.12287030485485288,0.15165522694587708,0.015242926979960119,0.028608348220586777,0.006514830923750395,1.3671875,0.12027190873703635,,,,,,
19149,3,,,,,,,0.0,0.0,1.0057249069213867,0.3716771099897299,0.13975319266319275,0.015994329330095276,0.0246815774589777,0.0057296626529367125,1.2786458333333333,0.11933790872280833,,,,,,
19199,3,,,,,,,0.0,0.0,1.0002021392186482,0.0458236634861188,0.15478079517682394,0.007983896750478416,0.02799042562643687,0.004242033954748577,1.4088541666666667,0.044423755492791615,,,,,,
19249,3,,,,,,,0.0,0.0,1.1319101055463154,0.31718584194401656,0.15070336560408273,0.017666902911871122,0.03221377792457739,0.014482331766712736,1.3177083333333333,0.09254872731206698,,,,,,
19299,3,,,,,,,0.0,0.0,1.0752477844556172,0.3545130263651405,0.15327581266562143,0.01856835516603507,0.027624767273664474,0.0053026094425349295,1.3984375,0.15388840315306412,,,,,,
19349,3,,,,,,,0.0,0.0,0.9265783826510111,0.05001156843450437,0.15176995595296225,0.011114383243881821,0.03149000555276871,0.0012414892923413772,1.3359375,0.11666550408646936,,,,,,
19399,3,,,,,,,0.0,0.0,0.9541426102320353,0.25406027441014045,0.13471699257691702,0.0061957118067821814,0.02387715068956216,0.001472458470324643,1.2317708333333333,0.0813150781041458,,,,,,
19449,3,,,,,,,0.0,0.0,1.124931236108144,0.20579208100558954,0.1621034344037374,0.009436007621355071,0.030593013390898705,0.003922172592942701,1.4609375,0.061017575593020734,,,,,,
19499,3,,,,,,,0.0,0.0,1.207505424817403,0.19969148134006032,0.1578764667113622,0.004185784930647227,0.033201985682050385,0.003639851530717075,1.3828125,0.0234375,,,,,,
19549,3,,,,,,,0.0,0.0,0.9880233009656271,0.08063684884014469,0.14930196106433868,0.006902781197209518,0.027231646701693535,0.005125398025431894,1.3567708333333333,0.03252603124165832,,,,,,
19599,3,,,,,,,0.0,0.0,0.9488814274470011,0.16396666574353086,0.14654467006524405,0.00859705281470303,0.02561368482808272,0.001195306622902562,1.3463541666666667,0.08640968761998467,,,,,,
19649,3,,,,,,,0.0,0.0,1.183307945728302,0.2589337562290716,0.16406265397866568,0.0149398598089512,0.03417984023690224,0.006966390369583341,1.4427083333333333,0.09122020775071352,,,,,,
19699,3,,,,,,,0.0,0.0,0.9013391137123108,0.1042236343522835,0.1510202040274938,0.008381199837611767,0.02829884986082713,0.001666938635589065,1.3619791666666667,0.08353653610596583,,,,,,
19749,3,,,,,,,0.0,0.0,1.0006685853004456,0.12842537330491482,0.14376659194628397,0.005640806834736241,0.026090808833638828,0.002422225470219726,1.3072916666666667,0.044423755492791615,,,,,,
19799,3,,,,,,,0.0,0.0,0.9619871775309244,0.08844936490254758,0.1561686098575592,0.0015256954459196442,0.028727198019623756,0.003455508026134966,1.4140625,0.0358013726168425,,,,,,
19849,3,,,,,,,0.0,0.0,1.0238023201624553,0.2276057233332168,0.1552059551080068,0.016195593964163115,0.025160382812221844,0.0013237384235863152,1.4453125,0.17134150155829148,,,,,,
19899,3,,,,,,,0.0,0.0,0.9313762784004211,0.14353218399400702,0.14470710357030234,0.008315830240257144,0.025240957736968994,0.004479253461779733,1.328125,0.071602745233685,,,,,,
19949,3,,,,,,,0.0,0.0,1.2360866864522297,0.5507183460727342,0.15663568675518036,0.020429839440833174,0.02772943985958894,0.006180101131041083,1.4322916666666667,0.19205618820304474,,,,,,
19999,3,,,,,,,0.0,0.0,0.7351482510566711,0.03734825488504209,0.14471065998077393,0.011058184978099432,0.02345414770146211,0.004128887251727421,1.3463541666666667,0.07707629472369136,,,,,,
20049,3,,,,,,,0.0,0.0,0.8194146553675333,0.03837406029462906,0.14217102030913034,0.009941354044870876,0.024658001959323883,0.005492999584547124,1.3046875,0.08699631816921909,,,,,,
20099,3,,,,,,,0.0,0.0,1.362523357073466,0.6002953234182526,0.14630281428496042,0.013943372061768239,0.02878979655603568,0.004673472916475352,1.3046875,0.13887803777055607,,,,,,
20149,3,,,,,,,0.0,0.0,1.109545906384786,0.23255277556118656,0.14706811805566153,0.003443496526203075,0.026788165792822838,0.007440091690271812,1.3359375,0.05122998847110938,,,,,,
20199,3,,,,,,,0.0,0.0,1.0533813039461772,0.24686626713794196,0.14784211913744608,0.010878699042382495,0.027073892454306286,0.002524380696910894,1.34375,0.09789034442298178,,,,,,
20249,3,,,,,,,0.0,0.0,0.7721372842788696,0.0616332089375269,0.14085053404172262,0.008350161223927503,0.024965114891529083,0.002426957618019366,1.2864583333333333,0.09768228819537006,,,,,,
20299,3,,,,,,,0.0,0.0,1.0498430132865906,0.3591164716767502,0.1497357835372289,0.0163541754805794,0.028479273120562237,0.0076450574525819505,1.3463541666666667,0.09892406204803426,,,,,,
20349,3,,,,,,,0.0,0.0,0.9773997267087301,0.1709090113489288,0.1399237314860026,0.0031984316081900676,0.025503160431981087,0.004095826071219874,1.2708333333333333,0.07002255031119142,,,,,,
20399,3,,,,,,,0.0,0.0,0.8265558083852133,0.14188480769325063,0.1397871971130371,0.011215550793726362,0.026180426279703777,0.0067200152502950436,1.2630208333333333,0.05201818842562026,,,,,,
20449,3,,,,,,,0.0,0.0,0.8778281211853027,0.12410650119880655,0.14180855453014374,0.010522695810290538,0.027550744513670605,0.00663649252753928,1.2682291666666667,0.1097463932588827,,,,,,
20499,3,,,,,,,0.0,0.0,1.0451686382293701,0.25810207809986746,0.14917604128519693,0.010593318083850188,0.025315364201863606,0.006988387440675166,1.3776041666666667,0.06644453553215142,,,,,,
20549,3,,,,,,,0.0,0.0,0.9894625345865885,0.17305351086078258,0.15178055067857107,0.01721776353277181,0.029221960653861363,0.005944688987633264,1.359375,0.14594954447085473,,,,,,
20599,3,,,,,,,0.0,0.0,1.1166929999987285,0.1364867470810292,0.14768359065055847,0.006826556158690126,0.02789192646741867,0.0028058352941406836,1.3307291666666667,0.05201818842562026,,,,,,
20649,3,,,,,,,0.0,0.0,1.107880711555481,0.19074238080539702,0.15073780715465546,0.0015963929576756713,0.02687712510426839,0.003885872746505739,1.3776041666666667,0.04302789490067267,,,,,,
20699,3,,,,,,,0.0,0.0,0.9424462715784708,0.11012278849800979,0.15304575363794962,0.006992005248422856,0.031463719283541046,0.005881390733048242,1.3515625,0.015625,,,,,,
20749,3,,,,,,,0.0,0.0,1.9733786980311077,1.9139754815230736,0.1411170760790507,0.006652364887929308,0.025231659412384033,0.002213853668131556,1.2890625,0.08230979494416202,,,,,,
20799,3,,,,,,,0.0,0.0,0.8386947711308798,0.06114209056292933,0.14513504008452097,0.013721711907188308,0.02648270254333814,0.00487123435097899,1.3203125,0.10334966058846057,,,,,,
20849,3,,,,,,,0.0,0.0,1.0288279056549072,0.08820737343141562,0.15345405042171478,0.010589155516928147,0.03268582249681155,0.0013413854049867543,1.3411458333333333,0.10778230253424416,,,,,,
20899,3,,,,,,,0.0,0.0,0.9256024956703186,0.2081911237204687,0.1508730947971344,0.012361694743881511,0.0275007002055645,0.009936972769805267,1.3697916666666667,0.05542655378591865,,,,,,
20949,3,,,,,,,0.0,0.0,0.9693524042765299,0.09894090257397135,0.1569105585416158,0.00789037138388603,0.030120191474755604,0.011503381706937372,1.4088541666666667,0.06825699178167269,,,,,,
20999,3,,,,,,,0.0,0.0,0.9009605844815572,0.25151241533492696,0.142692099014918,0.017092069010923756,0.025341836114724476,0.010786659514646952,1.3046875,0.07452650011069888,,,,,,
21049,3,,,,,,,0.0,0.0,0.873768130938212,0.0898451406265336,0.14082075158754984,0.003251574381488882,0.02493533305823803,0.0031299168727934625,1.2890625,0.06810779599282303,,,,,,
21099,3,,,,,,,0.0,0.0,1.256627122561137,0.13750049678951895,0.1488169034322103,0.015626899918634727,0.028862471381823223,0.007300066471516999,1.3333333333333333,0.09705544350825117,,,,,,
21149,3,,,,,,,0.0,0.0,2.6051769653956094,2.394568199230311,0.15030413369337717,0.006569198064694804,0.03116350807249546,0.008321741983718977,1.3229166666666667,0.03252603124165832,,,,,,
21199,3,,,,,,,0.0,0.0,1.0451598763465881,0.40126921644146485,0.14811133841673532,0.02116345355618129,0.0260410209496816,0.009268219222695948,1.3567708333333333,0.1344869930591183,,,,,,
21249,3,,,,,,,0.0,0.0,1.0140905777613323,0.16629411563187307,0.13628661384185156,0.017628145301917583,0.022517085696260136,0.0042162174480590295,1.2630208333333333,0.15435043242434837,,,,,,
21299,3,,,,,,,0.0,0.0,0.8443856438000997,0.08193139443048858,0.14090513189633688,0.008775356972446503,0.024694193775455158,0.006743165475329878,1.2916666666666667,0.05758683434243745,,,,,,
21349,3,,,,,,,0.0,0.0,0.7898797194163004,0.20361403973811124,0.13559656838575998,0.00834648318272291,0.02003667503595352,0.0020932791464285286,1.2838541666666667,0.07259041596232475,,,,,,
21399,3,,,,,,,0.0,0.0,1.1172953446706135,0.18708914515728506,0.1558937430381775,0.0038810894678118005,0.02649920868376891,0.004922012576689437,1.4348958333333333,0.06644453553215142,,,,,,
21449,3,,,,,,,0.0,0.0,1.0598595142364502,0.1567390658597428,0.1558276911576589,0.008364010988381201,0.03440842032432556,0.006099339777859245,1.3489583333333333,0.05317858816839098,,,,,,
21499,3,,,,,,,0.0,0.0,1.2559244632720947,0.43797689607671214,0.15168516834576926,0.021076099680350124,0.030103140821059544,0.009202428928839658,1.3515625,0.1355418091632615,,,,,,
21549,3,,,,,,,0.0,0.0,0.9505870739618937,0.25500388331919815,0.1461651623249054,0.016148549575986576,0.023606569816668827,0.00577472314655165,1.359375,0.1314265925098494,,,,,,
21599,3,,,,,,,0.0,0.0,1.2168269157409668,0.32687933049978407,0.14761503537495932,0.016917999391217905,0.030590292066335678,0.004300263871698582,1.2994791666666667,0.14952997104120408,,,,,,
21649,3,,,,,,,0.0,0.0,0.9815978209177653,0.13904984677951263,0.14890635510285696,0.012230562278866713,0.033997502798835434,0.010950031088158929,1.2760416666666667,0.02255274489021976,,,,,,
21699,3,,,,,,,0.0,0.0,1.0872450868288677,0.23493403041327499,0.14819296697775522,0.004730441036498522,0.027913017198443413,0.006303937254222686,1.3333333333333333,0.08884751098558323,,,,,,
21749,3,,,,,,,0.0,0.0,0.8234557310740153,0.0784915396783892,0.14331375559171042,0.008802775722671467,0.021894481653968494,0.0013984377452131397,1.3515625,0.10216169398923454,,,,,,
21799,3,,,,,,,0.0,0.0,1.0104361375172932,0.1209367924238564,0.15214242537816366,0.010050186659929423,0.02584033894042174,0.0038177477207541367,1.40625,0.0900981452708656,,,,,,
21849,3,,,,,,,0.0,0.0,0.8249150315920512,0.09771099587696103,0.14085908234119415,0.006732831260691457,0.023508823787172634,0.0017725499747076065,1.3046875,0.09600160724566022,,,,,,
21899,3,,,,,,,0.0,0.0,0.9246041774749756,0.11912786606106926,0.14509563644727072,0.004687071100252488,0.02253704145550728,0.003966822759573052,1.3619791666666667,0.03157384284630766,,,,,,
21949,3,,,,,,,0.0,0.0,1.0856306751569111,0.3488336339447989,0.15205704669157663,0.002797809154929624,0.03145157980422179,0.005832788493450973,1.3411458333333333,0.05542655378591865,,,,,,
21999,3,,,,,,,0.0,0.0,1.2389896114667256,0.27010913231726824,0.14876941839853922,0.019287607335504213,0.027024625490109127,0.0042225412710235844,1.3515625,0.17134150155829148,,,,,,
22049,3,,,,,,,0.0,0.0,0.9314602613449097,0.1932340893099707,0.14148891965548197,0.00994997266830889,0.022673815488815308,0.004185457540596891,1.3203125,0.06765823467065928,,,,,,
22099,3,,,,,,,0.0,0.0,0.8820077776908875,0.031346512274626016,0.145016943415006,0.01214548137319566,0.024574230735500652,0.0016544601752031688,1.3385416666666667,0.12161765030037101,,,,,,
22149,3,,,,,,,0.0,0.0,0.92803821961085,0.19150642688866035,0.1434689164161682,0.008269989242418035,0.023514488091071446,0.006357187703471184,1.3333333333333333,0.07259041596232475,,,,,,
22199,3,,,,,,,0.0,0.0,0.9849169651667277,0.0786943895781763,0.13901008168856302,0.0009119157691215589,0.02231085921327273,0.0020843818858914875,1.296875,0.03125,,,,,,
22249,3,,,,,,,0.0,0.0,0.9747778177261353,0.05086003110968715,0.14890197416146597,0.007673927439059103,0.023413691048820812,0.0013151543823710227,1.3958333333333333,0.07425300744470444,,,,,,
22299,3,,,,,,,0.0,0.0,0.9770581126213074,0.158408306547417,0.1411762684583664,0.001236334033875634,0.024802572404344875,0.0029209081472426784,1.2916666666666667,0.019661027175184243,,,,,,
22349,3,,,,,,,0.0,0.0,0.8471105098724365,0.19229909605931306,0.14138725896676382,0.009853316043633063,0.022409397487839062,0.0013980929057142066,1.3229166666666667,0.11384110934580413,,,,,,
22399,3,,,,,,,0.0,0.0,1.0429943402608235,0.2622618543335789,0.15493226051330566,0.022815417185276566,0.030420543005069096,0.010059012086749135,1.3854166666666667,0.19536457639074012,,,,,,
22449,3,,,,,,,0.0,0.0,1.1210983991622925,0.2868388439699166,0.1346969852844874,0.009860514335450926,0.02206677570939064,0.0014955787446644712,1.25,0.11348311754948398,,,,,,
22499,3,,,,,,,0.0,0.0,0.9382972915967306,0.05579309156122932,0.1432193716367086,0.010167969314793848,0.02391598994533221,0.0005998254968297273,1.3255208333333333,0.1097463932588827,,,,,,
22549,3,,,,,,,0.0,0.0,0.8756047288576762,0.10336330513156124,0.14941584567228952,0.002623565799025441,0.02441584753493468,0.0015954330362717396,1.390625,0.04059494080239556,,,,,,
22599,3,,,,,,,0.0,0.0,1.2351511716842651,0.20809223497340965,0.144100621342659,0.006798613517991924,0.02707588051756223,0.003014297266036747,1.2994791666666667,0.04510548978043952,,,,,,
22649,3,,,,,,,0.0,0.0,0.9803819060325623,0.05588861528609524,0.14139664669831595,0.015321142511981977,0.022418783356746037,0.0028946230468918847,1.3229166666666667,0.13718299157360336,,,,,,
22699,3,,,,,,,0.0,0.0,1.0224437514940898,0.16575634238029224,0.14677051703135172,0.01790860966952532,0.030722337464491527,0.007677036741296166,1.2916666666666667,0.11753420933746624,,,,,,
22749,3,,,,,,,0.0,0.0,1.011533300081889,0.12332350512845203,0.15365629891554514,0.009776399555252792,0.03174874745309353,0.007557602329341353,1.3541666666666667,0.027436598314720676,,,,,,
22799,3,,,,,,,0.0,0.0,0.8503526647885641,0.05762635054077271,0.14293310046195984,0.011781261543678003,0.02232762984931469,0.0037232188252243493,1.3411458333333333,0.12261726423951619,,,,,,
22849,3,,,,,,,0.0,0.0,0.8618357181549072,0.06240737364651204,0.13608749210834503,0.010253370138274242,0.02443384751677513,0.0010849860414310632,1.2421875,0.11348311754948398,,,,,,
22899,3,,,,,,,0.0,0.0,0.9759172598520914,0.1859538941607149,0.13529358804225922,0.006111535653428598,0.023639946555097897,0.003340232310848549,1.2395833333333333,0.04302789490067267,,,,,,
22949,3,,,,,,,0.0,0.0,1.126497487227122,0.29930177895616283,0.15195568402608237,0.013881001590422116,0.027118442580103874,0.001810026887642667,1.3854166666666667,0.15728821740147395,,,,,,
22999,3,,,,,,,0.0,0.0,1.1655349135398865,0.49963971008484825,0.1530833194653193,0.028856904117012076,0.033617169906695686,0.01719721352516601,1.3255208333333333,0.1453908838771652,,,,,,
23049,3,,,,,,,0.0,0.0,0.9441648523012797,0.1466881630967983,0.14094913502534231,0.010581055357441034,0.026691324387987454,0.004777134509168211,1.2682291666666667,0.12111474952326547,,,,,,
23099,3,,,,,,,0.0,0.0,1.3403607606887817,0.4632461420641627,0.15219436089197794,0.02472433384904937,0.030124046529332798,0.0060927303096407264,1.3567708333333333,0.20556427991526965,,,,,,
23149,3,,,,,,,0.0,0.0,1.0800124605496724,0.25539501026015904,0.14782235026359558,0.01509261299363244,0.0278679213176171,0.005600073173046052,1.3333333333333333,0.14454884464976997,,,,,,
23199,3,,,,,,,0.0,0.0,0.807433565457662,0.06361513412560262,0.13819758097330728,0.005053745099694762,0.023451487844189007,0.0006726579610952332,1.2760416666666667,0.06362912355661779,,,,,,
23249,3,,,,,,,0.0,0.0,0.9536520640055338,0.12097832973465082,0.1434124360481898,0.00137844236072921,0.02476009043554465,0.0015508170534276895,1.3177083333333333,0.009021097956087902,,,,,,
23299,3,,,,,,,0.0,0.0,1.1143491864204407,0.33534658188104954,0.14262346923351288,0.011282832546283499,0.02445940424998601,0.0014715802999670266,1.3125,0.11076130374029551,,,,,,
23349,3,,,,,,,0.0,0.0,1.0400381485621135,0.06801435119796989,0.14874166250228882,0.00853967671394656,0.02341614104807377,0.0022235437458687224,1.390625,0.09472152853892297,,,,,,
23399,3,,,,,,,0.0,0.0,0.969939390818278,0.06988656183393668,0.14397096633911133,0.0054520378014102705,0.02792278490960598,0.003340091000453443,1.2890625,0.034053897996411515,,,,,,
23449,3,,,,,,,0.0,0.0,1.1554846962292988,0.2961333185415165,0.1559960643450419,0.019144637299521552,0.030996066828568775,0.005450939416856819,1.3880208333333333,0.1836076014278367,,,,,,
23499,3,,,,,,,0.0,0.0,0.8978755672772726,0.18523248551008784,0.1325849344333013,0.006856010869976523,0.022070607791344326,0.004264113303801515,1.2265625,0.0358013726168425,,,,,,
23549,3,,,,,,,0.0,0.0,1.0333154400189717,0.13941816629754916,0.16003378729025522,0.01176971717785842,0.03324342519044876,0.005472410417195085,1.4088541666666667,0.06825699178167269,,,,,,
23599,3,,,,,,,0.0,0.0,0.9923462669054667,0.025191564758226766,0.14779042700926462,0.0037823780192649437,0.030440164729952812,0.003113051478094597,1.3020833333333333,0.05915529526875285,,,,,,
23649,3,,,,,,,0.0,0.0,2.0990904370943704,1.8483491616790677,0.14766624569892883,0.019595331113445,0.0273863027493159,0.008365599459768744,1.3359375,0.125,,,,,,
23699,3,,,,,,,0.0,0.0,1.1441327532132466,0.16548084300576713,0.14228248099486032,0.008912274492455434,0.027210865790645283,0.005515108910622328,1.2786458333333333,0.039322054350368486,,,,,,
23749,3,,,,,,,0.0,0.0,0.8990712761878967,0.12299809398269994,0.13631050288677216,0.007110946869281687,0.022866493711868923,0.003675705119062759,1.2604166666666667,0.0828026723728367,,,,,,
23799,3,,,,,,,0.0,0.0,1.0205057660738628,0.14427020895747175,0.14869619409243265,0.017959428316328463,0.028416250521938007,0.008263234395599386,1.3359375,0.1171875,,,,,,
23849,3,,,,,,,0.0,0.0,0.8972997665405273,0.08660253021398208,0.13494713604450226,0.011531150960446141,0.02085208147764206,0.0018969719656812415,1.2682291666666667,0.13288907106430284,,,,,,
23899,3,,,,,,,0.0,0.0,1.2506846984227498,0.39118316837008604,0.1487084279457728,0.006777935426366394,0.027451923117041588,0.001850260970096625,1.3489583333333333,0.0828026723728367,,,,,,
23949,3,,,,,,,0.0,0.0,0.9854082465171814,0.05405061708775987,0.1433774729569753,0.0037031985656796836,0.024074081952373188,0.0012560096681146328,1.3255208333333333,0.027436598314720676,,,,,,
23999,3,,,,,,,0.0,0.0,1.0330873529116313,0.10338391032488742,0.14093596239884695,0.0024453531713974973,0.026027106990416844,0.001362536528399892,1.2786458333333333,0.027436598314720676,,,,,,
24049,3,,,,,,,0.0,0.0,0.9483163952827454,0.12202232896355343,0.1408285250266393,0.029116934717444535,0.02738451523085435,0.010989882055616313,1.2578125,0.2083170566558341,,,,,,
24099,3,,,,,,,0.0,0.0,1.0099430878957112,0.04807945350909903,0.14742675175269446,0.028268506671033124,0.022101229677597683,0.002699875183334481,1.3932291666666667,0.2896250157351456,,,,,,
24149,3,,,,,,,0.0,0.0,0.9048507610956827,0.09393061002265583,0.13250575959682465,0.00446755413055941,0.021828674400846165,0.002094168350917624,1.2291666666666667,0.05758683434243745,,,,,,
24199,3,,,,,,,0.0,0.0,1.1688565413157146,0.3325127122181914,0.14656883478164673,0.012870024397470276,0.027102688948313396,0.0041085571283652625,1.328125,0.1015625,,,,,,
24249,3,,,,,,,0.0,0.0,0.9628225167592367,0.14867306313225112,0.13819359242916107,0.01165887160667842,0.02572614575425784,0.0035423996586452498,1.25,0.09974332292815394,,,,,,
24299,3,,,,,,,0.0,0.0,0.9195408622423807,0.12847154804829478,0.13961829245090485,0.02195535943664749,0.024709437042474747,0.0066492715388186486,1.2786458333333333,0.1775231975745236,,,,,,
24349,3,,,,,,,0.0,0.0,0.8169575532277426,0.07231486980510128,0.1336699277162552,0.0065040111495618565,0.02087696020801862,0.001210600419923812,1.2526041666666667,0.0708888416084177,,,,,,
24399,3,,,,,,,0.0,0.0,0.9331076542536417,0.09749804472823659,0.1397885133822759,0.018486320810352237,0.023414811119437218,0.0034767450579650245,1.2916666666666667,0.18327487822825947,,,,,,
24449,3,,,,,,,0.0,0.0,0.8924124042193095,0.06443806594398853,0.13744469980398813,0.005739227116178765,0.025465532516439755,0.00344726778146827,1.2447916666666667,0.05083130545818525,,,,,,
24499,3,,,,,,,0.0,0.0,0.9546997547149658,0.18485937498729813,0.14378013213475546,0.010347539416287035,0.026592633376518886,0.007301407454187728,1.3020833333333333,0.04302789490067267,,,,,,
24549,3,,,,,,,0.0,0.0,0.8981363574663798,0.08951810382041378,0.14000444610913595,0.005356851183312302,0.023630748813350994,0.004388899614508311,1.2916666666666667,0.04577707247720559,,,,,,
24599,3,,,,,,,0.0,0.0,1.2006044785181682,0.4249410059257908,0.1345361446340879,0.010054460975912423,0.024998384217421215,0.005248826379137904,1.21875,0.06810779599282303,,,,,,
24649,3,,,,,,,0.0,0.0,0.9398694833119711,0.021355321874617927,0.14217504858970642,0.015090649274230082,0.023034424831469853,0.0015528919514808327,1.3229166666666667,0.1470604989947448,,,,,,
24699,3,,,,,,,0.0,0.0,1.1916910807291667,0.15561565688329415,0.14737312495708466,0.006398639970995503,0.027255938077966373,0.0032946469707023185,1.3359375,0.04878904686248749,,,,,,
24749,3,,,,,,,0.0,0.0,0.8917658527692159,0.22452618090428209,0.13825414329767227,0.02247896851272077,0.02513564998904864,0.007534006969181877,1.2578125,0.16535945694153692,,,,,,
24799,3,,,,,,,0.0,0.0,1.069894293944041,0.19991188537632928,0.14770313600699106,0.02004659399488862,0.02986459309856097,0.009526254458651039,1.3072916666666667,0.1213664603930317,,,,,,
24849,3,,,,,,,0.0,0.0,1.2186904748280842,0.24674083492777862,0.14744408428668976,0.02372276243083397,0.03253522887825966,0.015311783961627372,1.2786458333333333,0.09768228819537006,,,,,,
24899,3,,,,,,,0.0,0.0,1.083617091178894,0.22764965405737272,0.13057456413904825,0.003575983001434092,0.019246438518166542,0.003762439766060219,1.2369791666666667,0.01626301562082916,,,,,,
24949,3,,,,,,,0.0,0.0,1.3311654925346375,0.902125919336371,0.13283156851927438,0.004805267949849316,0.019550321002801258,0.0019641401463670748,1.2578125,0.034053897996411515,,,,,,
24999,3,,,,,,,0.0,0.0,1.0356116096178691,0.2279949676090068,0.14236426850159964,0.006677657423762504,0.023386408264438312,0.004322539728695627,1.3203125,0.04349815908460954,,,,,,
25049,3,,,,,,,0.0,0.0,1.0067755381266277,0.2303683351655141,0.1356868396202723,0.013066763269598432,0.02273110921184222,0.005513322992036042,1.2552083333333333,0.12360879464901894,,,,,,
25099,3,,,,,,,0.0,0.0,1.0412919322649639,0.1742620623461123,0.1432162970304489,0.01676648586881024,0.025052231426040333,0.0034194194154983652,1.3125,0.14905300022139775,,,,,,
25149,3,,,,,,,0.0,0.0,1.063766340414683,0.3265521142239987,0.1346872647603353,0.003579692113173679,0.022057055806120236,0.0025732565650319274,1.2526041666666667,0.06314768569261532,,,,,,
25199,3,,,,,,,0.0,0.0,0.9230449597040812,0.03521202552510852,0.1377808004617691,0.012964909011168623,0.025150597095489502,0.007914583707536884,1.2526041666666667,0.11727427342914273,,,,,,
25249,3,,,,,,,0.0,0.0,1.2314000129699707,0.07191571994722054,0.13768362502257028,0.005815500193136959,0.022123732914527256,0.003526403764041989,1.2838541666666667,0.0369204345800985,,,,,,
25299,3,,,,,,,0.0,0.0,1.275749405225118,0.2626908106517816,0.1480634262164434,0.006454165428065118,0.03364285578330358,0.004232667640004688,1.2708333333333333,0.08570043058283507,,,,,,
25349,3,,,,,,,0.0,0.0,1.216747760772705,0.1978155805741489,0.1355570008357366,0.015080197000240221,0.02732132561504841,0.002699881211561482,1.203125,0.16810495930742198,,,,,,
25399,3,,,,,,,0.0,0.0,0.9710708260536194,0.16733179791554206,0.12866727511088052,0.010228400313497416,0.01961779159804185,0.0021497776061810843,1.2109375,0.0900981452708656,,,,,,
25449,3,,,,,,,0.0,0.0,1.0564843614896138,0.17336459374390784,0.14927983780701956,0.01935842023757171,0.0278605700780948,0.009148741852365003,1.3489583333333333,0.1213664603930317,,,,,,
25499,3,,,,,,,0.0,0.0,1.0029599070549011,0.18229594513104178,0.1435528645912806,0.012341192692192787,0.027504685645302136,0.00496231810831664,1.2890625,0.12203515118604147,,,,,,
25549,3,,,,,,,0.0,0.0,1.4039206902186077,0.34061370109463324,0.1392736335595449,0.009311405108370219,0.02550410603483518,0.004891431605608522,1.2630208333333333,0.05542655378591865,,,,,,
25599,3,,,,,,,0.0,0.0,1.1369453469912212,0.21666025021750263,0.13823960721492767,0.017592572638562617,0.023167992010712624,0.008276068440262383,1.2786458333333333,0.12986935041449668,,,,,,
25649,3,,,,,,,0.0,0.0,0.8495530684789022,0.06332676507758606,0.1293516829609871,0.009769858027810755,0.02192980671922366,0.0034406415398924466,1.1927083333333333,0.07216878364870322,,,,,,
25699,3,,,,,,,0.0,0.0,0.963564376036326,0.10806168336190465,0.14337514589230219,0.02125946470381992,0.02781525067985058,0.007223669700620667,1.2838541666666667,0.17014996066582952,,,,,,
25749,3,,,,,,,0.0,0.0,1.230766495068868,0.3216014972828894,0.14093056817849478,0.013754600904166457,0.03123004672427972,0.009912745027977567,1.21875,0.07452650011069888,,,,,,
25799,3,,,,,,,0.0,0.0,0.9691734313964844,0.19959017147249775,0.14323080082734427,0.01693848400177207,0.026857101048032444,0.006563553397095182,1.2942708333333333,0.13982701831936248,,,,,,
25849,3,,,,,,,0.0,0.0,0.9808094501495361,0.040856967887936406,0.1341715008020401,0.0043156092159244794,0.02479650266468525,0.003296605880368748,1.2161458333333333,0.08570043058283507,,,,,,
25899,3,,,,,,,0.0,0.0,0.9901359677314758,0.055626409388453625,0.14050828417142233,0.016895231983146082,0.02169317938387394,0.0017511130846573908,1.3203125,0.1691906861539665,,,,,,
25949,3,,,,,,,0.0,0.0,0.8553222020467123,0.11273524569904021,0.13388483226299286,0.012588094471675092,0.02158014476299286,0.003863621488004874,1.2473958333333333,0.1213664603930317,,,,,,
25999,3,,,,,,,0.0,0.0,1.075570821762085,0.20238825656858145,0.15270788470904031,0.021765832699903648,0.027545124913255375,0.0067396384394749365,1.390625,0.17240684758370242,,,,,,
26049,3,,,,,,,0.0,0.0,1.0758742292722066,0.1854767709397325,0.13472613443930945,0.012174450496780972,0.023560767993330956,0.0038480010364044886,1.234375,0.1015625,,,,,,
26099,3,,,,,,,0.0,0.0,1.0866634249687195,0.18062109801358103,0.14284087220827738,0.015622089015484106,0.023863010729352634,0.005524993094805413,1.3229166666666667,0.11727427342914273,,,,,,
26149,3,,,,,,,0.0,0.0,1.057455797990163,0.10373680573115855,0.14887663225332895,0.0173789265996073,0.025829756011565525,0.005861780246681416,1.3671875,0.19515618744994995,,,,,,
26199,3,,,,,,,0.0,0.0,0.9473681449890137,0.19129390493179063,0.13679138819376627,0.01490528287489739,0.02351014067729314,0.006839640546314616,1.2578125,0.0900981452708656,,,,,,
26249,3,,,,,,,0.0,0.0,1.125577171643575,0.273019416293419,0.1501539647579193,0.020346076953299694,0.03231542743742466,0.011382081294630112,1.3098958333333333,0.10606985340841824,,,,,,
26299,3,,,,,,,0.0,0.0,1.085671603679657,0.09349166049279366,0.13888424138228098,0.003491972048681853,0.02560299076139927,0.0033096927937203923,1.2578125,0.0546875,,,,,,
26349,3,,,,,,,0.0,0.0,0.7414862116177877,0.07655726639044443,0.12677083909511566,0.008594778206310622,0.01951172761619091,0.0018323957421477583,1.1927083333333333,0.0797997575314821,,,,,,
26399,3,,,,,,,0.0,0.0,1.1983853181203206,0.38767218462345665,0.14926037192344666,0.016817045944147433,0.027678337569038074,0.008066440950731028,1.3515625,0.1171875,,,,,,
26449,3,,,,,,,0.0,0.0,1.243167777856191,0.5958150588952118,0.14065012832482657,0.021788715535945302,0.024113666266202927,0.005240809692805019,1.2942708333333333,0.1928490477247252,,,,,,
26499,3,,,,,,,0.0,0.0,0.9851283232371012,0.1529544620175603,0.1436969737211863,0.01442930842723748,0.026997750625014305,0.00544447906386782,1.296875,0.11267347735824966,,,,,,
26549,3,,,,,,,0.0,0.0,0.853498379389445,0.25495384932405774,0.1370508223772049,0.02109677360572777,0.020026084035634995,0.007757704453156247,1.2994791666666667,0.1451808319246495,,,,,,
26599,3,,,,,,,0.0,0.0,0.8880321184794108,0.050034591069459025,0.13410106301307678,0.014133484296588759,0.021470853437980015,0.003573000828056696,1.25,0.14084184669781208,,,,,,
26649,3,,,,,,,0.0,0.0,0.8572295506795248,0.15395300531153283,0.13766933480898538,0.01437959368159488,0.022760478779673576,0.005265808095208393,1.2760416666666667,0.1031526162517623,,,,,,
26699,3,,,,,,,0.0,0.0,0.9467794497807821,0.11620447596828451,0.135877326130867,0.004034541656455248,0.022596077993512154,0.002229756194125597,1.2578125,0.03125,,,,,,
26749,3,,,,,,,0.0,0.0,0.9684289495150248,0.05476939006647004,0.14538855850696564,0.01454454714240053,0.02478308727343877,0.003773791282271989,1.3411458333333333,0.12261726423951619,,,,,,
26799,3,,,,,,,0.0,0.0,1.1552017132441204,0.39536210402719874,0.1340857744216919,0.002916006681429091,0.022920409838358562,0.0032471879005438846,1.234375,0.0234375,,,,,,
26849,3,,,,,,,0.0,0.0,1.0870008269945781,0.1394115742453654,0.137411966919899,0.012647610715546752,0.021852074190974236,0.007430059292736588,1.2838541666666667,0.10946796644262345,,,,,,
26899,3,,,,,,,0.0,0.0,1.139491081237793,0.24586311764301208,0.15380428979794183,0.030335252074193044,0.036942312493920326,0.01674237087962622,1.296875,0.21495025769058757,,,,,,
26949,3,,,,,,,0.0,0.0,0.973391612370809,0.18369985958276083,0.14176704982916513,0.01674922696450647,0.024742305899659794,0.0063165480839278325,1.2994791666666667,0.1930072287884144,,,,,,
26999,3,,,,,,,0.0,0.0,1.4724579652150471,0.9031283112395172,0.150760680437088,0.025839691861617598,0.034386985624829926,0.012749275464121336,1.2942708333333333,0.15115387355136928,,,,,,
27049,3,,,,,,,0.0,0.0,1.1501163641611736,0.1844268333040138,0.15041102468967438,0.02355783344126419,0.03501389113565286,0.014329057278095917,1.28125,0.10216169398923454,,,,,,
27099,3,,,,,,,0.0,0.0,0.9119366804758707,0.061869568504595504,0.13271109263102213,0.0023290488214130684,0.02122020224730174,0.00303974523323183,1.2369791666666667,0.019661027175184243,,,,,,
27149,3,,,,,,,0.0,0.0,1.0578070680300395,0.36493788031318297,0.13854562242825827,0.013311020200474196,0.026729213073849678,0.004260151834907689,1.2395833333333333,0.14454884464976997,,,,,,
27199,3,,,,,,,0.0,0.0,1.0210569302241008,0.10321096908574531,0.15107016762097678,0.019082487545442273,0.0299764188627402,0.005771284772695982,1.34375,0.14905300022139775,,,,,,
27249,3,,,,,,,0.0,0.0,0.9841381510098776,0.19245734977500437,0.13857103884220123,0.011149324651664305,0.02561530905465285,0.010112658366812454,1.2552083333333333,0.0820622461280663,,,,,,
27299,3,,,,,,,0.0,0.0,0.9226501782735189,0.12599203707565748,0.13315588732560477,0.00925824108530706,0.02475745479265849,0.005636879309054522,1.2057291666666667,0.07825510000685791,,,,,,
27349,3,,,,,,,0.0,0.0,1.069345772266388,0.13343554614367717,0.13969913125038147,0.01316133341340083,0.0269061637421449,0.005197780713191728,1.2526041666666667,0.09054863880580058,,,,,,
27399,3,,,,,,,0.0,0.0,1.2663658658663433,0.467547910282341,0.1322503238916397,0.011372809495734621,0.02450292743742466,0.005260765328448522,1.1979166666666667,0.06825699178167269,,,,,,
27449,3,,,,,,,0.0,0.0,1.0121920903523762,0.10220678799183994,0.14121130108833313,0.02319532982876917,0.023698280254999798,0.006634387817902064,1.3046875,0.1896040796798687,,,,,,
27499,3,,,,,,,0.0,0.0,1.02064049243927,0.04203128646271844,0.139773299296697,0.023528117059902407,0.02730584889650345,0.011581917119485302,1.25,0.1335000585205864,,,,,,
27549,3,,,,,,,0.0,0.0,0.9034928480784098,0.06887405388667729,0.140203058719635,0.011582758979956873,0.02236451581120491,0.001649970921358408,1.3098958333333333,0.12653677722142023,,,,,,
27599,3,,,,,,,0.0,0.0,1.1470485925674438,0.3306538371973613,0.14371716976165771,0.01937359471339336,0.025715865194797516,0.0064941724796628636,1.3125,0.1484375,,,,,,
27649,3,,,,,,,0.0,0.0,1.1587307055791218,0.14889316560075663,0.14608284334341684,0.007812360474256647,0.029058103760083515,0.003129318001015159,1.3020833333333333,0.1031526162517623,,,,,,
27699,3,,,,,,,0.0,0.0,1.0245855450630188,0.07269063716407895,0.12916955848534903,0.008858680921988977,0.020771117880940437,0.003997584642656047,1.2057291666666667,0.08781101718795503,,,,,,
27749,3,,,,,,,0.0,0.0,1.072371502717336,0.35704119780126403,0.1305586819847425,0.006923949670909273,0.025740971788764,0.004190805272750022,1.1640625,0.034053897996411515,,,,,,
27799,3,,,,,,,0.0,0.0,0.9745242396990458,0.05245884755006704,0.1406629135211309,0.017705239217831122,0.022987133512894314,0.004194967755379103,1.3072916666666667,0.15115387355136928,,,,,,
27849,3,,,,,,,0.0,0.0,0.9206594030062357,0.21466979708820674,0.13135393957297006,0.00861834821401871,0.02067685406655073,0.004463649392417857,1.2291666666666667,0.12629537138523064,,,,,,
27899,3,,,,,,,0.0,0.0,0.9757558703422546,0.17049228736797697,0.13297500212987265,0.012201876546635843,0.02278619756301244,0.004753645478911795,1.2239583333333333,0.08605578980134534,,,,,,
27949,3,,,,,,,0.0,0.0,0.9962418079376221,0.24109514110689645,0.14105929931004843,0.011835764387446584,0.024685602635145187,0.004628222759018909,1.2916666666666667,0.08018127249135756,,,,,,
27999,3,,,,,,,0.0,0.0,1.0260042150815327,0.25320049990618226,0.12693293889363608,0.004368726407565673,0.02113866371413072,0.0045836492141109976,1.1770833333333333,0.03522851369392886,,,,,,
28049,3,,,,,,,0.0,0.0,0.9443381627400717,0.08396169187431039,0.13060425221920013,0.007692131198807497,0.018136804923415184,0.002227384345941516,1.25,0.062009796353076345,,,,,,
28099,3,,,,,,,0.0,0.0,1.207297682762146,0.5703983223139509,0.14226489265759787,0.0204285290620694,0.022798749307791393,0.0030057101047236677,1.328125,0.19247945304304562,,,,,,
28149,3,,,,,,,0.0,0.0,0.9018611510594686,0.20296653357249392,0.12312436352173488,0.013909454891571152,0.016516287190218765,0.0022709007886916486,1.1848958333333333,0.1289259770259017,,,,,,
28199,3,,,,,,,0.0,0.0,0.9353158672650655,0.2292558044454134,0.13690142581860223,0.016449157998645568,0.023294657468795776,0.00480514647011467,1.2604166666666667,0.1284516922410263,,,,,,
28249,3,,,,,,,0.0,0.0,1.0438953638076782,0.21999680457614063,0.1393880546092987,0.007838904993642655,0.025781283775965374,0.006181962692986012,1.2604166666666667,0.02255274489021976,,,,,,
28299,3,,,,,,,0.0,0.0,1.1123238404591878,0.25690786763789814,0.13242349525292715,0.009795004944635846,0.025327136740088463,0.004576901101285108,1.1901041666666667,0.13895126637452188,,,,,,
28349,3,,,,,,,0.0,0.0,0.9828447103500366,0.12280044630918598,0.13031147420406342,0.009210505571273491,0.021750278770923615,0.0027529169326188712,1.2083333333333333,0.07216878364870322,,,,,,
28399,3,,,,,,,0.0,0.0,1.0278006196022034,0.16381936287819218,0.13901332517464957,0.015408963933963099,0.022639628499746323,0.005793558483524684,1.2942708333333333,0.15155713048907773,,,,,,
28449,3,,,,,,,0.0,0.0,1.0725630521774292,0.26621528319117116,0.13313121845324835,0.009938522668173617,0.025872106353441875,0.002783582319696973,1.1927083333333333,0.11303403340734743,,,,,,
28499,3,,,,,,,0.0,0.0,1.1518225471178691,0.4641183722596948,0.14448110262552896,0.020318623530966803,0.023387350762883823,0.004938366612540702,1.34375,0.17134150155829148,,,,,,
28549,3,,,,,,,0.0,0.0,0.9594135483105978,0.1378011367428752,0.1256288985411326,0.007237880601899016,0.01950910563270251,0.0025523543068269993,1.1796875,0.07452650011069888,,,,,,
28599,3,,,,,,,0.0,0.0,0.8594840168952942,0.06388457785999878,0.1420938769976298,0.004422968240194451,0.022953247651457787,0.006111377693534884,1.3255208333333333,0.018042195912175804,,,,,,
28649,3,,,,,,,0.0,0.0,1.0185967286427815,0.07311391974081566,0.1431339035431544,0.016823767693469466,0.026760201901197433,0.0021351165687767404,1.2942708333333333,0.19861786422571193,,,,,,
28699,3,,,,,,,0.0,0.0,0.8533806403477987,0.08269506977007264,0.13524889945983887,0.011311939442891567,0.019526243209838867,4.5607028970361726e-05,1.2864583333333333,0.12629537138523064,,,,,,
28749,3,,,,,,,0.0,0.0,0.8392069737116495,0.09224904300327919,0.1345958262681961,0.0089534421136363,0.020500777910153072,0.0015284855263475606,1.2682291666666667,0.08353653610596583,,,,,,
28799,3,,,,,,,0.0,0.0,0.9835439523061117,0.1616354497624076,0.12555293490489325,0.011307591078882146,0.022037310525774956,0.00966494335444907,1.1510416666666667,0.06266254903914564,,,,,,
28849,3,,,,,,,0.0,0.0,1.0257196029027302,0.12018592381446631,0.15036016702651978,0.019629475966702125,0.035776836797595024,0.011993466250579725,1.2734375,0.10568554108178659,,,,,,
28899,3,,,,,,,0.0,0.0,0.8898688952128092,0.13337214950923393,0.12729753802220026,0.005861778163485922,0.019550141567985218,0.0026319886568131378,1.1953125,0.0358013726168425,,,,,,
28949,3,,,,,,,0.0,0.0,0.9743458032608032,0.08216038245672096,0.14455410838127136,0.014658128769820922,0.026552807539701462,0.006627962754143532,1.3125,0.15605456527686076,,,,,,
28999,3,,,,,,,0.0,0.0,0.9060857693354288,0.0679496564519397,0.12615545839071274,0.006353281624640747,0.018733585253357887,0.0015351065661670478,1.1953125,0.0703125,,,,,,
29049,3,,,,,,,0.0,0.0,0.8942250410715739,0.09722633326815017,0.1303288439909617,0.016277870263639603,0.024209057291348774,0.006653628688145193,1.1770833333333333,0.12010263080833547,,,,,,
29099,3,,,,,,,0.0,0.0,1.1055844624837239,0.5523505241891151,0.135265052318573,0.021389807406751556,0.02165828210612138,0.0029888788040473954,1.2630208333333333,0.22430629461092558,,,,,,
29149,3,,,,,,,0.0,0.0,1.1913947661717732,0.43179684767874216,0.14034984012444815,0.006164671249009619,0.020720932632684708,0.0015216608662149144,1.328125,0.08267972847076846,,,,,,
29199,3,,,,,,,0.0,0.0,0.9550503094991049,0.25571083122840105,0.13263100882371268,0.0044095784749542035,0.021953922385970753,0.0027073661299619337,1.2291666666666667,0.02255274489021976,,,,,,
29249,3,,,,,,,0.0,0.0,0.9821772972742716,0.14516040927909984,0.12794057031472525,0.007577828336487775,0.020844218631585438,0.001894580470445921,1.1901041666666667,0.06314768569261532,,,,,,
29299,3,,,,,,,0.0,0.0,0.9755599697430929,0.06953966854781196,0.14044411480426788,0.011562058284657298,0.020815204208095867,0.0018140022747365097,1.328125,0.11076130374029551,,,,,,
29349,3,,,,,,,0.0,0.0,0.8176815112431844,0.08071187536460236,0.13170967996120453,0.004271237167120916,0.01680082951982816,0.0002584686488038383,1.2786458333333333,0.049616038758483465,,,,,,
29399,3,,,,,,,0.0,0.0,0.9220131834348043,0.08084958569976701,0.12185328702131908,0.010612603555020802,0.020128027846415836,0.0015080876782569133,1.1302083333333333,0.1016626109163705,,,,,,
29449,3,,,,,,,0.0,0.0,1.0051684379577637,0.0882369925348631,0.14099116623401642,0.005233900256169618,0.02185054247577985,0.0021495949501040895,1.3255208333333333,0.0828026723728367,,,,,,
29499,3,,,,,,,0.0,0.0,1.0107739965120952,0.10100781750474333,0.13860944906870523,0.008582798527543872,0.022886790335178375,0.0041502328802205,1.2864583333333333,0.06314768569261532,,,,,,
29549,3,,,,,,,0.0,0.0,0.9019852876663208,0.15834128542625292,0.13771994411945343,0.009790113618831758,0.023624890794356663,0.005029815659126646,1.2682291666666667,0.09418302770846419,,,,,,
29599,3,,,,,,,0.0,0.0,1.501540978749593,0.5644558261208642,0.1437064309914907,0.011924279508097081,0.025867893050114315,0.009022287205919258,1.3098958333333333,0.03157384284630766,,,,,,
29649,3,,,,,,,0.0,0.0,0.905872623125712,0.13817684438186126,0.12883797536293665,0.007828583895641034,0.020439541588226955,0.0018300789471795322,1.2057291666666667,0.0813150781041458,,,,,,
29699,3,,,,,,,0.0,0.0,1.0952855348587036,0.1487043172020251,0.1402158389488856,0.012750918625240835,0.024330422282218933,0.003410717803648704,1.2890625,0.10510643786776336,,,,,,
29749,3,,,,,,,0.0,0.0,0.975055476029714,0.07933918057227517,0.13558441400527954,0.0015578041220486115,0.022465923180182774,0.003859038078670872,1.2578125,0.05633673867912483,,,,,,
29799,3,,,,,,,0.0,0.0,1.1141870021820068,0.25428794199865495,0.13074914614359537,0.007925688582709223,0.024792109926541645,0.002382256525559992,1.1770833333333333,0.06362912355661779,,,,,,
29849,3,,,,,,,0.0,0.0,0.9670233925183614,0.07393831762875895,0.13444523513317108,0.00777250659172523,0.0249074740956227,0.005951121512226623,1.2161458333333333,0.025113673856752488,,,,,,
29899,3,,,,,,,0.0,0.0,0.8065171837806702,0.10828459692900604,0.13295252372821173,0.016998960987255923,0.01967127590129773,0.004990645842474549,1.2604166666666667,0.1624423976432364,,,,,,
29949,3,,,,,,,0.0,0.0,1.051422894001007,0.48722238556956715,0.13566389679908752,0.010489759487757657,0.020592282215754192,0.004618672949104697,1.2786458333333333,0.0758791785642368,,,,,,
29999,3,,,,,,,0.0,0.0,1.137319803237915,0.16939862824936613,0.131865456700325,0.011769127256322778,0.022002175450325012,0.00406363454215033,1.2213541666666667,0.17820950115547526,,,,,,
30049,3,,,,,,,0.0,0.0,1.1061369975407918,0.29631262953538245,0.1381562054157257,0.0056386098237395195,0.024061156436800957,0.004258328222748795,1.2682291666666667,0.025113673856752488,,,,,,
30099,3,,,,,,,0.0,0.0,0.8607580661773682,0.07337749794651928,0.13145030041535696,0.002397884248479058,0.02126149522761504,0.0036078552758681054,1.2239583333333333,0.05651701670367371,,,,,,
30149,3,,,,,,,0.0,0.0,0.867280125617981,0.07364965479216683,0.13143523037433624,0.010671359184581888,0.020107106616099674,0.002485059313757132,1.2369791666666667,0.11933790872280833,,,,,,
30199,3,,,,,,,0.0,0.0,1.0201318462689717,0.14452303905407307,0.1337556391954422,0.005631970111447233,0.02112542899946372,0.0006445840957213196,1.25,0.0546875,,,,,,
30249,3,,,,,,,0.0,0.0,0.9310732285181681,0.135107875180393,0.13661310076713562,0.017344725794048835,0.024633937204877537,0.0045877698793754555,1.2447916666666667,0.1687090035077658,,,,,,
30299,3,,,,,,,0.0,0.0,1.1617289781570435,0.2541852397686732,0.14402247468630472,0.010325462690489557,0.02748602194090684,0.00459721193992318,1.2942708333333333,0.0813150781041458,,,,,,
30349,3,,,,,,,0.0,0.0,1.1194835901260376,0.13915023028006687,0.13825018207232156,0.0032459692268370136,0.023829609776536625,0.004605777415978559,1.2708333333333333,0.01626301562082916,,,,,,
30399,3,,,,,,,0.0,0.0,0.9282544652620951,0.06334540459261724,0.1340224097172419,0.014059757650589066,0.019764594733715057,0.003463860958241648,1.2682291666666667,0.11753420933746624,,,,,,
30449,3,,,,,,,0.0,0.0,1.2161482175191243,0.3025764308951916,0.13488422334194183,0.011056172824643554,0.02355610268811385,0.002578381404001262,1.2369791666666667,0.09385844422364635,,,,,,
30499,3,,,,,,,0.0,0.0,0.9063767194747925,0.33001817855070203,0.12730764349301657,0.014685575443693722,0.02021129025767247,0.006086989085538151,1.1901041666666667,0.09547032697824667,,,,,,
30549,3,,,,,,,0.0,0.0,0.9294065038363138,0.0408365700165406,0.13859926909208298,0.017729787586271195,0.023690416167179745,0.00268332940477437,1.2760416666666667,0.1668903121876262,,,,,,
30599,3,,,,,,,0.0,0.0,0.9874828060468038,0.2542160254470122,0.1332343891263008,0.009972304560580514,0.02027866244316101,0.0007818216336320704,1.2552083333333333,0.1016626109163705,,,,,,
30649,3,,,,,,,0.0,0.0,0.9021922747294108,0.20920542642732742,0.13205993672211966,0.01362112100864772,0.021057333797216415,0.0035171210905060556,1.2317708333333333,0.1376271902262897,,,,,,
30699,3,,,,,,,0.0,0.0,1.0374728242556255,0.26021314239293836,0.13777976979811987,0.01762045010399354,0.022545399765173595,0.003932154567816446,1.28125,0.15209314323384207,,,,,,
30749,3,,,,,,,0.0,0.0,0.899278461933136,0.04303969176838578,0.13375199834505716,0.013552771605104616,0.022423875828584034,0.0039211203834437925,1.2369791666666667,0.14069731936708435,,,,,,
30799,3,,,,,,,0.0,0.0,1.069955865542094,0.20547801651325626,0.14058628678321838,0.00973550211973728,0.022747746979196865,0.001317296625494789,1.3072916666666667,0.09122020775071352,,,,,,
30849,3,,,,,,,0.0,0.0,1.0031804243723552,0.03319893759404441,0.13400840014219284,0.008872958210659239,0.023005799079934757,0.004837537454504211,1.2317708333333333,0.05915529526875285,,,,,,
30899,3,,,,,,,0.0,0.0,0.9854272802670797,0.13130154511564976,0.12830405433972678,0.01438861141586251,0.01958009445418914,0.004477458280369405,1.2083333333333333,0.1289259770259017,,,,,,
30949,3,,,,,,,0.0,0.0,0.9880321820576986,0.30433662108983833,0.13160596042871475,0.009315635738355664,0.01946403148273627,0.0008724740464349377,1.2473958333333333,0.09923207751696693,,,,,,
30999,3,,,,,,,0.0,0.0,0.9765891234079996,0.08978490022988234,0.13092702875534692,0.00938015011469538,0.023667911688486736,0.004136086764066433,1.1927083333333333,0.073840869160197,,,,,,
31049,3,,,,,,,0.0,0.0,1.1291668613751729,0.22428145546567033,0.13391779363155365,0.005707015250772807,0.02275243028998375,0.0031597178299823765,1.234375,0.04059494080239556,,,,,,
31099,3,,,,,,,0.0,0.0,1.0496580998102825,0.2128416879975816,0.13609977066516876,0.010302351366881075,0.02281852439045906,0.00218196830418246,1.2578125,0.09974332292815394,,,,,,
31149,3,,,,,,,0.0,0.0,1.0230912566184998,0.1705069436326406,0.1349803457657496,0.007088093570644604,0.02104805534084638,0.002538501304093417,1.265625,0.09472152853892297,,,,,,
31199,3,,,,,,,0.0,0.0,1.1660513480504353,0.06860332096632586,0.13159778962532678,0.012231033775558103,0.019781383996208508,0.0019151746582378659,1.2421875,0.12573028858930532,,,,,,
31249,3,,,,,,,0.0,0.0,0.8572056492169698,0.09364285285355378,0.13071924448013306,0.010149153738963223,0.020042164872090023,0.001543045876985274,1.2291666666666667,0.12653677722142023,,,,,,
31299,3,,,,,,,0.0,0.0,1.0097495913505554,0.09092191597316948,0.128492737809817,0.016757672204212475,0.02530263674755891,0.007659258949467747,1.1458333333333333,0.10549285989858903,,,,,,
31349,3,,,,,,,0.0,0.0,0.9842950701713562,0.23586310560233542,0.1350195830066999,0.010526640623991886,0.025481822590033214,0.0027865751852167607,1.2161458333333333,0.09054863880580058,,,,,,
31399,3,,,,,,,0.0,0.0,1.0878862142562866,0.20601934154159945,0.13438002268473306,0.011512670884233418,0.021912578493356705,6.261184205743998e-05,1.25,0.1286099815090182,,,,,,
31449,3,,,,,,,0.0,0.0,0.9509679873784384,0.1760801333050791,0.13063906878232956,0.016150211146838747,0.019473702336351078,0.0037598795439117657,1.2369791666666667,0.1451808319246495,,,,,,
31499,3,,,,,,,0.0,0.0,1.1083330313364665,0.3547832442764443,0.13617986192305884,0.020997436226699643,0.030548350264628727,0.011073555782655616,1.1744791666666667,0.1151736686848749,,,,,,
31549,3,,,,,,,0.0,0.0,1.2665696541468303,0.3546441279952299,0.12836856146653494,0.007359501537323935,0.02387636962036292,0.00531138795661224,1.1614583333333333,0.029577647634376425,,,,,,
31599,3,,,,,,,0.0,0.0,0.9491569995880127,0.047765632137144326,0.12874144812424979,0.024654927169542405,0.021970614790916443,0.006505020044770861,1.1861979166666667,0.20927926527106272,,,,,,
31649,3,,,,,,,0.0,0.0,1.0159496267636616,0.2338589527240666,0.13331075509389242,0.0021461275778441617,0.021331583460172016,0.00350719954155711,1.2447916666666667,0.05542655378591865,,,,,,
31699,3,,,,,,,0.0,0.0,0.9432847102483114,0.17450694844492998,0.13424637913703918,0.005689097939922424,0.024220339953899384,0.004207503223304881,1.2239583333333333,0.03853814736184568,,,,,,
31749,3,,,,,,,0.0,0.0,0.8458130757013956,0.0182623043857154,0.130109503865242,0.0041606980088875894,0.021548305948575337,0.0016479788283643906,1.2057291666666667,0.05966895436140417,,,,,,
31799,3,,,,,,,0.0,0.0,0.9430012702941895,0.06402832013220625,0.13209591805934906,0.014056447792732352,0.021256073688467342,0.0024747267865860446,1.2317708333333333,0.13219833485934432,,,,,,
31849,3,,,,,,,0.0,0.0,1.0695347785949707,0.34969490263767306,0.13907828430334726,0.021341304654111975,0.027261879295110703,0.013324435531438519,1.2421875,0.12128261481453144,,,,,,
31899,3,,,,,,,0.0,0.0,1.0741805632909138,0.11718026630297829,0.13266190638144812,0.016655958323806126,0.02182206263144811,0.0020219245106935712,1.2317708333333333,0.1657895212749688,,,,,,
31949,3,,,,,,,0.0,0.0,0.799689769744873,0.05359850632060295,0.12682238221168518,0.007540791160382477,0.01842394346992175,0.0008349975757816188,1.2057291666666667,0.07825510000685791,,,,,,
31999,3,,,,,,,0.0,0.0,1.078893780708313,0.24234370570783975,0.13601901133855185,0.015106877964853278,0.02534192738433679,0.006365519343626032,1.2291666666666667,0.10606985340841824,,,,,,
32049,3,,,,,,,0.0,0.0,1.058865209420522,0.39456681750657935,0.12916368742783865,0.01150610452103502,0.023694935565193493,0.0070480009581555085,1.171875,0.07534102157025746,,,,,,
32099,3,,,,,,,0.0,0.0,1.0410791039466858,0.2224599255932383,0.1282016858458519,0.007508446639019974,0.019640489170948666,0.003647490458811542,1.2057291666666667,0.10946796644262345,,,,,,
32149,3,,,,,,,0.0,0.0,0.8402934471766154,0.024133780093478267,0.1345010201136271,0.008942394754525924,0.019917684296766918,0.00345562439810754,1.2708333333333333,0.06314768569261532,,,,,,
32199,3,,,,,,,0.0,0.0,0.9756453235944113,0.08755956262743456,0.12576258182525635,0.012702448930919319,0.017526904741923015,0.0019704366999127466,1.203125,0.12203515118604147,,,,,,
32249,3,,,,,,,0.0,0.0,1.042835811773936,0.1549674617621797,0.13271192461252213,0.011964496707310576,0.022523123150070507,0.0049289627739669845,1.2239583333333333,0.12629537138523064,,,,,,
32299,3,,,,,,,0.0,0.0,1.122475266456604,0.20728151218559077,0.13198443253835043,0.006027909688962567,0.02326047793030739,0.007475249770119286,1.2083333333333333,0.03157384284630766,,,,,,
32349,3,,,,,,,0.0,0.0,1.0687760909398396,0.23956249269200222,0.12698345383008322,0.011353612670331036,0.018259496117631595,0.0038646371269258047,1.2083333333333333,0.09923207751696693,,,,,,
32399,3,,,,,,,0.0,0.0,0.8275113701820374,0.13723699308783632,0.13357454041639963,0.004603741547228837,0.02110709312061469,0.0034176392603169955,1.25,0.08450510801868726,,,,,,
32449,3,,,,,,,0.0,0.0,0.9344032406806946,0.15620056816823316,0.12953155736128488,0.012153870300060422,0.018203430188198883,0.002995675194066591,1.2369791666666667,0.10403637685124052,,,,,,
32499,3,,,,,,,0.0,0.0,0.9950718482335409,0.1412994331200256,0.13647298018137613,0.009294815781900834,0.02449381786088149,0.0019039486234467664,1.2447916666666667,0.08426400878835123,,,,,,
32549,3,,,,,,,0.0,0.0,0.8693878054618835,0.023850097285466065,0.13281123588482538,0.009780457900233495,0.018390660484631855,0.00329879625667705,1.2708333333333333,0.09768228819537006,,,,,,
32599,3,,,,,,,0.0,0.0,0.9078402320543925,0.13241071422381684,0.12434518585602443,0.011329392189163328,0.019201953274508316,0.0052078786561752625,1.1692708333333333,0.08640968761998467,,,,,,
32649,3,,,,,,,0.0,0.0,1.1695826450983684,0.17159949058983617,0.12879734486341476,0.008400229429721615,0.020561663433909416,0.003331812453372955,1.2005208333333333,0.05863713671457137,,,,,,
32699,3,,,,,,,0.0,0.0,1.0305122137069702,0.2716583727942285,0.13374652713537216,0.018208755164810634,0.025022565697630245,0.0075933974248158405,1.2083333333333333,0.13584168078901016,,,,,,
32749,3,,,,,,,0.0,0.0,0.8287731607755026,0.11734809376921046,0.13095615059137344,0.011848387073700787,0.019139744341373444,0.003417448519456091,1.2421875,0.09472152853892297,,,,,,
32799,3,,,,,,,0.0,0.0,0.9881689151128134,0.19451411315453682,0.13285268346468607,0.009603744189681698,0.023477687189976375,0.0016080543185762743,1.2161458333333333,0.09054863880580058,,,,,,
32849,3,,,,,,,0.0,0.0,0.9840002854665121,0.334732162735921,0.12784678985675177,0.014974411662719813,0.0205876799300313,0.00527429694878628,1.1901041666666667,0.11222115326257939,,,,,,
32899,3,,,,,,,0.0,0.0,1.1813453038533528,0.130215524302112,0.145886500676473,0.022630563038256977,0.02300238547225793,0.007752415030387014,1.3645833333333333,0.1757957169972674,,,,,,
32949,3,,,,,,,0.0,0.0,0.8647751609484354,0.12440630396658778,0.12455714245637257,0.008347702745684403,0.020390478894114494,0.0013103572539093198,1.15625,0.09210801658243434,,,,,,
32999,3,,,,,,,0.0,0.0,0.9564445813496908,0.17505086007398252,0.12636025001605353,0.011575494702330932,0.021705302099386852,0.007228100951714979,1.1640625,0.04752158226795484,,,,,,
33049,3,,,,,,,0.0,0.0,0.9550840854644775,0.19325315398443388,0.1304930423696836,0.012356005451387068,0.024210490907231968,0.003195908170912418,1.1822916666666667,0.11222115326257939,,,,,,
33099,3,,,,,,,0.0,0.0,1.0194276173909504,0.13746237742377845,0.13869333763917288,0.016225548474291095,0.02508656618495782,0.004118779262437317,1.2630208333333333,0.13311851999095892,,,,,,
33149,3,,,,,,,0.0,0.0,0.9091837406158447,0.15732746365049793,0.12214287122090657,0.007245223498448542,0.019929332037766773,0.002208848232076707,1.1354166666666667,0.05863713671457137,,,,,,
33199,3,,,,,,,0.0,0.0,0.9309111634890238,0.15791586236762728,0.1280814285079638,0.013899523488521668,0.019031945926447708,0.003257348827909115,1.2109375,0.12027190873703635,,,,,,
33249,3,,,,,,,0.0,0.0,0.9214672048886617,0.17915769082647245,0.12853295604387918,0.00283509648720439,0.018506915618975956,0.0026888953754352577,1.2213541666666667,0.011933790872280834,,,,,,
33299,3,,,,,,,0.0,0.0,0.9179892937342325,0.1810841565276923,0.13727217415968576,0.009981431613213411,0.023990921676158905,0.005158530560319064,1.2578125,0.0546875,,,,,,
33349,3,,,,,,,0.0,0.0,0.8690932194391886,0.07632467774621092,0.1292030190428098,0.008484933083324982,0.022594944884379704,0.003798151287177639,1.1848958333333333,0.09320588629256918,,,,,,
33399,3,,,,,,,0.0,0.0,1.0531368056933086,0.1492831667421507,0.13187545537948608,0.011354137547833296,0.023314257462819416,0.0030750512864974465,1.2057291666666667,0.09320588629256918,,,,,,
33449,3,,,,,,,0.0,0.0,1.1243438323338826,0.15846296229027307,0.1473329464594523,0.010613832176549693,0.027704040830334026,0.0031128791467951596,1.328125,0.14341843555223296,,,,,,
33499,3,,,,,,,0.0,0.0,0.8654008309046427,0.19366108345995173,0.12229382495085399,0.013805901548662257,0.018452676633993786,0.0023979483139936328,1.1536458333333333,0.1317358319785598,,,,,,
33549,3,,,,,,,0.0,0.0,0.8636090954144796,0.14260781769825207,0.12982433289289474,0.015594863395836125,0.017519647255539894,0.0022759063961745162,1.2473958333333333,0.15513928133965083,,,,,,
33599,3,,,,,,,0.0,0.0,0.8913309375445048,0.0525746006933751,0.13237163921197256,0.01946844911611837,0.02006695047020912,0.004821006224624778,1.2473958333333333,0.1601721282779352,,,,,,
33649,3,,,,,,,0.0,0.0,0.9732576012611389,0.13018491710700594,0.13699628909428915,0.0018614261048240865,0.02355227991938591,0.0019387560640977443,1.2604166666666667,0.039322054350368486,,,,,,
33699,3,,,,,,,0.0,0.0,0.9768829941749573,0.14811607759038636,0.13480576127767563,0.016140683218454018,0.021361752102772396,0.004404719685202982,1.2630208333333333,0.15513928133965083,,,,,,
33749,3,,,,,,,0.0,0.0,1.3538953463236492,0.4539921268207147,0.14299553136030832,0.01251748196651786,0.02287834696471691,0.003609196907142968,1.3333333333333333,0.10491269311710254,,,,,,
33799,3,,,,,,,0.0,0.0,0.9615288178126017,0.36855182957014904,0.13598108539978662,0.01931171007000588,0.02188603642086188,0.006487124502185508,1.2682291666666667,0.16281769825354778,,,,,,
33849,3,,,,,,,0.0,0.0,0.9363311926523844,0.26835662626432305,0.13789215683937073,0.022814536360916387,0.01907705267270406,0.0026308098941023347,1.3203125,0.23215090559536916,,,,,,
33899,3,,,,,,,0.0,0.0,1.151099701722463,0.23847082210290357,0.14073330660661063,0.010831723628277336,0.02842861662308375,0.006433748355153215,1.25,0.06394806853025352,,,,,,
33949,3,,,,,,,0.0,0.0,0.9804198145866394,0.14593306961391783,0.12794865171114603,0.016763898415712214,0.01857365109026432,0.0027065186663003363,1.2161458333333333,0.1641244922561326,,,,,,
33999,3,,,,,,,0.0,0.0,0.9906293749809265,0.13365671272960386,0.12800289690494537,0.0070885285787973176,0.020092736929655075,0.0024630557994678288,1.1979166666666667,0.10635717633678196,,,,,,
34049,3,,,,,,,0.0,0.0,1.1032205025355022,0.2595900359274466,0.14438551167647043,0.024742634963809764,0.02866285666823387,0.010841298151682345,1.2864583333333333,0.15355753112297466,,,,,,
34099,3,,,,,,,0.0,0.0,1.0243552525838215,0.18090281667115474,0.12373502055803935,0.004558945075010921,0.016638665460050106,0.001931922426305955,1.1901041666666667,0.05487319662944135,,,,,,
34149,3,,,,,,,0.0,0.0,1.0354498426119487,0.1787563457834859,0.12903900692860285,0.006206615406014091,0.022756453603506088,0.003808987423074197,1.1822916666666667,0.027436598314720676,,,,,,
34199,3,,,,,,,0.0,0.0,1.076547125975291,0.121096554257202,0.1349382847547531,0.003883858308222945,0.021819793929656345,0.0013335633138659775,1.2578125,0.05898308152555273,,,,,,
34249,3,,,,,,,0.0,0.0,0.8363532622655233,0.04599567047436906,0.1342348208030065,0.016300605659668562,0.018512168278296787,0.00314168892513207,1.2864583333333333,0.16393844516184522,,,,,,
34299,3,,,,,,,0.0,0.0,0.872097392876943,0.16215149680676133,0.13257502019405365,0.018765341682140245,0.02075861518581708,0.0054712962810099484,1.2421875,0.15857643070456592,,,,,,
34349,3,,,,,,,0.0,0.0,1.0534960230191548,0.12682076896982797,0.13039225339889526,0.01092361671760645,0.020366212353110313,0.0009755377219724156,1.2239583333333333,0.11167594605412275,,,,,,
34399,3,,,,,,,0.0,0.0,0.9313469926516215,0.08246970482110488,0.12905590484539667,0.004233118787648127,0.01789054150382678,0.0016705354956344008,1.234375,0.05633673867912483,,,,,,
34449,3,,,,,,,0.0,0.0,1.1696298718452454,0.3249509930103034,0.1342244545618693,0.021727436199050782,0.024035654962062836,0.010252969571140419,1.2239583333333333,0.1289259770259017,,,,,,
34499,3,,,,,,,0.0,0.0,0.9720530907313029,0.25039478198878007,0.13314702858527502,0.024281027691365826,0.023446508993705113,0.008845281485956483,1.21875,0.18204969058954756,,,,,,
34549,3,,,,,,,0.0,0.0,1.049702564875285,0.152009480465998,0.13109455506006876,0.01483644315386129,0.01960366778075695,0.0023953546238278996,1.2395833333333333,0.1453908838771652,,,,,,
34599,3,,,,,,,0.0,0.0,0.8657404979070028,0.10915721140626619,0.12583823998769125,0.0048288418401089585,0.01923016520837943,0.0021329463378241026,1.1848958333333333,0.07425300744470444,,,,,,
34649,3,,,,,,,0.0,0.0,0.9769058227539062,0.20735258906742438,0.1355463812748591,0.005668479738369585,0.02128856877485911,0.0017589282877447264,1.2682291666666667,0.05758683434243745,,,,,,
34699,3,,,,,,,0.0,0.0,0.8120933771133423,0.048408188249326065,0.12653795133034387,0.009783847968635595,0.018465034663677216,0.003232516445711527,1.2005208333333333,0.08605578980134534,,,,,,
34749,3,,,,,,,0.0,0.0,1.063644031683604,0.14347040879542852,0.1380790720383326,0.01691840172333204,0.02154261680940787,0.004595863313348208,1.2942708333333333,0.14850601488940887,,,,,,
34799,3,,,,,,,0.0,0.0,1.0900127291679382,0.29146808506304667,0.13918904960155487,0.014063374934573283,0.02623332291841507,0.006339534846368982,1.2552083333333333,0.0964245238623626,,,,,,
34849,3,,,,,,,0.0,0.0,0.8921600977579752,0.07153387833252582,0.1341609259446462,0.00899931102568449,0.018601028869549435,0.0015548992601755384,1.2838541666666667,0.08353653610596583,,,,,,
34899,3,,,,,,,0.0,0.0,1.0415642062822978,0.21897302876717353,0.1347782959540685,0.011053339060824936,0.022799127424756687,0.007277156553908757,1.2447916666666667,0.05542655378591865,,,,,,
34949,3,,,,,,,0.0,0.0,1.166434685389201,0.35906534444864935,0.1421758383512497,0.0065610685680187845,0.024988332763314247,0.0042448427955972395,1.3020833333333333,0.027436598314720676,,,,,,
34999,3,,,,,,,0.0,0.0,0.8331041932106018,0.10277918860414655,0.1262215922276179,0.02212118498030484,0.019450757652521133,0.0037389011993820874,1.1875,0.20714177474316955,,,,,,
35049,3,,,,,,,0.0,0.0,0.9769491751988729,0.18607933510512237,0.12810401121775308,0.013741868369578213,0.01807796861976385,0.0024944739530955735,1.2213541666666667,0.12556836928376244,,,,,,
35099,3,,,,,,,0.0,0.0,0.753460685412089,0.14081597348385178,0.11723330368598302,0.012767125866453123,0.01583356410264969,0.004247084722158645,1.125,0.12278307535548212,,,,,,
35149,3,,,,,,,0.0,0.0,0.9260441660881042,0.2501299886977151,0.12919341027736664,0.020066376594686918,0.02112049547334512,0.007723679323619901,1.2005208333333333,0.13982701831936248,,,,,,
35199,3,,,,,,,0.0,0.0,0.8935797214508057,0.18697551421417283,0.13148654252290726,0.01640710636111096,0.02211154034982125,0.007873360386538476,1.2161458333333333,0.11933790872280833,,,,,,
35249,3,,,,,,,0.0,0.0,0.857877771059672,0.23014791319605524,0.13154531766970953,0.01917180218860829,0.022333079638580482,0.008404162598389041,1.2135416666666667,0.1270182124818458,,,,,,
35299,3,,,,,,,0.0,0.0,0.903411328792572,0.04273422878856085,0.1476153681675593,0.0038815292273523014,0.024894017726182938,0.0031831930206393322,1.3645833333333333,0.06314768569261532,,,,,,
35349,3,,,,,,,0.0,0.0,1.1468818585077922,0.31483335740761725,0.13803595304489136,0.013543487025988146,0.027521631369988125,0.0035359564000411237,1.2291666666666667,0.11384110934580413,,,,,,
35399,3,,,,,,,0.0,0.0,1.0152199069658916,0.32499930551801987,0.1323135495185852,0.020974824405256495,0.020497141405940056,0.006684941168571925,1.2421875,0.15953576450517296,,,,,,
35449,3,,,,,,,0.0,0.0,1.0497436722119649,0.4225933495903094,0.13951430718104044,0.020540140681875207,0.025907539452115696,0.01730068800976883,1.2630208333333333,0.04302789490067267,,,,,,
35499,3,,,,,,,0.0,0.0,0.9254877765973409,0.1630298464418188,0.12247287730375926,0.005778532094025734,0.018306210016210873,0.002638973509288771,1.15625,0.04349815908460954,,,,,,
35549,3,,,,,,,0.0,0.0,0.8586867054303488,0.07411362098863196,0.12530451764663061,0.013527705354494376,0.022277173896630604,0.004888094910468569,1.1458333333333333,0.10196235390860361,,,,,,
35599,3,,,,,,,0.0,0.0,0.8105105757713318,0.11840421374336774,0.129413070778052,0.011065616306654936,0.019549792011578877,0.0017546128809328987,1.2213541666666667,0.10196235390860361,,,,,,
35649,3,,,,,,,0.0,0.0,1.1045185724894206,0.04187761522213273,0.14812624951203665,0.01519509447663174,0.02686973599096139,0.0020368788597455692,1.3463541666666667,0.16505158205719608,,,,,,
35699,3,,,,,,,0.0,0.0,0.9645236134529114,0.08575798119795441,0.13315717379252115,0.005783107591912616,0.021829047550757725,0.0023076268515274173,1.2369791666666667,0.09054863880580058,,,,,,
35749,3,,,,,,,0.0,0.0,0.8882947762807211,0.07678181111600287,0.12203202893336614,0.0014240875283841536,0.02079504852493604,0.001587790647208023,1.125,0.020669932117692115,,,,,,
35799,3,,,,,,,0.0,0.0,0.8433072765668234,0.16424132468917338,0.125148576994737,0.017895867245500446,0.018052224380274613,0.004341342521054483,1.1901041666666667,0.15115387355136928,,,,,,
35849,3,,,,,,,0.0,0.0,0.9302999377250671,0.15417023266193997,0.12867979456981024,0.01366262482010461,0.022071721342702705,0.006614076154644608,1.1848958333333333,0.09122020775071352,,,,,,
35899,3,,,,,,,0.0,0.0,0.9163697560628256,0.06097668788040707,0.12643766154845557,0.004183187539557222,0.020643388231595356,0.0015435696819442154,1.1770833333333333,0.03522851369392886,,,,,,
35949,3,,,,,,,0.0,0.0,1.0398466189702351,0.204521916552217,0.13841925809780756,0.023042204140481144,0.021394517893592518,0.005816684267543473,1.2994791666666667,0.19173812639791632,,,,,,
35999,3,,,,,,,0.0,0.0,0.9456236759821574,0.13830334653124352,0.1357248475154241,0.007858734555216738,0.02260635420680046,0.002029584680668419,1.2578125,0.07452650011069888,,,,,,
36049,3,,,,,,,0.0,0.0,0.9340249300003052,0.1554655460821873,0.1257833888133367,0.003747845910449565,0.019500837350885075,0.004670157867495823,1.1796875,0.04133986423538423,,,,,,
36099,3,,,,,,,0.0,0.0,0.8524181445439657,0.004976846587771209,0.125518336892128,0.008745323279084491,0.019561303469041984,0.004106689383532018,1.1770833333333333,0.05201818842562026,,,,,,
36149,3,,,,,,,0.0,0.0,1.284106473128001,0.517200828987069,0.13277448217074075,0.01412952320901447,0.022585680708289146,0.004672015708142667,1.2239583333333333,0.11384110934580413,,,,,,
36199,3,,,,,,,0.0,0.0,1.0235915978749592,0.17991122217676908,0.1356211652358373,0.0015802846995165425,0.022339916477600735,0.00672472726348571,1.2578125,0.08267972847076846,,,,,,
36249,3,,,,,,,0.0,0.0,0.9819477995236715,0.16303466479611112,0.1305162956317266,0.018825825320566588,0.02325718229015668,0.0046588054338652166,1.1927083333333333,0.20556427991526965,,,,,,
36299,3,,,,,,,0.0,0.0,0.9658331871032715,0.30891926959896343,0.12850295255581537,0.016626302960593857,0.020918320243557293,0.005238524910967545,1.1953125,0.1286099815090182,,,,,,
36349,3,,,,,,,0.0,0.0,0.8748371203740438,0.16793705441388723,0.13301493724187216,0.009537651969884571,0.0185943649460872,0.0035901487653936656,1.2708333333333333,0.07507049638228945,,,,,,
36399,3,,,,,,,0.0,0.0,0.8998700976371765,0.09455463259060307,0.13740826646486917,0.012028102573022479,0.019406963760654133,0.0002940153001950348,1.3125,0.13887803777055607,,,,,,
36449,3,,,,,,,0.0,0.0,1.0209246079126995,0.22367809743434303,0.13176026940345764,0.0215627497572311,0.022385268782575924,0.006003593103963779,1.2135416666666667,0.17140086116567013,,,,,,
36499,3,,,,,,,0.0,0.0,0.8844248255093893,0.15423082485671108,0.129823736846447,0.014357286845767666,0.019472176829973858,0.00240940818731533,1.2239583333333333,0.13288907106430284,,,,,,
36549,3,,,,,,,0.0,0.0,1.0399843454360962,0.12383342658587802,0.13918176790078482,0.013404682393603212,0.026226043701171875,0.011298846472135717,1.2552083333333333,0.03252603124165832,,,,,,
36599,3,,,,,,,0.0,0.0,0.8573445479075114,0.10522680710811072,0.13659278551737467,0.01019044691274146,0.018428719292084377,0.002647041454726254,1.3125,0.14213597967703323,,,,,,
36649,3,,,,,,,0.0,0.0,0.8375076452891032,0.12666754455126664,0.12192978958288829,0.017607318985085184,0.018251401372253895,0.005887903338148877,1.1536458333333333,0.13103901693134504,,,,,,
36699,3,,,,,,,0.0,0.0,0.9474554657936096,0.23923788567459844,0.12946505844593048,0.0006315057489603668,0.023670788233478863,0.0037449026622822187,1.1744791666666667,0.0369204345800985,,,,,,
36749,3,,,,,,,0.0,0.0,1.0696990887324016,0.28750153768103415,0.13066930075486502,0.01145610391776642,0.019992217421531677,0.0008955093345648665,1.2291666666666667,0.1317358319785598,,,,,,
36799,3,,,,,,,0.0,0.0,0.919265349706014,0.10672599443107285,0.1255545566479365,0.01098221506747043,0.022689976419011753,0.0017972415795050847,1.1432291666666667,0.10403637685124052,,,,,,
36849,3,,,,,,,0.0,0.0,0.8239713311195374,0.09329220387789106,0.1268123040596644,0.011356039910224061,0.019227666780352592,0.0034811772169761096,1.1953125,0.12027190873703635,,,,,,
36899,3,,,,,,,0.0,0.0,1.0193990270296733,0.25674830327663345,0.14266104996204376,0.019935577748680024,0.02303214433292548,0.007389681432929814,1.328125,0.14213597967703323,,,,,,
36949,3,,,,,,,0.0,0.0,1.0612343947092693,0.20705386429195236,0.13771598289410272,0.016482539609583763,0.02020296019812425,0.0014983165138936151,1.3046875,0.19717858537693692,,,,,,
36999,3,,,,,,,0.0,0.0,0.9209035436312357,0.10713770040715254,0.1313430815935135,0.01891314185447575,0.020991515678664047,0.005132408031504092,1.2265625,0.16535945694153692,,,,,,
37049,3,,,,,,,0.0,0.0,0.8710661927858988,0.09433858037498712,0.1280525028705597,0.012779917357441077,0.01916578474144141,0.003052138539470359,1.2083333333333333,0.1097463932588827,,,,,,
37099,3,,,,,,,0.0,0.0,1.0570897658665974,0.534917272039207,0.12655173242092133,0.019352645840581058,0.019292617216706276,0.009038613436399246,1.1927083333333333,0.11753420933746624,,,,,,
37149,3,,,,,,,0.0,0.0,1.0510531663894653,0.28684612820170613,0.1329661707083384,0.021128551036189987,0.022126330062747,0.006569699962791,1.2317708333333333,0.17334832542336062,,,,,,
37199,3,,,,,,,0.0,0.0,0.9650387763977051,0.2733184712482301,0.12022767215967178,0.012583584372678838,0.015572725484768549,0.002196562752925284,1.1614583333333333,0.11596585457402249,,,,,,
37249,3,,,,,,,0.0,0.0,0.8281832734743754,0.06592284759127044,0.13121230403582254,0.008883771188694496,0.019070374158521492,0.004224032031313051,1.2447916666666667,0.0820622461280663,,,,,,
37299,3,,,,,,,0.0,0.0,1.083702266216278,0.28492053999832695,0.1408520738283793,0.022040586414672263,0.026757023607691128,0.011539669738513421,1.2682291666666667,0.12410158914004016,,,,,,
37349,3,,,,,,,0.0,0.0,0.9267167051633199,0.10109622327782736,0.13249138494332632,0.004934140258555608,0.0244184626887242,0.0032765874006321027,1.2005208333333333,0.09054863880580058,,,,,,
37399,3,,,,,,,0.0,0.0,0.9347681999206543,0.1280546578680515,0.13113703827063242,0.019265003373683833,0.021436520541707676,0.0035800326102549984,1.2213541666666667,0.17562203437591006,,,,,,
37449,3,,,,,,,0.0,0.0,0.9670406579971313,0.02689775163335246,0.13176243752241135,0.011093088133409553,0.021248111501336098,0.0022159513620443167,1.2291666666666667,0.13219833485934432,,,,,,
37499,3,,,,,,,0.0,0.0,0.9241793950398763,0.24530157245856218,0.12780509889125824,0.012968036276934684,0.021197024111946423,0.005602466178292184,1.1848958333333333,0.14069731936708435,,,,,,
37549,3,,,,,,,0.0,0.0,0.9447925090789795,0.11903925804617786,0.12752620379130045,0.011827569698463923,0.01994156651198864,0.0015101386130478077,1.1953125,0.12203515118604147,,,,,,
37599,3,,,,,,,0.0,0.0,1.218443512916565,0.4843793793919442,0.13152882953484854,0.006834132655220736,0.02166554828484853,0.00823027810240189,1.21875,0.015625,,,,,,
37649,3,,,,,,,0.0,0.0,0.8841291268666586,0.2540050489301235,0.12602494160334268,0.00642321472171519,0.020230668286482494,0.002650798763029977,1.1744791666666667,0.06362912355661779,,,,,,
37699,3,,,,,,,0.0,0.0,0.843750536441803,0.06679822596199185,0.12350649138291676,0.02014513306698605,0.019502585132916767,0.0024957045404239517,1.15625,0.20357522219992785,,,,,,
37749,3,,,,,,,0.0,0.0,0.9919981956481934,0.10307217263417247,0.14025051395098367,0.013028110749933488,0.02517889564236005,0.005166617799729574,1.2786458333333333,0.12629537138523064,,,,,,
37799,3,,,,,,,0.0,0.0,1.143050193786621,0.2355790131047179,0.1340212176243464,0.016015030828762735,0.02204205219944318,0.005415494375970317,1.2447916666666667,0.11959335940838578,,,,,,
37849,3,,,,,,,0.0,0.0,1.0757325887680054,0.1273978423742023,0.1300146405895551,0.013183470925798644,0.02666177662710349,0.005295370930729109,1.1484375,0.08804240366863003,,,,,,
37899,3,,,,,,,0.0,0.0,0.9208751519521078,0.18123368897837036,0.13417296608289084,0.024096618108883208,0.02251931776603063,0.005915651188590364,1.2395833333333333,0.20287444482877418,,,,,,
37949,3,,,,,,,0.0,0.0,1.0329112609227498,0.2188104588796556,0.12747690081596375,0.012307356789556143,0.021194348732630413,0.006464801371573769,1.1796875,0.07694420157653206,,,,,,
37999,3,,,,,,,0.0,0.0,1.0136301120122273,0.15630922788645069,0.13314166168371835,0.025655084267123162,0.023115620637933414,0.006259983551856217,1.2239583333333333,0.22046389597184238,,,,,,
38049,3,,,,,,,0.0,0.0,1.1788557569185893,0.4204839099431673,0.13032269477844238,0.0037669024775759292,0.02322634682059288,0.002504637420899857,1.1901041666666667,0.044423755492791615,,,,,,
38099,3,,,,,,,0.0,0.0,0.866619884967804,0.13346900746296764,0.12926043818394342,0.012105720644256742,0.019234395275513332,0.0029385895865948132,1.2213541666666667,0.1474749493204976,,,,,,
38149,3,,,,,,,0.0,0.0,0.9133289257685343,0.2535307089722385,0.1227530762553215,0.013015531241380773,0.019074687734246254,0.005004319108238133,1.1510416666666667,0.09547032697824667,,,,,,
38199,3,,,,,,,0.0,0.0,0.9424816767374674,0.09532289314832189,0.13349175453186035,0.016570165215049126,0.020861546819408733,0.003825477341349559,1.25,0.13887803777055607,,,,,,
38249,3,,,,,,,0.0,0.0,1.1630462805430095,0.10099713853618993,0.13395638763904572,0.009312652402526898,0.021488935376207035,0.0019967464387162658,1.25,0.08804240366863003,,,,,,
38299,3,,,,,,,0.0,0.0,0.9977596998214722,0.16443605593068267,0.12769334018230438,0.02027052082286154,0.02434047870337963,0.008458053099247116,1.1484375,0.13327126647837484,,,,,,
38349,3,,,,,,,0.0,0.0,0.9849684834480286,0.15587262563907608,0.13617723435163498,0.019013646635801688,0.02582567495604356,0.007064302585877845,1.2265625,0.1335000585205864,,,,,,
38399,3,,,,,,,0.0,0.0,0.9452493985493978,0.21275118401648324,0.1318779463569323,0.01233534311243933,0.021851901585857075,0.003557980148332724,1.2239583333333333,0.09768228819537006,,,,,,
38449,3,,,,,,,0.0,0.0,1.0767595569292705,0.2700408916536879,0.14078295727570853,0.026939943274802057,0.029292072479923565,0.012330166393670038,1.2395833333333333,0.1624423976432364,,,,,,
38499,3,,,,,,,0.0,0.0,0.9676615198453268,0.19080526323261895,0.1346051792303721,0.010232415991264097,0.021486685300866764,0.004847577556317344,1.2578125,0.071602745233685,,,,,,
38549,3,,,,,,,0.0,0.0,1.1434289415677388,0.2574799773790421,0.13668162624041238,0.016473723545944795,0.02388865624864896,0.003769522429552156,1.2526041666666667,0.14091405477571545,,,,,,
38599,3,,,,,,,0.0,0.0,0.9786277810732523,0.11408059854562874,0.1325508952140808,0.014142585795414069,0.01829308271408081,0.0013939516992045224,1.2708333333333333,0.15074953790006565,,,,,,
38649,3,,,,,,,0.0,0.0,0.8229069709777832,0.0708014886679538,0.1283964067697525,0.010290972497271742,0.01983521009484927,0.0022347886119297253,1.2057291666666667,0.1367373499252612,,,,,,
38699,3,,,,,,,0.0,0.0,0.8679735461870829,0.18795944456220956,0.13036834448575974,0.020309111871314307,0.020342305302619934,0.009697911736029793,1.2213541666666667,0.12111474952326547,,,,,,
38749,3,,,,,,,0.0,0.0,0.857611874739329,0.24351586147237056,0.12670395771662393,0.008379862381784635,0.01749171440800031,0.002708061496690621,1.2135416666666667,0.0708888416084177,,,,,,
38799,3,,,,,,,0.0,0.0,0.9383930563926697,0.17192771170524937,0.13741057614485422,0.013803166922082985,0.02331552468240261,0.005499269986075655,1.2682291666666667,0.09450649641470862,,,,,,
38849,3,,,,,,,0.0,0.0,1.0041085879007976,0.3840129774215386,0.12778091679016748,0.009311516721995277,0.020521802206834156,0.0038602245383159623,1.1927083333333333,0.05966895436140417,,,,,,
38899,3,,,,,,,0.0,0.0,1.1992168823877971,0.4695223252971412,0.13302872081597647,0.002879605725995273,0.02267715521156788,0.0026189410323785418,1.2265625,0.0234375,,,,,,
38949,3,,,,,,,0.0,0.0,0.9908876021703085,0.21013584483776057,0.13249753415584564,0.006714719770543411,0.019053525601824123,0.0010390057476600267,1.2604166666666667,0.08353653610596583,,,,,,
38999,3,,,,,,,0.0,0.0,1.0102441708246868,0.27984442498926987,0.13270352284113565,0.013970346772499203,0.021375399082899094,0.006880736555403041,1.2369791666666667,0.08781101718795503,,,,,,
39049,3,,,,,,,0.0,0.0,1.0096931060155232,0.1747845794224066,0.13618643581867218,0.024992681025002114,0.02078929791847865,0.004176123367885333,1.2838541666666667,0.2323261138509473,,,,,,
39099,3,,,,,,,0.0,0.0,0.9931912819544474,0.08763409393179203,0.12748612215121588,0.0057075677392737015,0.02104080840945244,0.0038716983948717952,1.1822916666666667,0.025113673856752488,,,,,,
39149,3,,,,,,,0.0,0.0,0.9924414356549581,0.11168679743356937,0.1313267946243286,0.010055768051342,0.02260283629099528,0.003594683237680702,1.2083333333333333,0.07903120263277874,,,,,,
39199,3,,,,,,,0.0,0.0,0.860844095547994,0.06383876950414803,0.13403585304816565,0.01524961340143723,0.018638721356789272,0.0017844187365222773,1.28125,0.15209314323384207,,,,,,
39249,3,,,,,,,0.0,0.0,1.0748453934987385,0.32783125568189386,0.13925834000110626,0.017380293221155668,0.02662812980512778,0.007971055706714782,1.25,0.16461958988832404,,,,,,
39299,3,,,,,,,0.0,0.0,1.0485618511835735,0.12459135938411729,0.13242845485607782,0.011687271370568422,0.018658927952249844,0.0017195571072345466,1.2630208333333333,0.12629537138523064,,,,,,
39349,3,,,,,,,0.0,0.0,0.9130919377009074,0.26685548658420166,0.13483927150567374,0.01206597607198563,0.02253458711008231,0.003727230248740918,1.2473958333333333,0.09418302770846419,,,,,,
39399,3,,,,,,,0.0,0.0,1.1576220989227295,0.2564535791233969,0.13093059261639914,0.009558062204957547,0.02318319429953893,0.00392269491155389,1.1979166666666667,0.06362912355661779,,,,,,
39449,3,,,,,,,0.0,0.0,0.9419613083203634,0.15564717394682695,0.1283310353755951,0.0069386833805680165,0.021560201421380043,0.004210893052632672,1.1875,0.05633673867912483,,,,,,
39499,3,,,,,,,0.0,0.0,0.989085833231608,0.18664115979147158,0.13996252914269766,0.007643717067014737,0.021635703121622402,0.0034365645656543762,1.3151041666666667,0.047735163489123336,,,,,,
39549,3,,,,,,,0.0,0.0,0.9014733831087748,0.16944489640615412,0.13074601193269095,0.011729450535157884,0.020394449432690937,0.003889730392770941,1.2265625,0.10245997694221876,,,,,,
39599,3,,,,,,,0.0,0.0,0.9042225082715353,0.16262552047655113,0.12418690572182338,0.018538766057175964,0.01904367779692014,0.0002610724882052037,1.1692708333333333,0.2063052325035246,,,,,,
39649,3,,,,,,,0.0,0.0,0.9850898186365763,0.30965803345094123,0.1272141138712565,0.011061936650402516,0.018978435546159744,0.005772711836056026,1.203125,0.06765823467065928,,,,,,
39699,3,,,,,,,0.0,0.0,0.9558619062105814,0.09132472227817331,0.13273956378300986,0.004181954833879029,0.023039041707913082,0.0024481188916276797,1.21875,0.07452650011069888,,,,,,
39749,3,,,,,,,0.0,0.0,1.09415336449941,0.25569428469070743,0.13603428999582926,0.00798882814715466,0.02356684332092603,0.0016939769005184988,1.25,0.071602745233685,,,,,,
39799,3,,,,,,,0.0,0.0,0.8699309428532919,0.1636030440623937,0.12391709287961324,0.015016782422455228,0.018773861850301426,0.0033911319340739553,1.1666666666666667,0.1380699598105371,,,,,,
39849,3,,,,,,,0.0,0.0,1.0329530636469524,0.386333708412396,0.13898858428001404,0.01844422916250706,0.029939105734229088,0.010967833928424051,1.2109375,0.09504316453590968,,,,,,
39899,3,,,,,,,0.0,0.0,0.8755437731742859,0.07992125053122498,0.1333932156364123,0.020852891578079607,0.01929816324263811,0.004586093307623963,1.2682291666666667,0.18193790077821426,,,,,,
39949,3,,,,,,,0.0,0.0,1.1524439454078674,0.3746653368653324,0.13904031117757162,0.01138466250203919,0.0296653105566899,0.005828713763242901,1.2135416666666667,0.07259041596232475,,,,,,
39999,3,,,,,,,0.0,0.0,0.7660171588261923,0.1488013331752866,0.12040971219539642,0.0146518200584687,0.017056850095589954,0.0030658044570022604,1.1471354166666667,0.13544796313029528,0.16949025789896646,0.012698227095535256,0.01641409161190192,0.0027021681645620806,1.7005208333333333,0.11527170333691864
