step,n_seeds,validate/loss_step_mean,validate/loss_step_std,validate/pred_loss_step_mean,validate/pred_loss_step_std,validate/sigreg_loss_step_mean,validate/sigreg_loss_step_std,epoch_mean,epoch_std,fit/grad_norm_pre_clip_mean,fit/grad_norm_pre_clip_std,fit/loss_mean,fit/loss_std,fit/pred_loss_mean,fit/pred_loss_std,fit/sigreg_loss_mean,fit/sigreg_loss_std,validate/loss_epoch_mean,validate/loss_epoch_std,validate/pred_loss_epoch_mean,validate/pred_loss_epoch_std,validate/sigreg_loss_epoch_mean,validate/sigreg_loss_epoch_std
0,3,0.1646085431178411,0.03465347497942098,0.010637188330292702,0.0027149806958894594,1.7109375,0.36030789242500644,,,,,,,,,,,,,,,,
1,3,0.153548131386439,0.007353255949646162,0.013248655013740063,0.005883469219150351,1.5598958333333333,0.13219833485934432,,,,,,,,,,,,,,,,
2,3,0.1622157742579778,0.02847546298241224,0.013615511978665987,0.0062461628993122666,1.6510416666666667,0.25150102768593874,,,,,,,,,,,,,,,,
3,3,0.15216863652070364,0.009148625653355965,0.015449889625112215,0.006609548325304706,1.515625,0.03125,,,,,,,,,,,,,,,,
4,3,0.1703586926062902,0.013162240993755656,0.01280661408479015,0.005485068073267783,1.7473958333333333,0.09830513587592123,,,,,,,,,,,,,,,,
5,3,0.1586815466483434,0.014226299930277691,0.01252269527564446,0.0034444590425526823,1.625,0.12128261481453144,,,,,,,,,,,,,,,,
6,3,0.16416693727175394,0.010620681055653315,0.011172143121560415,0.0003508637883270222,1.6979166666666667,0.11727427342914273,,,,,,,,,,,,,,,,
7,3,0.13269583880901337,0.016226881485929257,0.013555215361217657,0.005103696298997968,1.3229166666666667,0.12360879464901894,,,,,,,,,,,,,,,,
8,3,0.16203824679056802,0.019057482652022652,0.010996575156847635,0.0033918524786498293,1.6744791666666667,0.1761425684696443,,,,,,,,,,,,,,,,
9,3,0.16195322573184967,0.00850187672125463,0.01416676864027977,0.003379362247830277,1.640625,0.12401959270615269,,,,,,,,,,,,,,,,
10,3,0.1729326049486796,0.03629397018981923,0.01261360136171182,0.005491157548849458,1.7838541666666667,0.3742124977731013,,,,,,,,,,,,,,,,
11,3,0.16114058593908945,0.038745262094084756,0.010749960939089457,0.0035671272033245757,1.671875,0.39241776108982374,,,,,,,,,,,,,,,,
12,3,0.15518016119798025,0.024992735841791063,0.013578597766657671,0.006138390000316196,1.5729166666666667,0.21457132349077623,,,,,,,,,,,,,,,,
13,3,0.15686771273612976,0.03315495607007316,0.013638546845565239,0.0070243529384234294,1.59375,0.29189908894170946,,,,,,,,,,,,,,,,
14,3,0.16652866204579672,0.03181419369765769,0.012231789218882719,0.0046465542044676345,1.7161458333333333,0.3009925529428981,,,,,,,,,,,,,,,,
15,3,0.1567236284414927,0.02376350729690954,0.011378576358159384,0.0034403524565389237,1.6145833333333333,0.23180009178618402,,,,,,,,,,,,,,,,
16,3,0.15948435167471567,0.01650661431604396,0.013325496576726437,0.004071359895441216,1.6223958333333333,0.15435043242434837,,,,,,,,,,,,,,,,
17,3,0.16037712494532266,0.01542403952126327,0.011614101628462473,0.00346038560757121,1.6536458333333333,0.14850601488940887,,,,,,,,,,,,,,,,
18,3,0.1744751830895742,0.031080650462021714,0.01106372537712256,0.005634690118319765,1.8151041666666667,0.3347848442314606,,,,,,,,,,,,,,,,
19,3,0.15507438282171884,0.017162125269496637,0.013472824512670437,0.006208410579319464,1.578125,0.12278307535548212,,,,,,,,,,,,,,,,
49,3,,,,,,,0.0,0.0,2.2004329363505044,0.06699493654940834,0.9472011129061381,0.0047379573429670255,0.25188861787319183,0.006524122396472745,7.729166666666667,0.07216878364870322,,,,,,
99,3,,,,,,,0.0,0.0,4.199723402659099,0.6859661046768825,0.7788154284159342,0.03172493579070291,0.2560289849837621,0.010013518732498464,5.8125,0.31715286140913185,,,,,,
149,3,,,,,,,0.0,0.0,3.355658213297526,0.42707157860183165,0.6307934919993082,0.010714378706253701,0.21738202373186746,0.004019917819959445,4.59375,0.15625,,,,,,
199,3,,,,,,,0.0,0.0,1.7915178140004475,0.0713978649945862,0.5325543085734049,0.022920249222969785,0.17903870344161987,0.020045179155577537,3.9270833333333335,0.06314768569261532,,,,,,
249,3,,,,,,,0.0,0.0,2.197953383127848,0.2635234591232554,0.49017564455668133,0.0241901436051906,0.15944649279117584,0.012568516330105025,3.671875,0.4059494080239556,,,,,,
299,3,,,,,,,0.0,0.0,1.731574813524882,0.4562287084061947,0.4389030734697978,0.015600788638552129,0.15569994350274405,0.02070999217274744,3.1458333333333335,0.07707629472369136,,,,,,
349,3,,,,,,,0.0,0.0,1.5112805366516113,0.2911504087222173,0.3972150882085164,0.02390089127686862,0.1335432082414627,0.018030837339491467,2.9270833333333335,0.09547032697824667,,,,,,
399,3,,,,,,,0.0,0.0,1.276961326599121,0.06623612948661059,0.3611941834290822,0.019519657060973816,0.11217074344555537,0.023724253784716903,2.7708333333333335,0.050227347713504976,,,,,,
449,3,,,,,,,0.0,0.0,1.4903668959935505,0.37234041122502576,0.39569196105003357,0.035005831804055525,0.13006697098414102,0.015450735382329921,2.953125,0.21650635094610965,,,,,,
499,3,,,,,,,0.0,0.0,1.8033504088719685,0.23718149896807525,0.3492180109024048,0.006393852900402175,0.10182217756907146,0.01579573100010725,2.75,0.11267347735824966,,,,,,
549,3,,,,,,,0.0,0.0,2.0825138489405313,1.3138774138543763,0.3437928954760234,0.0298415520108143,0.10127987712621689,0.012831304326728047,2.6927083333333335,0.34950206395432537,,,,,,
599,3,,,,,,,0.0,0.0,2.727155645688375,2.1783910098926915,0.3277173141638438,0.022316833759103694,0.089761587480704,0.031198470831641213,2.640625,0.2665425329567497,,,,,,
649,3,,,,,,,0.0,0.0,1.8300235271453857,0.4803675856279987,0.31221388777097064,0.030508513724978953,0.07230503484606743,0.021582223312675203,2.6666666666666665,0.24820317828008032,,,,,,
699,3,,,,,,,0.0,0.0,2.822794278462728,0.5264659373189704,0.29352391759554547,0.01956331606056097,0.06663589552044868,0.01285337753658266,2.5208333333333335,0.08605578980134534,,,,,,
749,3,,,,,,,0.0,0.0,2.0898776849110923,0.4021211839165003,0.29275014996528625,0.022597185379262558,0.07400015120704968,0.016251677726118203,2.4322916666666665,0.08605578980134534,,,,,,
799,3,,,,,,,0.0,0.0,2.781601667404175,0.6907134897071547,0.2923148274421692,0.020537715619242815,0.07128618036707242,0.013121877742875042,2.453125,0.13621559198564606,,,,,,
849,3,,,,,,,0.0,0.0,3.465342402458191,2.125778624661915,0.264631728331248,0.02795692537389064,0.06541298578182857,0.01737829165030673,2.2135416666666665,0.13651398356334538,,,,,,
899,3,,,,,,,0.0,0.0,2.8582986990610757,0.8497420578606405,0.2630970627069473,0.011931017936827758,0.061599668115377426,0.004851730484418239,2.2395833333333335,0.17562203437591006,,,,,,
949,3,,,,,,,0.0,0.0,1.8916455904642742,0.14855586604137339,0.26280198494593304,0.0170188272669246,0.05772385994593302,0.01822898364124978,2.2760416666666665,0.018042195912175804,,,,,,
999,3,,,,,,,0.0,0.0,2.2666866381963096,0.2867381327752899,0.24911160270373026,0.01930963110216002,0.0531480610370636,0.012000359541457074,2.1770833333333335,0.08018127249135756,,,,,,
1049,3,,,,,,,0.0,0.0,1.8917529980341594,0.8209638756273284,0.24221698443094888,0.023445481182805775,0.05504250774780909,0.010642928521062753,2.078125,0.18944305707784595,,,,,,
1099,3,,,,,,,0.0,0.0,2.6683916250864663,1.0330922983492898,0.26687897245089215,0.013951278319008883,0.07058990995089214,0.011414343699422281,2.1822916666666665,0.03608439182435161,,,,,,
1149,3,,,,,,,0.0,0.0,2.2340046962102256,0.6708477285621892,0.24621063967545828,0.0013316179558978166,0.062291370083888374,0.007089375156396324,2.0442708333333335,0.06644453553215142,,,,,,
1199,3,,,,,,,0.0,0.0,2.0134889284769693,0.7209981711894664,0.2389829953511556,0.014130775219692455,0.061899662017822266,0.015898575875698928,1.96875,0.020669932117692115,,,,,,
1249,3,,,,,,,0.0,0.0,1.2149372100830078,0.21143159201334683,0.2192558397849401,0.0022974317824273082,0.04868292436003685,0.005756327676498356,1.8932291666666667,0.08605578980134534,,,,,,
1299,3,,,,,,,0.0,0.0,1.4650524854660034,0.34916198490511063,0.22666498025258383,0.022238670084650698,0.05381341651082039,0.013721663002578535,1.9192708333333333,0.11303403340734743,,,,,,
1349,3,,,,,,,0.0,0.0,3.023660580317179,1.6365939892313968,0.2282027949889501,0.008963172564420408,0.053723628322283425,0.011478666853949875,1.9401041666666667,0.05651701670367371,,,,,,
1399,3,,,,,,,0.0,0.0,2.804298480351766,0.8423226236073642,0.233562042315801,0.012818318303852156,0.059082875649134316,0.009060650426010435,1.9375,0.06810779599282303,,,,,,
1449,3,,,,,,,0.0,0.0,1.8441992203394573,0.4868911631998619,0.22463474671045938,0.02160647307968597,0.05471287419398626,0.007837732550910236,1.890625,0.15368996541332813,,,,,,
1499,3,,,,,,,0.0,0.0,2.3577307860056558,0.31603655907743144,0.2197781354188919,0.009705154906321855,0.05180938417712847,0.01905205001325234,1.8671875,0.15388840315306412,,,,,,
1549,3,,,,,,,0.0,0.0,1.8859719038009644,0.33561787957660416,0.21388659874598184,0.01662898538745565,0.054706912487745285,0.008851806823720228,1.7708333333333333,0.11384110934580413,,,,,,
1599,3,,,,,,,0.0,0.0,2.070299426714579,0.5191465452020456,0.21843581895033518,0.015377263641412951,0.054373317708571754,0.008954240341557004,1.8203125,0.07694420157653206,,,,,,
1649,3,,,,,,,0.0,0.0,2.0911142826080322,0.36786899027308134,0.21814289689064026,0.018237624006893886,0.057986648132403694,0.016754514581543666,1.7786458333333333,0.018042195912175804,,,,,,
1699,3,,,,,,,0.0,0.0,2.1558700799942017,1.1857448741609764,0.21909655630588531,0.005378236069400049,0.05633613591392835,0.016815875630306017,1.8125,0.16237976320958225,,,,,,
1749,3,,,,,,,0.0,0.0,2.6280205249786377,0.7189772466548666,0.21648516257603964,0.010471789778893868,0.05502683420976003,0.002950511678335123,1.7942708333333333,0.09768228819537006,,,,,,
1799,3,,,,,,,0.0,0.0,2.3548229535420737,0.7684855130839823,0.2203494111696879,0.017130398848445656,0.06084420531988144,0.0036164527325728037,1.7760416666666667,0.17334832542336062,,,,,,
1849,3,,,,,,,0.0,0.0,2.0799681345621743,0.779519023877388,0.22636830806732178,0.018500754768475094,0.05839955930908521,0.0013355972788541056,1.8645833333333333,0.19861786422571193,,,,,,
1899,3,,,,,,,0.0,0.0,2.409437656402588,0.4553843832682001,0.21958032747109732,0.018533645177797313,0.05974960202972094,0.011001875210729517,1.7786458333333333,0.08605578980134534,,,,,,
1949,3,,,,,,,0.0,0.0,2.506363828976949,0.8902331850219598,0.2218590478102366,0.021402950798888386,0.06105175738533338,0.01454642487492542,1.7890625,0.10334966058846057,,,,,,
1999,3,,,,,,,0.0,0.0,1.9862221082051594,0.3690651852441575,0.21854145328203836,0.0043755991315149205,0.05252583076556524,0.010932037003838583,1.84375,0.13049447725382865,,,,,,
2049,3,,,,,,,0.0,0.0,2.925006548563639,0.8818088818746799,0.21093425154685974,0.00948192404417855,0.05305664738019308,0.007514851448755476,1.7552083333333333,0.023867581744561668,,,,,,
2099,3,,,,,,,0.0,0.0,2.9085683822631836,0.8369072106242185,0.2213738759358724,0.006009811039393589,0.0566603330274423,0.008250457236374296,1.8307291666666667,0.05542655378591865,,,,,,
2149,3,,,,,,,0.0,0.0,2.4565386374791465,0.6706994354721675,0.21002022922039032,0.004875587412711962,0.05116605758666992,0.0044748854258387025,1.7630208333333333,0.04302789490067267,,,,,,
2199,3,,,,,,,0.0,0.0,2.181298812230428,0.6656385002025882,0.21002025405565897,0.01573026501849964,0.05279369279742241,0.004857360189533669,1.7473958333333333,0.13982701831936248,,,,,,
2249,3,,,,,,,0.0,0.0,3.2369876702626548,1.2037759463927606,0.20981986820697784,0.007772849397076239,0.04868705694874128,0.010296791525520411,1.7942708333333333,0.03608439182435161,,,,,,
2299,3,,,,,,,0.0,0.0,2.0460389455159507,0.22983325460390247,0.21493550141652426,0.00820139776768768,0.058034458508094154,0.012521510080873464,1.7447916666666667,0.10196235390860361,,,,,,
2349,3,,,,,,,0.0,0.0,3.134641965230306,0.750758618668218,0.21912493805090585,0.012314454061082166,0.05538796012600263,0.003214248892888688,1.8229166666666667,0.1016626109163705,,,,,,
2399,3,,,,,,,0.0,0.0,2.3172410329182944,0.6858087782001161,0.212410569190979,0.015347529468186502,0.04737150544921557,0.006305242479862077,1.8307291666666667,0.10491269311710254,,,,,,
2449,3,,,,,,,0.0,0.0,2.3745385805765786,0.12921048009391556,0.21142302453517914,0.023881832991041508,0.05387094244360924,0.018266202659635127,1.7473958333333333,0.06735686018946647,,,,,,
2499,3,,,,,,,0.0,0.0,2.572025179862976,1.299269893578166,0.21214424073696136,0.015966778497439375,0.0529645582040151,0.01185992535823727,1.765625,0.08230979494416202,,,,,,
2549,3,,,,,,,0.0,0.0,1.832884947458903,0.2919522970238849,0.20670687158902487,0.015943749377398106,0.05175895740588506,0.012182297792509377,1.71875,0.062009796353076345,,,,,,
2599,3,,,,,,,0.0,0.0,2.6127437750498452,1.2580162848912255,0.22689740359783173,0.019473357483714177,0.05599896485606829,0.0027685300305217474,1.8958333333333333,0.2063052325035246,,,,,,
2649,3,,,,,,,0.0,0.0,2.473068594932556,1.238580831318654,0.21174069742361704,0.014019693117222782,0.05256101116538048,0.004869462105535419,1.7682291666666667,0.14069731936708435,,,,,,
2699,3,,,,,,,0.0,0.0,2.3498100439707437,0.9763473083841784,0.20195574561754862,0.016340714238965246,0.044078145176172256,0.007925723872086655,1.7526041666666667,0.10664372515335037,,,,,,
2749,3,,,,,,,0.0,0.0,1.5033153692881267,0.3756227853865156,0.2118103951215744,0.009436343273510651,0.052630710105101265,0.010287988587074713,1.7682291666666667,0.1108531075718373,,,,,,
2799,3,,,,,,,0.0,0.0,1.7540119489034016,0.5301920385152538,0.19556977351506552,0.01094094357596344,0.043877062698205314,0.006065875502501007,1.6848958333333333,0.10664372515335037,,,,,,
2849,3,,,,,,,0.0,0.0,2.2636011441548667,0.22790742829878072,0.20280267298221588,0.014254234716030764,0.04557610799868902,0.005224316557166771,1.7447916666666667,0.10549285989858903,,,,,,
2899,3,,,,,,,0.0,0.0,1.251339077949524,0.16618479652532123,0.20352194209893545,0.010860851534951563,0.043040176232655845,0.0034479059817917094,1.7838541666666667,0.11727427342914273,,,,,,
2949,3,,,,,,,0.0,0.0,1.906505028406779,0.3923867740038213,0.22122612098852792,0.014332659653865022,0.0597677876551946,0.018142465250598063,1.7942708333333333,0.06505206248331664,,,,,,
2999,3,,,,,,,0.0,0.0,1.7863741318384807,1.4633036077546497,0.20319634675979614,0.0050890153691313875,0.043040099243323006,0.007645713302000183,1.7760416666666667,0.05863713671457137,,,,,,
3049,3,,,,,,,0.0,0.0,1.4870171546936035,0.19067838097207346,0.21486794451872507,0.027068857928172898,0.05080544327696165,0.014035979981760476,1.8255208333333333,0.18755424562532125,,,,,,
3099,3,,,,,,,0.0,0.0,1.3384697039922078,0.21677904125032682,0.20070942242940268,0.008096441712818555,0.045761507004499435,0.0038718481775270714,1.7213541666666667,0.05201818842562026,,,,,,
3149,3,,,,,,,0.0,0.0,1.7929123441378276,1.0023241318315976,0.21283195912837982,0.02387868897604124,0.05267571285367012,0.005772033050788593,1.7786458333333333,0.22403402306253248,,,,,,
3199,3,,,,,,,0.0,0.0,1.3951011896133423,0.21741486573939864,0.21082818508148193,0.02038646320742256,0.0513229767481486,0.010744913064541372,1.7708333333333333,0.11222115326257939,,,,,,
3249,3,,,,,,,0.0,0.0,1.564496358235677,0.35036513804835134,0.20051674048105875,0.003801170042591381,0.04263914128144582,0.0072222732660195,1.7578125,0.04349815908460954,,,,,,
3299,3,,,,,,,0.0,0.0,1.6388485034306843,0.44501420373740497,0.20220278203487396,0.007687604467284047,0.047905909518400826,0.004479715088689912,1.7135416666666667,0.07667933262674717,,,,,,
3349,3,,,,,,,0.0,0.0,1.1677760283152263,0.13975792385146757,0.21169602870941162,0.024745881271221657,0.05284186452627182,0.010622609867596404,1.7682291666666667,0.15825536046081767,,,,,,
3399,3,,,,,,,0.0,0.0,1.888132890065511,0.6025625363052898,0.2094015528758367,0.022250481860910908,0.045990098267793655,0.01015164805978447,1.8125,0.15388840315306412,,,,,,
3449,3,,,,,,,0.0,0.0,1.5289849837621052,0.1386222685579125,0.20609373847643533,0.009660242125441582,0.04235676055153211,0.0039242653699037506,1.8177083333333333,0.0813150781041458,,,,,,
3499,3,,,,,,,0.0,0.0,1.1207339763641357,0.5508366933608629,0.19926967720190683,0.007191646925748645,0.051483217626810074,0.008455262617510144,1.6432291666666667,0.019661027175184243,,,,,,
3549,3,,,,,,,0.0,0.0,1.5274272362391155,0.22484091688530303,0.20769526064395905,0.024584708309659094,0.049492139369249344,0.012865647355673748,1.7578125,0.16312978920172735,,,,,,
3599,3,,,,,,,0.0,0.0,1.1652618249257405,0.35621223103414706,0.2115000089009603,0.00680728524696398,0.04808855180939039,0.01018274199697597,1.8151041666666667,0.10946796644262345,,,,,,
3649,3,,,,,,,0.0,0.0,1.4130963484446208,0.40369924296003207,0.19424642125765482,0.0020006609817272898,0.04808756709098816,0.0035797581629696974,1.625,0.034053897996411515,,,,,,
3699,3,,,,,,,0.0,0.0,1.0937976439793904,0.038296597471473445,0.18236585954825082,0.01656891101781707,0.03555596123139063,0.00369228112441754,1.6302083333333333,0.18852799789310695,,,,,,
3749,3,,,,,,,0.0,0.0,1.0005561709403992,0.3149204067294335,0.20535671710968018,0.024021534221855535,0.04389838625987371,0.015411569873371894,1.7942708333333333,0.1097463932588827,,,,,,
3799,3,,,,,,,0.0,0.0,1.2546252409617107,0.3000541318681238,0.20079771180947623,0.006406938573202918,0.04064145808418592,0.0021107931939681112,1.78125,0.062009796353076345,,,,,,
3849,3,,,,,,,0.0,0.0,0.9437621235847473,0.2642376456432761,0.1968986044327418,0.008543622931426723,0.0435782956580321,0.004592259622772646,1.703125,0.04878904686248749,,,,,,
3899,3,,,,,,,0.0,0.0,0.8748469551404318,0.23298819885345906,0.18583358327547708,0.00823355803022976,0.03479191598792871,0.005715955743008228,1.6770833333333333,0.03522851369392886,,,,,,
3949,3,,,,,,,0.0,0.0,1.1824695666631062,0.4833694588480184,0.21241832772890726,0.0138758000772855,0.049657912304004036,0.005343784578551981,1.8098958333333333,0.0964245238623626,,,,,,
3999,3,,,,,,,0.0,0.0,0.978802502155304,0.2271906511181111,0.19855129718780518,0.010339224256343486,0.040673695504665375,0.006318594571633384,1.7526041666666667,0.044423755492791615,,,,,,
4049,3,,,,,,,0.0,0.0,1.4241247375806172,0.4755860911717869,0.19124609231948853,0.017380132562072603,0.040529947727918625,0.005290006573816406,1.6744791666666667,0.1367373499252612,,,,,,
4099,3,,,,,,,0.0,0.0,1.3027996222178142,0.4619467266392113,0.20667795340220133,0.0038575797367224694,0.04912587131063143,0.0055342911316991796,1.7526041666666667,0.023867581744561668,,,,,,
4149,3,,,,,,,0.0,0.0,1.3045602043469746,0.2837481903278133,0.20479117333889008,0.014820825350918526,0.04626253123084704,0.008914434710394433,1.7630208333333333,0.07864410870073697,,,,,,
4199,3,,,,,,,0.0,0.0,0.8710364500681559,0.13934346478922563,0.20120887458324432,0.02114481945267521,0.04235470419128736,0.0069188153760608734,1.765625,0.1640625,,,,,,
4249,3,,,,,,,0.0,0.0,1.124715805053711,0.3775048023364715,0.19191844264666238,0.01741521770322675,0.043155418088038765,0.007159550142130128,1.6536458333333333,0.1344869930591183,,,,,,
4299,3,,,,,,,0.0,0.0,1.0830283363660176,0.313192695371476,0.19253839055697122,0.015063961719951925,0.0398691197236379,0.006292587220077678,1.6953125,0.11508531142700183,,,,,,
4349,3,,,,,,,0.0,0.0,1.1389209429423015,0.3977805009083205,0.1839014838139216,0.003964200398479862,0.04197440172235171,0.002474072335202399,1.5755208333333333,0.01626301562082916,,,,,,
4399,3,,,,,,,0.0,0.0,1.5141672293345134,0.5215622666882017,0.19662505884965262,0.00397588447239707,0.04428131009141604,0.004622561004111418,1.6901041666666667,0.09320588629256918,,,,,,
4449,3,,,,,,,0.0,0.0,0.9962794184684753,0.27928269393464306,0.2017958015203476,0.007588825331223178,0.0507541298866272,0.0015467913671178984,1.6796875,0.0703125,,,,,,
4499,3,,,,,,,0.0,0.0,1.1184442241986592,0.4475640922277893,0.20045180122057596,0.009229632308193625,0.043876285354296364,0.00221768133775882,1.7421875,0.09504316453590968,,,,,,
4549,3,,,,,,,0.0,0.0,1.2752878665924072,0.2752413387930088,0.18953382472197214,0.012615014099163867,0.042723932613929115,0.002927563303848018,1.6302083333333333,0.1641244922561326,,,,,,
4599,3,,,,,,,0.0,0.0,1.1854770183563232,0.20350831356990887,0.20844211181004843,0.014475150759722518,0.05642388388514519,0.004329819024158881,1.6901041666666667,0.14850601488940887,,,,,,
4649,3,,,,,,,0.0,0.0,1.3661028146743774,0.6346903716983979,0.18795837461948395,0.007803483430635106,0.039195352544387184,0.0015878225937141657,1.6510416666666667,0.09953913986258538,,,,,,
4699,3,,,,,,,0.0,0.0,0.9708928068478903,0.16898210151414178,0.1957248349984487,0.02465652502787973,0.04305556230247021,0.011385503356629585,1.6927083333333333,0.1668903121876262,,,,,,
4749,3,,,,,,,0.0,0.0,1.1797260244687398,0.42052511860991676,0.18108137945334116,0.007234368987480326,0.04078190277020136,0.006962303341813928,1.5598958333333333,0.025113673856752488,,,,,,
4799,3,,,,,,,0.0,0.0,1.2907686630884807,0.7564715737253905,0.1951785385608673,0.009182148232048755,0.04543895274400711,0.0019840704120145615,1.6614583333333333,0.0813150781041458,,,,,,
4849,3,,,,,,,0.0,0.0,1.1274871031443279,0.0761426895145269,0.18139662345250449,0.0010232439650362302,0.03979506095250448,0.004544859935862261,1.5755208333333333,0.050227347713504976,,,,,,
4899,3,,,,,,,0.0,0.0,0.9267751177151998,0.15321910028729147,0.1798595537741979,0.014032237701923191,0.037281427532434464,0.00834108657774659,1.5859375,0.0625,,,,,,
4949,3,,,,,,,0.0,0.0,1.2374276121457417,0.4899719410602349,0.1854199767112732,0.009753091616686473,0.04153976341088613,0.006872023259307803,1.5989583333333333,0.07825510000685791,,,,,,
4999,3,,,,,,,0.0,0.0,1.1129605174064636,0.3323449234133941,0.18861141800880432,0.006208483988359883,0.047335377583901085,0.0018103839969031991,1.5703125,0.046875,,,,,,
5049,3,,,,,,,0.0,0.0,0.9932483235994974,0.42787755262013677,0.18261982003847757,0.009861144308628257,0.04166929920514425,0.0017811301795835537,1.5677083333333333,0.09418302770846419,,,,,,
5099,3,,,,,,,0.0,0.0,1.2569296558698018,0.5279549273637384,0.20156564811865488,0.021474464457934366,0.04596668854355812,0.003161343535015766,1.7265625,0.20357522219992785,,,,,,
5149,3,,,,,,,0.0,0.0,0.9213875532150269,0.16293304716104157,0.18844271699587503,0.022443735679275226,0.03967969802518686,0.010819975441599726,1.6536458333333333,0.1376271902262897,,,,,,
5199,3,,,,,,,0.0,0.0,1.2910276651382446,0.3696154081634603,0.18828034400939941,0.0075678121872905894,0.038540761917829514,0.001103831283220348,1.6640625,0.09375,,,,,,
5249,3,,,,,,,0.0,0.0,1.2372379302978516,0.5480441119993797,0.19402859608332315,0.0030610430157863864,0.04721870024998983,0.003238609921236152,1.6328125,0.06394806853025352,,,,,,
5299,3,,,,,,,0.0,0.0,1.0208651423454285,0.28056881772047965,0.17586396634578705,0.012860522755526483,0.035238967587550483,0.00273641333337254,1.5625,0.13002591388354093,,,,,,
5349,3,,,,,,,0.0,0.0,1.271199385325114,0.7206487153170666,0.17376347879568735,0.015807868719538983,0.03850957192480564,0.007828942227596605,1.5026041666666667,0.16505158205719608,,,,,,
5399,3,,,,,,,0.0,0.0,1.032307763894399,0.3227205843149104,0.1916671892007192,0.003711430482974072,0.04485729585091273,0.005422674797314194,1.6328125,0.09210801658243434,,,,,,
5449,3,,,,,,,0.0,0.0,1.1068894267082214,0.3000179511723659,0.1883166084686915,0.02069684449904644,0.044761927177508674,0.003334144488329981,1.5963541666666667,0.20704353344063497,,,,,,
5499,3,,,,,,,0.0,0.0,1.4799977739651997,0.8492799176464031,0.1995764523744583,0.026283034737338624,0.05504520734151205,0.026820214726713733,1.6067708333333333,0.050227347713504976,,,,,,
5549,3,,,,,,,0.0,0.0,1.2479695280392964,0.5102945714187459,0.1826949566602707,0.016145078793783227,0.043697560826937355,0.011332197431339163,1.546875,0.0546875,,,,,,
5599,3,,,,,,,0.0,0.0,1.5552188356717427,1.5439058031702262,0.1873057633638382,0.0058292837811501534,0.045053159818053246,0.016157350942895582,1.5807291666666667,0.11959335940838578,,,,,,
5649,3,,,,,,,0.0,0.0,1.0460985501607258,0.37668090033617635,0.19004657864570618,0.008016111940255024,0.044864289462566376,0.007503595278897656,1.6171875,0.04349815908460954,,,,,,
5699,3,,,,,,,0.0,0.0,1.0885008573532104,0.11777674065469328,0.18631519377231598,0.015521886546030038,0.04438811043898264,0.005781231382120157,1.578125,0.11020887484113973,,,,,,
5749,3,,,,,,,0.0,0.0,1.0248767932256062,0.2302375154808743,0.19216321905454,0.011523524064169462,0.050887174904346466,0.014890598347070306,1.5703125,0.04878904686248749,,,,,,
5799,3,,,,,,,0.0,0.0,0.9621870319048563,0.30918732648609426,0.18107310930887857,0.019009204375024055,0.038820505142211914,0.006417464948812701,1.5833333333333333,0.17014996066582952,,,,,,
5849,3,,,,,,,0.0,0.0,1.2257295846939087,0.18476290769085238,0.1819042464097341,0.013513024687757955,0.04127924144268036,0.0011175093555983607,1.5625,0.1355418091632615,,,,,,
5899,3,,,,,,,0.0,0.0,1.1726826628049214,0.4707692094200429,0.19054153064886728,0.015205238434572745,0.05056757479906082,0.009026374956425448,1.5572916666666667,0.0708888416084177,,,,,,
5949,3,,,,,,,0.0,0.0,1.4596083958943684,0.14301476478851374,0.17893641193707785,0.008316197552645552,0.04189214607079824,0.006299278617612466,1.5234375,0.062009796353076345,,,,,,
5999,3,,,,,,,0.0,0.0,1.1825341979662578,0.6922090377653647,0.1872315307458242,0.023033131185961106,0.04367684324582418,0.009607822180958401,1.59375,0.150884436842406,,,,,,
6049,3,,,,,,,0.0,0.0,1.2810484965642293,0.3656605162052078,0.2006085216999054,0.015496794098685887,0.04989237835009893,0.011203540045421692,1.671875,0.0900981452708656,,,,,,
6099,3,,,,,,,0.0,0.0,1.564418375492096,0.8946567075311423,0.19687038163344064,0.01564080225121473,0.050711529329419136,0.018454780202012824,1.625,0.027063293868263706,,,,,,
6149,3,,,,,,,0.0,0.0,1.1162082354227703,0.36598719777055355,0.18091867367426553,0.015114745727440756,0.042246799916028976,0.013507278919474877,1.5390625,0.05412658773652741,,,,,,
6199,3,,,,,,,0.0,0.0,1.4097884098688762,0.4344318440414904,0.18042957286039987,0.006130756803956973,0.04110665495196978,0.0015425207626769434,1.5494791666666667,0.05317858816839098,,,,,,
6249,3,,,,,,,0.0,0.0,1.6234405438105266,0.5025080145726426,0.1918004850546519,0.022360689991835506,0.04661819711327553,0.016505745902537908,1.6119791666666667,0.15651020001371582,,,,,,
6299,3,,,,,,,0.0,0.0,1.3089647094408672,0.6156014837560181,0.19434685011704764,0.012938476751197582,0.04623487095038096,0.008241029857850087,1.6458333333333333,0.06505206248331664,,,,,,
6349,3,,,,,,,0.0,0.0,1.280459503332774,0.4980398352299312,0.19712776442368826,0.0048813112154646576,0.04641162107388178,0.0044652267187335025,1.6770833333333333,0.08353653610596583,,,,,,
6399,3,,,,,,,0.0,0.0,1.2011237541834514,0.12469968814192936,0.1925033132235209,0.0100533432276885,0.04666997740666071,0.0077608932206897656,1.6197916666666667,0.10403637685124052,,,,,,
6449,3,,,,,,,0.0,0.0,1.1889702479044597,0.07300286874567431,0.18289175629615784,0.010824607344654772,0.0432433138291041,0.006306428142628924,1.5494791666666667,0.08781101718795503,,,,,,
6499,3,,,,,,,0.0,0.0,0.9998502731323242,0.1730290926628107,0.17918087045351663,0.0031223526877243273,0.03985794881979624,0.0018080371011333337,1.5494791666666667,0.023867581744561668,,,,,,
6549,3,,,,,,,0.0,0.0,0.9940372109413147,0.2188374974977467,0.18384017050266266,0.015119599920916452,0.03930892050266266,0.006472270050359961,1.6067708333333333,0.15728821740147395,,,,,,
6599,3,,,,,,,0.0,0.0,1.052230695883433,0.4210800820991733,0.1953376829624176,0.008787599219051475,0.051782991737127304,0.008336271799991888,1.5963541666666667,0.019661027175184243,,,,,,
6649,3,,,,,,,0.0,0.0,1.6159791549046834,0.886304246336728,0.19375525414943695,0.008953760043474496,0.043364630391200386,0.00923342401059295,1.6692708333333333,0.02255274489021976,,,,,,
6699,3,,,,,,,0.0,0.0,0.868317445119222,0.25286465419092735,0.19008377691109976,0.019038573898281428,0.03806554774443308,0.005197788846331629,1.6875,0.15605456527686076,,,,,,
6749,3,,,,,,,0.0,0.0,1.053688685099284,0.08580430085196289,0.19161404172579447,0.01537584428354622,0.04903591424226761,0.0103663588429469,1.5833333333333333,0.05758683434243745,,,,,,
6799,3,,,,,,,0.0,0.0,1.1572028597195942,0.2911948731776067,0.18881302078564963,0.012845692006128237,0.04916458701093992,0.005378890616957419,1.5520833333333333,0.08605578980134534,,,,,,
6849,3,,,,,,,0.0,0.0,1.5596448977788289,0.3705359884048538,0.19532692929108939,0.006952637140113802,0.04981911927461624,0.01142775907992051,1.6171875,0.04878904686248749,,,,,,
6899,3,,,,,,,0.0,0.0,1.351784348487854,0.46381387909860705,0.194095641374588,0.01623315257211343,0.046960229674975075,0.006298454582699221,1.6354166666666667,0.2511367385675249,,,,,,
6949,3,,,,,,,0.0,0.0,0.9700887203216553,0.41357606105387673,0.1801676352818807,0.010634869791995327,0.0369384673734506,0.004063978434703796,1.59375,0.08118988160479113,,,,,,
6999,3,,,,,,,0.0,0.0,1.6663202444712322,0.9511373684296724,0.18299479285875955,0.015396135956453503,0.03944010784228643,0.010244443353523175,1.5963541666666667,0.09155414495441118,,,,,,
7049,3,,,,,,,0.0,0.0,1.0685577988624573,0.2303299582002726,0.17682217558224997,0.009893482092470856,0.040103428065776825,0.0049866644445646004,1.5208333333333333,0.06505206248331664,,,,,,
7099,3,,,,,,,0.0,0.0,1.1870540181795757,0.5274995093750299,0.18452471494674683,0.007585368587140758,0.03869137912988663,0.00258901261803745,1.6171875,0.05633673867912483,,,,,,
7149,3,,,,,,,0.0,0.0,1.2170862356821697,0.23890627576216944,0.1880876769622167,0.008436551695294081,0.044532990703980126,0.003081539667739166,1.5963541666666667,0.12111474952326547,,,,,,
7199,3,,,,,,,0.0,0.0,1.1848491231600444,0.47664051494867965,0.18749150137106577,0.0036220128523081086,0.04914514720439911,0.00633332780686823,1.5364583333333333,0.047735163489123336,,,,,,
7249,3,,,,,,,0.0,0.0,0.9854562878608704,0.19477067239665347,0.18052301307519278,0.014644488362255247,0.03892145243783792,0.007329055234081477,1.5729166666666667,0.11727427342914273,,,,,,
7299,3,,,,,,,0.0,0.0,0.9440128207206726,0.39326298296140727,0.1886089543501536,0.03686443870703599,0.04668187350034714,0.018129102754078932,1.5755208333333333,0.2114192030707791,,,,,,
7349,3,,,,,,,0.0,0.0,0.8712049722671509,0.2623821537152788,0.16933158040046692,0.0013312165137103174,0.036193562050660454,0.0011296723352173807,1.4791666666666667,0.023867581744561668,,,,,,
7399,3,,,,,,,0.0,0.0,0.9167949358622233,0.2578154865905896,0.16313604513804117,0.006150817312824593,0.03292771180470785,0.004018837669356938,1.4479166666666667,0.03522851369392886,,,,,,
7449,3,,,,,,,0.0,0.0,1.1742348273595173,0.29011337123827424,0.19117184976736704,0.02235491859420958,0.04403643310070038,0.012989056293788801,1.6354166666666667,0.10664372515335037,,,,,,
7499,3,,,,,,,0.0,0.0,0.9509114424387614,0.24761936865500794,0.17454417049884796,0.006614178467858256,0.03489573486149311,0.007203140245813933,1.5494791666666667,0.09021097956087903,,,,,,
7549,3,,,,,,,0.0,0.0,1.0480568408966064,0.1359075723371795,0.18127219378948212,0.007001591473638287,0.03967063004771868,0.005789962613073919,1.5729166666666667,0.04577707247720559,,,,,,
7599,3,,,,,,,0.0,0.0,1.2011553247769673,0.617377300110066,0.17200206716855368,0.017533402961447973,0.03674816278119882,0.00803689522610069,1.5026041666666667,0.13982701831936248,,,,,,
7649,3,,,,,,,0.0,0.0,1.0915252367655437,0.11816915897942153,0.19695880512396494,0.008759294160291782,0.040057760973771415,0.0036291980345332445,1.7421875,0.10510643786776336,,,,,,
7699,3,,,,,,,0.0,0.0,1.037063201268514,0.4707748432432354,0.17246508101622263,0.004596740741882983,0.03835049892465273,0.0033161365877708506,1.4921875,0.07694420157653206,,,,,,
7749,3,,,,,,,0.0,0.0,1.0930384000142415,0.2276941512903893,0.17983451982339224,0.0105737329098332,0.03660535936554273,0.004672689302470025,1.5911458333333333,0.12111474952326547,,,,,,
7799,3,,,,,,,0.0,0.0,1.2308945854504902,0.36093153230902164,0.18860232333342233,0.009765373562818386,0.046024199575185776,0.01120663928997545,1.5807291666666667,0.09450649641470862,,,,,,
7849,3,,,,,,,0.0,0.0,1.715954860051473,0.8263658469313332,0.18582820892333984,0.008584157654187541,0.04390112807353338,0.006083672393077716,1.5755208333333333,0.10635717633678196,,,,,,
7899,3,,,,,,,0.0,0.0,1.1352804899215698,0.4047477234567893,0.1821046769618988,0.012879737599874716,0.042781759053468704,0.007211841544685257,1.5442708333333333,0.1183105905375057,,,,,,
7949,3,,,,,,,0.0,0.0,1.1894677082697551,0.1466567172763331,0.19135790566603342,0.01722573306555841,0.04519905149936676,0.00884039228165252,1.6223958333333333,0.1133036974885786,,,,,,
7999,3,,,,,,,0.0,0.0,1.041337490081787,0.5050805985945143,0.1732084999481837,0.013985763354080265,0.03518766537308693,0.006832191509921886,1.5338541666666667,0.09054863880580058,,,,,,
8049,3,,,,,,,0.0,0.0,1.0738381147384644,0.15943576971768816,0.18221776684125265,0.011206351914124503,0.037686521808306374,0.004431092823169743,1.6067708333333333,0.07259041596232475,,,,,,
8099,3,,,,,,,0.0,0.0,0.881871740023295,0.24212153951565837,0.1666147063175837,0.005507088201900043,0.03315116465091705,0.006473245765765767,1.484375,0.04059494080239556,,,,,,
8149,3,,,,,,,0.0,0.0,1.1188873449961345,0.24491258763284776,0.17177567879358926,0.007334770192185736,0.03961422046025594,0.005003401603252659,1.46875,0.028168369339562415,,,,,,
8199,3,,,,,,,0.0,0.0,1.2136711676915486,0.1721960055016435,0.18082963426907858,0.005758980693179478,0.03629838675260544,0.005632178019179218,1.6041666666666667,0.09768228819537006,,,,,,
8249,3,,,,,,,0.0,0.0,0.8798256715138754,0.2304007080366809,0.17694951593875885,0.013641520316172762,0.036650038634737335,0.009771364624272107,1.5625,0.04349815908460954,,,,,,
8299,3,,,,,,,0.0,0.0,1.085434079170227,0.4771378855689578,0.18139008184274039,0.01626982470174684,0.044020287692546844,0.013595895154567876,1.5234375,0.05633673867912483,,,,,,
8349,3,,,,,,,0.0,0.0,0.981350839138031,0.09859493823312353,0.19045892854531607,0.014499969264106722,0.04299798607826233,0.004583028255687378,1.6380208333333333,0.12111474952326547,,,,,,
8399,3,,,,,,,0.0,0.0,0.9246407349904379,0.09354020155893028,0.1751286784807841,0.014237481309229852,0.036456805964310966,0.0033796865203549937,1.5390625,0.12789613706050704,,,,,,
8449,3,,,,,,,0.0,0.0,0.9155043363571167,0.12641581353203224,0.1818589816490809,0.009416010339387907,0.038955334573984146,0.006070400481194951,1.5885416666666667,0.04302789490067267,,,,,,
8499,3,,,,,,,0.0,0.0,1.3387974898020427,0.2527503124292627,0.18114944299062094,0.02092516399634675,0.044430691127975784,0.014932680238768644,1.5208333333333333,0.0758791785642368,,,,,,
8549,3,,,,,,,0.0,0.0,0.7983712355295817,0.013727840624877028,0.17357420921325684,0.006635575418908361,0.03294921045502027,0.002985320449467484,1.5625,0.04752158226795484,,,,,,
8599,3,,,,,,,0.0,0.0,1.0967979033788045,0.36668168174627536,0.18749001125494638,0.01575618163099305,0.03905251373847326,0.009456323323573379,1.6510416666666667,0.08353653610596583,,,,,,
8649,3,,,,,,,0.0,0.0,1.1692376335461934,0.17927342611063046,0.17741181949774423,0.011289472648653364,0.03971650575598081,0.005775138377271865,1.5286458333333333,0.0758791785642368,,,,,,
8699,3,,,,,,,0.0,0.0,1.0316446820894878,0.3570499030047837,0.17833833893140158,0.007671460747820074,0.041619591414928436,0.007671460966585766,1.515625,0.0,,,,,,
8749,3,,,,,,,0.0,0.0,0.8274789253870646,0.15599338568116947,0.17292763789494833,0.012848210749340944,0.038487532486518226,0.011665446002408448,1.4947916666666667,0.0369204345800985,,,,,,
8799,3,,,,,,,0.0,0.0,1.0993356704711914,0.12712346255553897,0.18685507277647653,0.009791907023333492,0.03874309236804644,0.0032967251958621302,1.6458333333333333,0.07259041596232475,,,,,,
8849,3,,,,,,,0.0,0.0,0.8699016571044922,0.11348333541084193,0.1657990962266922,0.008686822422679593,0.03201003186404705,0.002332734645271423,1.4869791666666667,0.10196235390860361,,,,,,
8899,3,,,,,,,0.0,0.0,0.9645624359448751,0.29421654115525725,0.17916814982891083,0.007393847128269571,0.042449397345383964,0.007764776483790925,1.5208333333333333,0.10946796644262345,,,,,,
8949,3,,,,,,,0.0,0.0,0.9173681338628134,0.10607187871060003,0.17638778686523438,0.005352096027542228,0.03478622001906236,0.004138688390630938,1.5729166666666667,0.019661027175184243,,,,,,
8999,3,,,,,,,0.0,0.0,1.0660117467244465,0.05678828019004644,0.18463797867298126,0.015430209823187728,0.0430364174147447,0.011527157153401977,1.5729166666666667,0.04302789490067267,,,,,,
9049,3,,,,,,,0.0,0.0,1.0326898296674092,0.27890663689099593,0.17360585431257883,0.006853241957115114,0.036887106796105705,0.007159958763749675,1.5208333333333333,0.06644453553215142,,,,,,
9099,3,,,,,,,0.0,0.0,0.9754129648208618,0.13892569779500877,0.18031659722328186,0.009805291600931383,0.03578534349799156,0.006890551076211425,1.6041666666666667,0.04302789490067267,,,,,,
9149,3,,,,,,,0.0,0.0,1.0145539840062459,0.194138291342329,0.175347700715065,0.008397714190267533,0.0379779078066349,0.005263494089462043,1.5234375,0.034053897996411515,,,,,,
9199,3,,,,,,,0.0,0.0,0.8877546985944113,0.08372212147168594,0.1899161140124003,0.026333703102390138,0.03887444734573364,0.005494969919583927,1.6796875,0.23333100817293873,,,,,,
9249,3,,,,,,,0.0,0.0,1.134178360303243,0.3649603414994399,0.18697529037793478,0.007220558699057143,0.040490916619698204,0.009059913042355087,1.6302083333333333,0.08987205170175729,,,,,,
9299,3,,,,,,,0.0,0.0,1.1006110906600952,0.2583257674575136,0.18294963737328848,0.009707198178462837,0.043626723190148674,0.008570429046817905,1.546875,0.027063293868263706,,,,,,
9349,3,,,,,,,0.0,0.0,0.9623218576113383,0.3588457149460247,0.1677388846874237,0.0008887545584867623,0.03329877927899361,0.005678118872548463,1.4895833333333333,0.05863713671457137,,,,,,
9399,3,,,,,,,0.0,0.0,0.984316349029541,0.25711102597188756,0.17345898846785227,0.010187299665554282,0.03478711408873399,0.0049107861404698834,1.5416666666666667,0.05966895436140417,,,,,,
9449,3,,,,,,,0.0,0.0,0.9774754246075948,0.4802125507964724,0.16473502914110819,0.013482554467621843,0.03371289248267809,0.008397212680256422,1.4557291666666667,0.06505206248331664,,,,,,
9499,3,,,,,,,0.0,0.0,0.9882125854492188,0.4014683446835938,0.1724011798699697,0.015290889773261266,0.03470586612820625,0.0021156784436146808,1.53125,0.1640625,,,,,,
9549,3,,,,,,,0.0,0.0,1.1003628770510356,0.358206413341775,0.17791521549224854,0.00799902005513194,0.037941254675388336,0.006117318131892553,1.5572916666666667,0.029577647634376425,,,,,,
9599,3,,,,,,,0.0,0.0,0.9736558000246683,0.19790461430797568,0.17207777003447214,0.006139122174047283,0.03601006418466568,0.0025818018969445064,1.5104166666666667,0.039322054350368486,,,,,,
9649,3,,,,,,,0.0,0.0,1.141948123772939,0.45691986487358893,0.16668577988942465,0.0103810015861099,0.035012600322564445,0.004276165231452092,1.4635416666666667,0.14004510062238285,,,,,,
9699,3,,,,,,,0.0,0.0,0.924491802851359,0.09110477094496278,0.16971527536710104,0.005059887056299514,0.029741318275531132,0.005336919330385758,1.5546875,0.034053897996411515,,,,,,
9749,3,,,,,,,0.0,0.0,1.221086819966634,0.05679893852787547,0.18314090371131897,0.024362013495516973,0.041213816652695336,0.002421401200755969,1.5807291666666667,0.24523452847903238,,,,,,
9799,3,,,,,,,0.0,0.0,1.0742002328236897,0.32318135157457467,0.16621449093023935,0.006617122130543134,0.03209990573426088,0.005619273062773692,1.4895833333333333,0.05083130545818525,,,,,,
9849,3,,,,,,,0.0,0.0,0.875905712445577,0.12874983353877056,0.16759805381298065,0.01433833857503879,0.03511107340455055,0.008446077441947829,1.4713541666666667,0.08605578980134534,,,,,,
9899,3,,,,,,,0.0,0.0,0.9063787460327148,0.1232490572200398,0.17032605906327566,0.006262735901062848,0.036536999667684235,0.011055534834039182,1.484375,0.05898308152555273,,,,,,
9949,3,,,,,,,0.0,0.0,0.9454370538393656,0.1491789648972875,0.16882982850074768,0.00865198755423395,0.034064204121629395,0.003001112299149544,1.4973958333333333,0.07002255031119142,,,,,,
9999,3,,,,,,,0.0,0.0,1.0579287211100261,0.12485533950482644,0.17591536541779837,0.01665667796127931,0.03805729125936826,0.004243078585783691,1.53125,0.1355418091632615,,,,,,
10049,3,,,,,,,0.0,0.0,1.1017868121465046,0.3285887958983979,0.169997438788414,0.01741559648868312,0.032139365250865616,0.002340615407801481,1.5338541666666667,0.17050829723823804,,,,,,
10099,3,,,,,,,0.0,0.0,0.944737950960795,0.15561564576609677,0.18187508980433145,0.016336166116618443,0.040599048137664795,0.009418961686258316,1.5677083333333333,0.07707629472369136,,,,,,
10149,3,,,,,,,0.0,0.0,0.8339986006418864,0.11494567433768726,0.16903728246688843,0.007079922377133297,0.03069092830022176,0.006552280592659081,1.5364583333333333,0.023867581744561668,,,,,,
10199,3,,,,,,,0.0,0.0,1.0901250839233398,0.13636066013506135,0.17166576286156973,0.013964527377629259,0.033319407453139625,0.0009710762194361848,1.5390625,0.15605456527686076,,,,,,
10249,3,,,,,,,0.0,0.0,0.9387786189715067,0.19171445251034386,0.1717107594013214,0.009398281873579955,0.03466648980975151,0.0013555157280300126,1.5234375,0.09600160724566022,,,,,,
10299,3,,,,,,,0.0,0.0,1.0518024762471516,0.16319912853628774,0.1586348017056783,0.0034725056536153705,0.03330927838881811,0.0012043940459813874,1.390625,0.04133986423538423,,,,,,
10349,3,,,,,,,0.0,0.0,0.9472684860229492,0.09777055372370115,0.17410321533679962,0.004594615225619701,0.033803738032778106,0.005032520074157078,1.5572916666666667,0.08353653610596583,,,,,,
10399,3,,,,,,,0.0,0.0,0.9709050258000692,0.054882354521407196,0.16404825448989868,0.0061072456138071135,0.03383991805215677,0.004101127367189992,1.4453125,0.020669932117692115,,,,,,
10449,3,,,,,,,0.0,0.0,1.1671166221300762,0.351708686171981,0.17365574340025583,0.014468725832437685,0.03791355093320211,0.006618881781591747,1.5078125,0.14213597967703323,,,,,,
10499,3,,,,,,,0.0,0.0,0.9045181473096212,0.2335167090577475,0.1578577607870102,0.004717602003301029,0.030579117437203724,0.003392540158016418,1.4114583333333333,0.07825510000685791,,,,,,
10549,3,,,,,,,0.0,0.0,1.345190167427063,0.4694277991246643,0.17750355104605356,0.016414561574107887,0.04404001062115034,0.011430310031870694,1.4817708333333333,0.05542655378591865,,,,,,
10599,3,,,,,,,0.0,0.0,0.9241375128428141,0.16285582804479645,0.16424588859081268,0.006558746108054221,0.03875760858257612,0.001912720549557231,1.3932291666666667,0.05966895436140417,,,,,,
10649,3,,,,,,,0.0,0.0,1.0009925564130147,0.3713401661040182,0.16673108438650766,0.010040889158505841,0.030663378536701202,0.002188439349675581,1.5130208333333333,0.10834710449330584,,,,,,
10699,3,,,,,,,0.0,0.0,0.9571758111317953,0.17174027674390402,0.15909127394358316,0.012191254994034223,0.03132434623936812,0.0009353907316734981,1.4166666666666667,0.12532509807829129,,,,,,
10749,3,,,,,,,0.0,0.0,1.0136948426564534,0.32029805246387216,0.15979252258936563,0.009095544242482819,0.030723510930935543,0.004344758306268714,1.4322916666666667,0.05542655378591865,,,,,,
10799,3,,,,,,,0.0,0.0,1.1176615158716838,0.5089208465176288,0.1674555540084839,0.01083155833512428,0.03773550192515055,0.007805338671973478,1.4427083333333333,0.05201818842562026,,,,,,
10849,3,,,,,,,0.0,0.0,1.0370812217394512,0.2012535468323859,0.16994423667589822,0.0107948484717756,0.03420204917589823,0.007939731261836985,1.5104166666666667,0.05758683434243745,,,,,,
10899,3,,,,,,,0.0,0.0,0.9826409419377645,0.11779120093757518,0.16149950524171194,0.004612206976698339,0.03617398378749689,0.008270855919885947,1.390625,0.04349815908460954,,,,,,
10949,3,,,,,,,0.0,0.0,0.9683365027109782,0.16363392737440308,0.1707475185394287,0.0035935783414307023,0.034679808343450226,0.008052667637193487,1.5104166666666667,0.049616038758483465,,,,,,
10999,3,,,,,,,0.0,0.0,1.0343930919965107,0.11433507362052855,0.16993185381094614,0.010806318002961599,0.038421437765161194,0.009088326511196938,1.4583333333333333,0.0708888416084177,,,,,,
11049,3,,,,,,,0.0,0.0,1.1393834153811138,0.29140745589518263,0.17047013342380524,0.015606333853726714,0.035704510286450386,0.009370425966434493,1.4973958333333333,0.08353653610596583,,,,,,
11099,3,,,,,,,0.0,0.0,0.9083338777224222,0.07987765305383633,0.16841656963030496,0.008224171698102876,0.03299990048011144,0.0020609412282186082,1.5052083333333333,0.07002255031119142,,,,,,
11149,3,,,,,,,0.0,0.0,0.9406497279802958,0.12644620883897592,0.16732780635356903,0.007166137567404597,0.03288769846161207,0.0016133954575396773,1.4947916666666667,0.06068323019651585,,,,,,
11199,3,,,,,,,0.0,0.0,0.9193071524302164,0.26205523876277226,0.16753224531809488,0.01669097366858604,0.03309213928878307,0.009822285184685699,1.4947916666666667,0.14242196785286787,,,,,,
11249,3,,,,,,,0.0,0.0,1.0757932662963867,0.11804934070021367,0.18142295380433401,0.004829916024698271,0.044053165862957634,0.006521727303664527,1.5286458333333333,0.08987205170175729,,,,,,
11299,3,,,,,,,0.0,0.0,0.9079540371894836,0.057443838184774235,0.1705549011627833,0.010357812134087008,0.03318511260052522,0.0037871563015811284,1.5286458333333333,0.10549285989858903,,,,,,
11349,3,,,,,,,0.0,0.0,1.097063958644867,0.15720321487271505,0.17842417458693186,0.01668832340979148,0.04544891292850176,0.006640893951540685,1.4791666666666667,0.11596585457402249,,,,,,
11399,3,,,,,,,0.0,0.0,0.9424445231755575,0.0752441835007634,0.17027857899665833,0.0026421488966982018,0.03225774628420671,0.0038436769285621346,1.53125,0.015625,,,,,,
11449,3,,,,,,,0.0,0.0,0.8591191172599792,0.18516909185902788,0.15907112260659537,0.020926478897420116,0.029351069902380306,0.008629245144459249,1.4427083333333333,0.15513928133965083,,,,,,
11499,3,,,,,,,0.0,0.0,0.817850391070048,0.032911108847856335,0.15511698524157205,0.008391600608091656,0.028977663566668827,0.0037969085458675464,1.4010416666666667,0.05201818842562026,,,,,,
11549,3,,,,,,,0.0,0.0,0.9811258514722189,0.276759241187438,0.16119666397571564,0.0027403125664188805,0.038475312292575836,0.004147469260402242,1.3645833333333333,0.018042195912175804,,,,,,
11599,3,,,,,,,0.0,0.0,1.0131441354751587,0.14353813503553112,0.16670489311218262,0.014559747967455284,0.030637186641494434,0.003353795570301331,1.5130208333333333,0.12653677722142023,,,,,,
11649,3,,,,,,,0.0,0.0,0.8565394083658854,0.1514127520589208,0.16288227339585623,0.016125832467812653,0.030720819408694904,0.008798418702867532,1.4713541666666667,0.0820622461280663,,,,,,
11699,3,,,,,,,0.0,0.0,0.8403462370236715,0.17454846362388354,0.15557911495367685,0.008727662311834269,0.03302052430808544,0.00473376911659055,1.3619791666666667,0.044423755492791615,,,,,,
11749,3,,,,,,,0.0,0.0,0.8527802427609762,0.1617511295726326,0.15269282956918082,0.0029064670662061723,0.02671626644829909,0.00332809220340455,1.3984375,0.0078125,,,,,,
11799,3,,,,,,,0.0,0.0,0.8816177248954773,0.10376917340232379,0.16002942621707916,0.013595606040972603,0.030309375375509262,0.0025347373593643365,1.4401041666666667,0.17648873827976486,,,,,,
11849,3,,,,,,,0.0,0.0,0.8599352240562439,0.10785233834512221,0.1568855494260788,0.013757441165087989,0.03253658736745516,0.012005583785701919,1.3802083333333333,0.07507049638228945,,,,,,
11899,3,,,,,,,0.0,0.0,1.0493622422218323,0.2697842162001499,0.17370118697484335,0.015752588107529174,0.035517590741316475,0.003730933759006603,1.5338541666666667,0.13651398356334538,,,,,,
11949,3,,,,,,,0.0,0.0,0.9809085130691528,0.026530590836387372,0.15993156532446542,0.010009946452101653,0.03379224302868048,0.002667592783674663,1.4010416666666667,0.12161765030037101,,,,,,
11999,3,,,,,,,0.0,0.0,0.9009517828623453,0.10329408077817474,0.164072518547376,0.007722088048775289,0.03418970542649428,0.006341670092104236,1.4453125,0.09757809372497497,,,,,,
12049,3,,,,,,,0.0,0.0,1.0108641187349956,0.17502589710093133,0.17507062355677286,0.006879971586922095,0.033794582510987915,0.004429797768485875,1.5703125,0.04878904686248749,,,,,,
12099,3,,,,,,,0.0,0.0,1.1504050890604656,0.18215134630914767,0.17756661772727966,0.004830248479451301,0.0356395331521829,0.004329090428864568,1.5755208333333333,0.05201818842562026,,,,,,
12149,3,,,,,,,0.0,0.0,1.0561670263608296,0.14446881592776625,0.1697333554426829,0.02146974661359645,0.03887397920091947,0.006572250532290954,1.453125,0.1690102160373745,,,,,,
12199,3,,,,,,,0.0,0.0,0.8597377141316732,0.09023790097674594,0.15645902355511984,0.0017234017344483032,0.030970741684238117,0.003951571053868082,1.3958333333333333,0.023867581744561668,,,,,,
12249,3,,,,,,,0.0,0.0,0.8846250176429749,0.0980133888652396,0.16975862781206766,0.012660834546589617,0.03499300157030424,0.007046742281982933,1.4973958333333333,0.06825699178167269,,,,,,
12299,3,,,,,,,0.0,0.0,0.9347158074378967,0.22277804157215958,0.16669521729151407,0.019127346695991657,0.0381144875039657,0.009700486352094093,1.4270833333333333,0.14454884464976997,,,,,,
12349,3,,,,,,,0.0,0.0,0.9733933210372925,0.11877301135768908,0.17269008855024973,0.02709241283908573,0.04101691457132498,0.018378670360471007,1.4635416666666667,0.0964245238623626,,,,,,
12399,3,,,,,,,0.0,0.0,0.8856968879699707,0.18193310154472825,0.16073428591092428,0.017002835248633694,0.028735584889849026,0.0037399566794379083,1.46875,0.16810495930742198,,,,,,
12449,3,,,,,,,0.0,0.0,0.9740921258926392,0.034260109936599475,0.16058823963006338,0.008146402286854131,0.03135647065937519,0.007151880358264047,1.4375,0.1335000585205864,,,,,,
12499,3,,,,,,,0.0,0.0,1.0153256058692932,0.29879985244007673,0.15200957655906677,0.002253859769768405,0.030753066142400105,0.002373997143725607,1.3463541666666667,0.011933790872280834,,,,,,
12549,3,,,,,,,0.0,0.0,0.9100711941719055,0.1308249288911564,0.1644202470779419,0.01571016666176464,0.03193327225744724,0.009997675214794055,1.4739583333333333,0.0820622461280663,,,,,,
12599,3,,,,,,,0.0,0.0,0.8118516206741333,0.12933480356790675,0.1562787890434265,0.015080116065311394,0.025582176943620045,0.0027185051524043326,1.453125,0.14594954447085473,,,,,,
12649,3,,,,,,,0.0,0.0,0.9195789297421774,0.11732335095932957,0.16926969091097513,0.011386881095307168,0.040526202569405236,0.0027566147907368316,1.4296875,0.12573028858930532,,,,,,
12699,3,,,,,,,0.0,0.0,1.30258446931839,0.6275546784102277,0.16730312506357828,0.011118066146963312,0.033514062563578285,0.009694650981465096,1.4895833333333333,0.018042195912175804,,,,,,
12749,3,,,,,,,0.0,0.0,0.8973060250282288,0.11812724740743419,0.15830088158448538,0.008633771314569577,0.02988291842242082,0.00306820663874421,1.4244791666666667,0.08426400878835123,,,,,,
12799,3,,,,,,,0.0,0.0,0.8502311507860819,0.09861231775570468,0.14961584409077963,0.008651896562536872,0.02722000516951084,0.003003888647039278,1.3619791666666667,0.09320588629256918,,,,,,
12849,3,,,,,,,0.0,0.0,0.9639081557591757,0.09513811902020015,0.16186478237311044,0.0024015137774173675,0.033446816727519035,0.0027690277614481756,1.4270833333333333,0.05915529526875285,,,,,,
12899,3,,,,,,,0.0,0.0,0.8374264041582743,0.1154962670765921,0.15159011880556741,0.0055629138383761585,0.02854324070115884,0.0012025031845688365,1.3671875,0.0546875,,,,,,
12949,3,,,,,,,0.0,0.0,1.0358653863271077,0.35265515808370734,0.15338235596815744,0.009817130420228791,0.027243034914135933,0.0038908310324857853,1.3984375,0.08156489460086368,,,,,,
12999,3,,,,,,,0.0,0.0,0.8986810247103373,0.1166107229064859,0.16063851614793143,0.019288546526399438,0.033197108656167984,0.0076862906599365075,1.4166666666666667,0.13127169959508916,,,,,,
13049,3,,,,,,,0.0,0.0,1.0308414101600647,0.24539885445390203,0.16936306655406952,0.01780186186895459,0.03476020569602648,0.0068313798643829604,1.4973958333333333,0.1270182124818458,,,,,,
13099,3,,,,,,,0.0,0.0,1.0068793892860413,0.045436238945428746,0.16536292433738708,0.014648646628719354,0.037433234974741936,0.012950145826930432,1.4244791666666667,0.029577647634376425,,,,,,
13149,3,,,,,,,0.0,0.0,0.9033047358194987,0.09705176489188799,0.15430881579717,0.002487896299508293,0.029797100151578586,0.001503152819056519,1.3828125,0.027063293868263706,,,,,,
13199,3,,,,,,,0.0,0.0,0.8958658377329508,0.16225952754177714,0.163677379488945,0.029766288530201156,0.03428284513453642,0.01477247927449518,1.4375,0.17608480733726006,,,,,,
13249,3,,,,,,,0.0,0.0,0.8638066450754801,0.18540477746600995,0.15723082423210144,0.013960531322639904,0.030603225032488506,0.007251509029039133,1.4088541666666667,0.12161765030037101,,,,,,
13299,3,,,,,,,0.0,0.0,0.7377053300539652,0.05929692233904681,0.14756134152412415,0.0030783452641414827,0.027118633811672527,0.002526039325483731,1.3385416666666667,0.019661027175184243,,,,,,
13349,3,,,,,,,0.0,0.0,0.885483463605245,0.19200870792756444,0.15877198179562887,0.010912388895014034,0.03246989784141382,0.007153761384556366,1.4036458333333333,0.04302789490067267,,,,,,
13399,3,,,,,,,0.0,0.0,0.9928979674975077,0.2680533362429571,0.15684198339780173,0.009346991388839656,0.03330682466427485,0.008284970578131623,1.3697916666666667,0.03252603124165832,,,,,,
13449,3,,,,,,,0.0,0.0,0.7853571971257528,0.037410485495851,0.1573291172583898,0.0028819494811338562,0.027771821866432827,0.0023049612104821906,1.4375,0.05122998847110938,,,,,,
13499,3,,,,,,,0.0,0.0,0.8248170614242554,0.09576115766504399,0.16360100110371908,0.006572025388755476,0.03046298399567604,0.0002586986112524781,1.4765625,0.0703125,,,,,,
13549,3,,,,,,,0.0,0.0,0.8855627576510111,0.0918679379543664,0.15072657664616904,0.011167745334241006,0.028819024562835693,0.005411218727739672,1.3541666666666667,0.06362912355661779,,,,,,
13599,3,,,,,,,0.0,0.0,1.1256696780522664,0.28415600324916873,0.15328653156757355,0.0027162809560251863,0.02649616387983163,0.0042437498029799774,1.4088541666666667,0.05863713671457137,,,,,,
13649,3,,,,,,,0.0,0.0,0.8064570625623068,0.0648307499059046,0.14469590286413828,0.005028447516711171,0.025718041385213535,0.002640996517677873,1.3203125,0.04059494080239556,,,,,,
13699,3,,,,,,,0.0,0.0,0.9150326053301493,0.1429920807478934,0.15817761421203613,0.007959433551469804,0.028294796124100685,0.0031618100797944242,1.4427083333333333,0.06825699178167269,,,,,,
13749,3,,,,,,,0.0,0.0,0.905020534992218,0.2321740796134068,0.15409665803114572,0.00945107034942391,0.025190405547618866,0.0024089892778691854,1.4296875,0.07694420157653206,,,,,,
13799,3,,,,,,,0.0,0.0,1.0070757865905762,0.239811551624395,0.15526150663693747,0.015592370187155103,0.03156358686586221,0.006885053181920484,1.3723958333333333,0.15709407429016325,,,,,,
13849,3,,,,,,,0.0,0.0,0.9163380861282349,0.05731970816595718,0.14915499091148376,0.011252059321987253,0.028549523403247196,0.008266234244660095,1.3411458333333333,0.03522851369392886,,,,,,
13899,3,,,,,,,0.0,0.0,0.8797796368598938,0.166326794441987,0.14734445015589395,0.010196156742737666,0.02446033184727033,0.003491093781201371,1.3645833333333333,0.12725824711323558,,,,,,
13949,3,,,,,,,0.0,0.0,0.9545049866040548,0.13352630984543,0.1604814976453781,0.006196127167392381,0.034342171624302864,0.006733227639951674,1.4010416666666667,0.04302789490067267,,,,,,
13999,3,,,,,,,0.0,0.0,0.8512176076571146,0.029142394477350002,0.15851779778798422,0.010854950762429446,0.02830946259200573,0.0038392021810589806,1.4453125,0.0900981452708656,,,,,,
14049,3,,,,,,,0.0,0.0,1.079436759154002,0.20011676053959324,0.15857873857021332,0.011203522847865754,0.030811814591288567,0.0008187879112209715,1.4166666666666667,0.1270182124818458,,,,,,
14099,3,,,,,,,0.0,0.0,0.9296266635258993,0.08495272839348092,0.15822157263755798,0.006226045602335846,0.027687719091773033,0.0019685125946060336,1.453125,0.06394806853025352,,,,,,
14149,3,,,,,,,0.0,0.0,0.893690844376882,0.0805127225862228,0.16204736630121866,0.008916530636783127,0.02923486816386382,0.01089980378588512,1.4765625,0.08230979494416202,,,,,,
14199,3,,,,,,,0.0,0.0,0.8620418310165405,0.09218806455575496,0.14941603442033133,0.017748743833220258,0.026694678391019504,0.004149684135708977,1.3645833333333333,0.15631509060894708,,,,,,
14249,3,,,,,,,0.0,0.0,0.8648171424865723,0.056138280670668436,0.14628447592258453,0.0040754830628829996,0.026330053185423214,0.00449651007005439,1.3333333333333333,0.03157384284630766,,,,,,
14299,3,,,,,,,0.0,0.0,0.9515393177668253,0.036533660661089484,0.15858547389507294,0.01250159160730621,0.0321206251780192,0.008692278080665475,1.4036458333333333,0.05083130545818525,,,,,,
14349,3,,,,,,,0.0,0.0,1.0715285539627075,0.23099220178109103,0.15771729747454324,0.003493349227125159,0.03141521414120992,0.001370899413096686,1.40625,0.027063293868263706,,,,,,
14399,3,,,,,,,0.0,0.0,0.8457878430684408,0.18042734984927547,0.15319593250751495,0.023044303387678156,0.024940724795063336,0.004476595390238709,1.4270833333333333,0.20967989305625692,,,,,,
14449,3,,,,,,,0.0,0.0,0.8881269296010336,0.06848882895539783,0.1556885689496994,0.003861470034679562,0.0323161743581295,0.004041935142739643,1.3723958333333333,0.03157384284630766,,,,,,
14499,3,,,,,,,0.0,0.0,0.8843240340550741,0.12196939184826483,0.15637817482153574,0.0013839047104238027,0.028448489184180897,0.0007627325005605818,1.4192708333333333,0.02255274489021976,,,,,,
14549,3,,,,,,,0.0,0.0,0.9728438854217529,0.06755524121489687,0.1490094612042109,0.0018974079744383913,0.02889227494597435,0.0021398714713004095,1.3359375,0.04133986423538423,,,,,,
14599,3,,,,,,,0.0,0.0,0.7910884022712708,0.08723796316417583,0.15571220715840658,0.0028545724192922052,0.023225227370858192,0.006010587780515242,1.4739583333333333,0.09254872731206698,,,,,,
14649,3,,,,,,,0.0,0.0,0.8670292297999064,0.040631960340107846,0.15972723563512167,0.009334794332743871,0.02951890043914318,0.005769827689676576,1.4479166666666667,0.04302789490067267,,,,,,
14699,3,,,,,,,0.0,0.0,0.9904734492301941,0.10443050195791523,0.15750679870446524,0.015187899738097074,0.02778674600025018,0.004885737269877426,1.4401041666666667,0.16055273585206617,,,,,,
14749,3,,,,,,,0.0,0.0,0.9038480917612711,0.14430882319136829,0.1515104522307714,0.0050658700750220555,0.029114619518319767,0.007990686741886292,1.3619791666666667,0.10075803188621409,,,,,,
14799,3,,,,,,,0.0,0.0,0.9911020000775655,0.2636495431366735,0.15402830143769583,0.001923357106934744,0.029191058749953907,0.003275619457557853,1.3854166666666667,0.019661027175184243,,,,,,
14849,3,,,,,,,0.0,0.0,0.7985366980234782,0.06346989985975851,0.15540927151838937,0.005983452426790758,0.026828542351722717,0.005446833875600335,1.4296875,0.0078125,,,,,,
14899,3,,,,,,,0.0,0.0,0.8859851757685343,0.009839475700329173,0.15010815362135568,0.004325011415839736,0.029828206946452458,0.004740421075069618,1.3359375,0.08267972847076846,,,,,,
14949,3,,,,,,,0.0,0.0,0.8465288877487183,0.1216216708815951,0.15266275902589163,0.010107183905486507,0.031243485088149708,0.003659707034976782,1.3463541666666667,0.1133036974885786,,,,,,
14999,3,,,,,,,0.0,0.0,0.9500226378440857,0.2248341756868631,0.1528645803531011,0.013891631352097268,0.03128254786133766,0.008810700789126531,1.3515625,0.0625,,,,,,
15049,3,,,,,,,0.0,0.0,1.0055158336957295,0.09075529420800942,0.15248806277910867,0.008386863893777899,0.029603949437538784,0.004059466265897906,1.3671875,0.05122998847110938,,,,,,
15099,3,,,,,,,0.0,0.0,0.8619349002838135,0.1807238627593825,0.15108668307463327,0.012136764717931374,0.026574961220224697,0.0033968802177132876,1.3802083333333333,0.0964245238623626,,,,,,
15149,3,,,,,,,0.0,0.0,0.8670819203058878,0.1420338363774663,0.15123906234900156,0.01671835072527582,0.028029433141152065,0.004510643569901502,1.3671875,0.13821723447620415,,,,,,
15199,3,,,,,,,0.0,0.0,0.8996224602063497,0.15689969834814682,0.15592441459496817,0.014709466392089442,0.027343688532710075,0.0036862360492034116,1.4296875,0.12128261481453144,,,,,,
15249,3,,,,,,,0.0,0.0,0.843895435333252,0.02646513684382033,0.15091072022914886,0.012632751233574284,0.026887279003858566,0.0024332422340999542,1.3802083333333333,0.12725824711323558,,,,,,
15299,3,,,,,,,0.0,0.0,0.8988518516222636,0.06656785455312567,0.1567866156498591,0.006759304603839481,0.02983349064985911,0.002943761454393562,1.4114583333333333,0.06825699178167269,,,,,,
15349,3,,,,,,,0.0,0.0,0.7791095574696859,0.04522165340827771,0.1544491946697235,0.00487548850482742,0.02554294466972351,0.006057411495349808,1.4348958333333333,0.029577647634376425,,,,,,
15399,3,,,,,,,0.0,0.0,0.9782184163729349,0.06491329110892147,0.15895920991897583,0.01684252029394339,0.032168845956524215,0.00457490235582652,1.4088541666666667,0.13982701831936248,,,,,,
15449,3,,,,,,,0.0,0.0,0.7810756961504618,0.038471764268449664,0.1474435826142629,0.007367305293214133,0.02521051342288653,0.007009611231522245,1.359375,0.020669932117692115,,,,,,
15499,3,,,,,,,0.0,0.0,0.8977230787277222,0.08712222855377107,0.14920944968859354,0.008544355523616445,0.026325330138206482,0.0007418255832803915,1.3645833333333333,0.08605578980134534,,,,,,
15549,3,,,,,,,0.0,0.0,0.8959540526072184,0.1306401787538769,0.14636307954788208,0.00235663083454469,0.02575761390229066,0.007633139817508002,1.3385416666666667,0.07045702738785772,,,,,,
15599,3,,,,,,,0.0,0.0,0.8818142811457316,0.012467029605982935,0.15865758061408997,0.012860153417656298,0.031541693955659866,0.006495699444692285,1.4140625,0.1171875,,,,,,
15649,3,,,,,,,0.0,0.0,1.2275598446528118,0.46321540621412577,0.16781127452850342,0.003587921677110813,0.034510496382912,0.005076721954247362,1.4817708333333333,0.09254872731206698,,,,,,
15699,3,,,,,,,0.0,0.0,0.9811282952626547,0.20881237933448094,0.1473633199930191,0.0027277954765424434,0.028385454167922337,0.0051998833200303666,1.3229166666666667,0.06314768569261532,,,,,,
15749,3,,,,,,,0.0,0.0,0.7599405845006307,0.08804223674036607,0.140788733959198,0.0031590177218361023,0.024577797080079716,0.004064667268049865,1.2916666666666667,0.044423755492791615,,,,,,
15799,3,,,,,,,0.0,0.0,0.721367597579956,0.11664429090275702,0.14158364137013754,0.0212656701534376,0.0235823392868042,0.004101855293814322,1.3125,0.19088737066985337,,,,,,
15849,3,,,,,,,0.0,0.0,0.9298330148061117,0.16702491735012343,0.15944000581900278,0.009044207075504362,0.031510318939884506,0.004700262119666862,1.421875,0.14966596922396888,,,,,,
15899,3,,,,,,,0.0,0.0,0.788589596748352,0.09213711621865174,0.14455667634805044,0.006490508659956934,0.027694695939620335,0.002681162283085448,1.2994791666666667,0.07825510000685791,,,,,,
15949,3,,,,,,,0.0,0.0,0.7828333576520284,0.077322536451064,0.14628224074840546,0.002256736523965074,0.02567677137752374,0.0032836018157920204,1.3411458333333333,0.04009063624567878,,,,,,
15999,3,,,,,,,0.0,0.0,0.8575441439946493,0.18446558335344837,0.146583358446757,0.014254292489798136,0.02532684865097205,0.002297789747924767,1.3463541666666667,0.1449704756220498,,,,,,
16049,3,,,,,,,0.0,0.0,0.887812077999115,0.16435080885541323,0.14519330859184265,0.013379591992565974,0.02637820566693942,0.00369247695697165,1.3203125,0.109375,,,,,,
16099,3,,,,,,,0.0,0.0,0.8251985708872477,0.06023110757518818,0.1450662910938263,0.017255881581724256,0.02494910607735316,0.002844600795415203,1.3333333333333333,0.1586405667762295,,,,,,
16149,3,,,,,,,0.0,0.0,0.9720844229062399,0.12089085372484495,0.16137863198916116,0.001866308799833483,0.027264054864645004,0.0019855058011238255,1.4869791666666667,0.004510548978043951,,,,,,
16199,3,,,,,,,0.0,0.0,0.8348886768023173,0.055153993044740696,0.1482775757710139,0.012344610109082124,0.027834866816798847,0.005156838257031523,1.3385416666666667,0.08570043058283507,,,,,,
16249,3,,,,,,,0.0,0.0,0.9405435919761658,0.22910824822742307,0.1539738029241562,0.02089513842433423,0.03011312521994114,0.008694958341568682,1.375,0.15683484296784947,,,,,,
16299,3,,,,,,,0.0,0.0,0.7712306380271912,0.09527962704055136,0.146918515364329,0.009166699855253113,0.020616430789232254,0.00254394947829705,1.4010416666666667,0.1031526162517623,,,,,,
16349,3,,,,,,,0.0,0.0,0.8927573561668396,0.1333237861564141,0.1517289678255717,0.012455048204036551,0.028844851379593212,0.0033251600705328835,1.3671875,0.109375,,,,,,
16399,3,,,,,,,0.0,0.0,0.8466106057167053,0.09685044141750124,0.14958530167738596,0.005878651425824257,0.02946811355650425,0.004715400041186147,1.3359375,0.04878904686248749,,,,,,
16449,3,,,,,,,0.0,0.0,0.8224951028823853,0.10074612406624696,0.1489749401807785,0.015395222368951182,0.026416343947251637,0.006064061035039933,1.359375,0.10216169398923454,,,,,,
16499,3,,,,,,,0.0,0.0,0.774863064289093,0.06591042221727969,0.14851480722427368,0.00938575669286566,0.025305170565843582,0.0011948546731932175,1.3671875,0.11267347735824966,,,,,,
16549,3,,,,,,,0.0,0.0,1.0198184450467427,0.2739373222484565,0.15113438169161478,0.01378844420270014,0.032644795874754585,0.011533241313998478,1.3177083333333333,0.02255274489021976,,,,,,
16599,3,,,,,,,0.0,0.0,1.0342483917872112,0.061059834148951324,0.15187834203243256,0.016393398632690435,0.029970787465572357,0.0030617121772742676,1.3541666666666667,0.16834683707181236,,,,,,
16649,3,,,,,,,0.0,0.0,0.8459633191426595,0.11010171563545285,0.14666608969370523,0.012732259160524928,0.025084055960178375,0.0021661427241448316,1.3489583333333333,0.11753420933746624,,,,,,
16699,3,,,,,,,0.0,0.0,0.9199133117993673,0.24086633639081537,0.1521746168533961,0.010781043736864103,0.02294284664094448,0.0057716434731753625,1.4348958333333333,0.05201818842562026,,,,,,
16749,3,,,,,,,0.0,0.0,0.9699991146723429,0.20455949329183964,0.15428229173024496,0.02219677321569459,0.03123541424671809,0.00885383895416002,1.3697916666666667,0.15236044246156327,,,,,,
16799,3,,,,,,,0.0,0.0,0.8561674555142721,0.19749836080762548,0.1496060440937678,0.019811752850780313,0.029977136602004368,0.007804077095582818,1.3307291666666667,0.14850601488940887,,,,,,
16849,3,,,,,,,0.0,0.0,0.9285643696784973,0.17130934066704914,0.15246236821015677,0.01378324082350482,0.026648564885059994,0.00824001635304427,1.3984375,0.11561444208553705,,,,,,
16899,3,,,,,,,0.0,0.0,1.4756408333778381,0.7138348039723068,0.14234461386998495,0.012225894767254388,0.025808149948716164,0.0010565668159559778,1.296875,0.13049447725382865,,,,,,
16949,3,,,,,,,0.0,0.0,0.8558764259020487,0.1500949847983358,0.14661216735839844,0.009960535276665324,0.025192896525065105,0.002640338605955406,1.3489583333333333,0.08426400878835123,,,,,,
16999,3,,,,,,,0.0,0.0,0.9417316317558289,0.294530968415937,0.14464070151249567,0.01915333929971528,0.02501179464161396,0.009685408954286654,1.3255208333333333,0.13982701831936248,,,,,,
17049,3,,,,,,,0.0,0.0,0.8527275522549947,0.11982417326550301,0.13936370114485422,0.004881256813812429,0.022664481153090794,0.0029799437605426016,1.296875,0.0234375,,,,,,
17099,3,,,,,,,0.0,0.0,0.9165879289309183,0.10324905668163811,0.14683200418949127,0.004689070253086859,0.026226531093319256,0.0022099911915289803,1.3411458333333333,0.06551950846567252,,,,,,
17149,3,,,,,,,0.0,0.0,0.8533439834912618,0.15494654186914708,0.14619220793247223,0.014776022834989305,0.028841950620214146,0.005078750482147035,1.3046875,0.1085347186675766,,,,,,
17199,3,,,,,,,0.0,0.0,0.8279680609703064,0.11619747994976029,0.13962463537851968,0.011849510579317312,0.022762656211853027,0.004676564527949041,1.2994791666666667,0.11959335940838578,,,,,,
17249,3,,,,,,,0.0,0.0,1.1390791932741802,0.35545726278151335,0.15912212431430817,0.005136607188374282,0.03412212058901787,0.0032001297320667973,1.3880208333333333,0.019661027175184243,,,,,,
17299,3,,,,,,,0.0,0.0,0.9257849454879761,0.08727981380301629,0.15904252727826437,0.009467598991962218,0.030299035211404163,0.0022133718366971113,1.4296875,0.08230979494416202,,,,,,
17349,3,,,,,,,0.0,0.0,0.7413255373636881,0.05484551878194435,0.14014746248722076,0.010147930068078658,0.023122721662123997,0.004895079102732492,1.2994791666666667,0.05915529526875285,,,,,,
17399,3,,,,,,,0.0,0.0,0.7932071089744568,0.06698808008289106,0.15027283132076263,0.012044717013213354,0.025923872987429302,0.004688816417208764,1.3802083333333333,0.08570043058283507,,,,,,
17449,3,,,,,,,0.0,0.0,0.8855636517206827,0.0772775607930365,0.14179062843322754,0.0037085832215956013,0.023463803033034008,0.003831197459767196,1.3151041666666667,0.05966895436140417,,,,,,
17499,3,,,,,,,0.0,0.0,0.8766566713651022,0.1289636570357106,0.14389963448047638,0.004230885657684465,0.023782444496949513,0.0004396301269430013,1.3333333333333333,0.05201818842562026,,,,,,
17549,3,,,,,,,0.0,0.0,1.2022937337557476,0.4078081060923956,0.14503585795561472,0.013551137639481405,0.02426763189335664,0.0016361714214951954,1.3411458333333333,0.13127169959508916,,,,,,
17599,3,,,,,,,0.0,0.0,0.8728113174438477,0.06790590896703454,0.14611869057019553,0.010510391230062411,0.025838736444711685,0.003577228677311665,1.3359375,0.1355418091632615,,,,,,
17649,3,,,,,,,0.0,0.0,0.869641919930776,0.1395152723918086,0.13426625231901804,0.0021977827025597583,0.019682918364802997,0.002546941079937298,1.2734375,0.0078125,,,,,,
17699,3,,,,,,,0.0,0.0,0.9267207384109497,0.2982090903924208,0.14490193128585815,0.010024470553179187,0.028528232748309772,0.008367312723887202,1.2942708333333333,0.04510548978043952,,,,,,
17749,3,,,,,,,0.0,0.0,0.8702003359794617,0.052476565254648104,0.14349464078744253,0.006463636168033934,0.02419125537077586,0.0028849890751785115,1.3255208333333333,0.047735163489123336,,,,,,
17799,3,,,,,,,0.0,0.0,1.002861201763153,0.15472109984088153,0.15504548947016397,0.0165549277169408,0.029719970499475796,0.00400506189451923,1.390625,0.13733121743161678,,,,,,
17849,3,,,,,,,0.0,0.0,1.1851894458134968,0.37252645375937177,0.14921761055787405,0.01068450503665993,0.029751462241013844,0.00502451291459283,1.3255208333333333,0.09155414495441118,,,,,,
17899,3,,,,,,,0.0,0.0,1.8687243064244587,1.8658887205490133,0.14488793909549713,0.011849532108513802,0.0275376761953036,0.006733490865906812,1.3046875,0.0546875,,,,,,
17949,3,,,,,,,0.0,0.0,0.7621885140736898,0.11146342439194407,0.14467372496922812,0.012055835819452652,0.023417208964625996,0.0051429258348866715,1.3463541666666667,0.07707629472369136,,,,,,
17999,3,,,,,,,0.0,0.0,0.8844081163406372,0.09446142056602189,0.150487353404363,0.01061870790415261,0.027440479025244713,0.004889695920118822,1.3671875,0.109375,,,,,,
18049,3,,,,,,,0.0,0.0,1.035160779953003,0.13613902195749328,0.1539179136355718,0.0048827842754859754,0.026964786772926647,0.0032654544087947746,1.4114583333333333,0.018042195912175804,,,,,,
18099,3,,,,,,,0.0,0.0,0.896685262521108,0.02211644763064323,0.14477685590585074,0.01640350544537753,0.02726384128133456,0.006760990554825344,1.3046875,0.1074041178505275,,,,,,
18149,3,,,,,,,0.0,0.0,0.9107755621274313,0.2360008320400397,0.1446396311124166,0.005278525274316424,0.023545884837706883,0.003036924421593815,1.3463541666666667,0.027436598314720676,,,,,,
18199,3,,,,,,,0.0,0.0,0.8240818381309509,0.18538523715937755,0.1398523524403572,0.015760063843577317,0.02233932912349701,0.004851037252308494,1.3072916666666667,0.1595995150629642,,,,,,
18249,3,,,,,,,0.0,0.0,0.8420695662498474,0.07215898647348674,0.13963785767555237,0.006398664110784443,0.02212483622133732,0.001746272312363736,1.3046875,0.05898308152555273,,,,,,
18299,3,,,,,,,0.0,0.0,0.7751872340838114,0.07788165760751385,0.13462233046690622,0.011985758960064442,0.02296868401269118,0.003404398876804583,1.2395833333333333,0.10549285989858903,,,,,,
18349,3,,,,,,,0.0,0.0,0.8856886426607767,0.13915758695637015,0.14741144080956778,0.006973597409256119,0.02745701310535272,0.004856275549427538,1.3333333333333333,0.11384110934580413,,,,,,
18399,3,,,,,,,0.0,0.0,0.9112820625305176,0.19135739605726762,0.14794540901978812,0.006841013620294139,0.027665462344884872,0.0038420559250537476,1.3359375,0.0358013726168425,,,,,,
18449,3,,,,,,,0.0,0.0,0.8584298292795817,0.3144608832316939,0.1446294734875361,0.005808082166623298,0.022721922645966213,0.0012819047265993494,1.3567708333333333,0.05487319662944135,,,,,,
18499,3,,,,,,,0.0,0.0,0.8266381621360779,0.046207387549771904,0.13452425102392832,0.002854071056964692,0.02368440603216489,0.004651552976104464,1.2317708333333333,0.07259041596232475,,,,,,
18549,3,,,,,,,0.0,0.0,0.7743910352389017,0.1432252470574942,0.1311442106962204,0.010566279349917395,0.020792648817102116,0.0030810311761052343,1.2265625,0.1015625,,,,,,
18599,3,,,,,,,0.0,0.0,1.9305270314216614,1.4128463284123725,0.1445962538321813,0.0014468290608370198,0.02757151611149311,0.0035715355065740082,1.3020833333333333,0.03522851369392886,,,,,,
18649,3,,,,,,,0.0,0.0,0.8384655117988586,0.12803673155624856,0.1456266095240911,0.002303243174322012,0.02355629826585452,0.0027689920217899857,1.3567708333333333,0.047735163489123336,,,,,,
18699,3,,,,,,,0.0,0.0,1.1798009475072224,0.10954616822361624,0.1520275225241979,0.014616130318907931,0.0317475733657678,0.008795740212921815,1.3359375,0.10510643786776336,,,,,,
18749,3,,,,,,,0.0,0.0,0.9490508437156677,0.1960043052564256,0.13898545503616333,0.008971193760960046,0.027169050027926762,0.007078881401731028,1.2421875,0.11076130374029551,,,,,,
18799,3,,,,,,,0.0,0.0,0.857598622639974,0.08973870018982048,0.1374852458635966,0.0009049629362580563,0.022739152734478314,0.003477731548176116,1.2760416666666667,0.04510548978043952,,,,,,
18849,3,,,,,,,0.0,0.0,0.81183789173762,0.07693659366232097,0.13781887292861938,0.011517318618232077,0.020631371686855953,0.0016357556439920468,1.3020833333333333,0.11276372445109878,,,,,,
18899,3,,,,,,,0.0,0.0,0.8847521543502808,0.18385951089778885,0.13470224539438883,0.003771724197469795,0.0225603220363458,0.003014300965471606,1.2447916666666667,0.04302789490067267,,,,,,
18949,3,,,,,,,0.0,0.0,0.9401947458585104,0.08450257576409871,0.14957069853941599,0.008936514989418389,0.02750038852294286,0.007261567549159209,1.3567708333333333,0.025113673856752488,,,,,,
18999,3,,,,,,,0.0,0.0,0.9931115905443827,0.17382493365402796,0.14470460017522177,0.013621779001872713,0.02914470061659813,0.008399179340732844,1.2838541666666667,0.05915529526875285,,,,,,
19049,3,,,,,,,0.0,0.0,0.8460701505343119,0.13714338535585233,0.13908667862415314,0.012094001196183946,0.02580542800327142,0.007015992288888363,1.2578125,0.061017575593020734,,,,,,
19099,3,,,,,,,0.0,0.0,1.0144869089126587,0.24782539290228375,0.13870263596375784,0.0061830429520753115,0.025746908659736317,0.0021461663790334345,1.2552083333333333,0.07425300744470444,,,,,,
19149,3,,,,,,,0.0,0.0,0.8801587621370951,0.17042805847954937,0.13989376028378805,0.014775933489519097,0.024984904875357945,0.003407722335280976,1.2760416666666667,0.12725824711323558,,,,,,
19199,3,,,,,,,0.0,0.0,1.0276678601900737,0.25471363700703503,0.1424866517384847,0.013401420393235853,0.026601233209172886,0.004361431687074066,1.2864583333333333,0.1108531075718373,,,,,,
19249,3,,,,,,,0.0,0.0,0.8703758319218954,0.22336581992178503,0.14004143079121908,0.017239907687660237,0.026109139745434124,0.009982122401658796,1.265625,0.08230979494416202,,,,,,
19299,3,,,,,,,0.0,0.0,1.0695162018140156,0.3239688371818314,0.1401295711596807,0.008270935530652222,0.023267595718304317,0.0033565572431890154,1.2994791666666667,0.06644453553215142,,,,,,
19349,3,,,,,,,0.0,0.0,1.016079584757487,0.08797569121086889,0.14119050900141397,0.011114499025867954,0.027095457538962364,0.00708159657969847,1.2682291666666667,0.06825699178167269,,,,,,
19399,3,,,,,,,0.0,0.0,0.8203525344530741,0.1454386781500145,0.1347067877650261,0.011074340840857705,0.023378662765026093,0.002884155038955476,1.2369791666666667,0.10403637685124052,,,,,,
19449,3,,,,,,,0.0,0.0,0.9366836547851562,0.0464741288349989,0.15299362440903982,0.017554655035932742,0.02783086399237315,0.005422169422424597,1.390625,0.14905300022139775,,,,,,
19499,3,,,,,,,0.0,0.0,1.290113886197408,0.24139281541025182,0.14216311275959015,0.013892816816451192,0.02904462379713853,0.008828409871278026,1.2578125,0.06765823467065928,,,,,,
19549,3,,,,,,,0.0,0.0,0.8256775935490926,0.04115302838117571,0.13893511394659677,0.00984738590261709,0.024840058758854866,0.001455229146043072,1.265625,0.09789034442298178,,,,,,
19599,3,,,,,,,0.0,0.0,0.8688012957572937,0.007099430045544969,0.13552145659923553,0.012097224821159215,0.020449842015902202,0.0021747300156171917,1.2786458333333333,0.11303403340734743,,,,,,
19649,3,,,,,,,0.0,0.0,1.211594045162201,0.29013136651379173,0.14879048864046732,0.012792204106471866,0.028673296173413593,0.004121691022878431,1.3359375,0.1015625,,,,,,
19699,3,,,,,,,0.0,0.0,0.9634166955947876,0.39468268248417443,0.13693337639172873,0.006249528760278499,0.024954209725062054,0.0032785448815034436,1.2447916666666667,0.039322054350368486,,,,,,
19749,3,,,,,,,0.0,0.0,0.7692745526631674,0.014123693606018648,0.13428244491418204,0.008456112492930691,0.02230327824751536,0.0034502878556288094,1.2447916666666667,0.0828026723728367,,,,,,
19799,3,,,,,,,0.0,0.0,0.9875473380088806,0.13036508713368103,0.15194887419541678,0.010273580916145322,0.029227524374922115,0.007454563901164981,1.3619791666666667,0.03157384284630766,,,,,,
19849,3,,,,,,,0.0,0.0,0.8234008550643921,0.02627109204914943,0.14343553284804025,0.014196913345872086,0.023481107006470364,0.0009751135599647297,1.3333333333333333,0.1449704756220498,,,,,,
19899,3,,,,,,,0.0,0.0,0.9308125774065653,0.04316176545290919,0.1399487555027008,0.01258956006001842,0.022761262332399685,0.004292303792535936,1.3020833333333333,0.10045469542700995,,,,,,
19949,3,,,,,,,0.0,0.0,0.8679981430371603,0.24527913540076138,0.1380706379810969,0.007995847887782096,0.02202245717247327,0.00413449874655795,1.2890625,0.08699631816921909,,,,,,
19999,3,,,,,,,0.0,0.0,0.8563021222750345,0.18070480040121423,0.14344076563914618,0.026384865739123194,0.022347011292974155,0.0059167016767128055,1.3463541666666667,0.22875199224997655,,,,,,
20049,3,,,,,,,0.0,0.0,0.9362642168998718,0.2554013441197468,0.13880238185326257,0.01691857868162058,0.022428684557477634,0.009254593089292206,1.2942708333333333,0.0964245238623626,,,,,,
20099,3,,,,,,,0.0,0.0,0.8902694582939148,0.13987179821100867,0.13285336891810098,0.0045789553880379846,0.02510596935947736,0.004185978375173805,1.1979166666666667,0.025113673856752488,,,,,,
20149,3,,,,,,,0.0,0.0,0.9484034578005472,0.08105314284704436,0.13880771895249686,0.017843026702980925,0.024387144794066746,0.010210857874077767,1.2708333333333333,0.09768228819537006,,,,,,
20199,3,,,,,,,0.0,0.0,0.870410164197286,0.08610392846460845,0.13504330813884735,0.004268721919223981,0.022738618776202202,0.0011859388388973063,1.2473958333333333,0.047735163489123336,,,,,,
20249,3,,,,,,,0.0,0.0,0.848797599474589,0.17623971390541263,0.13308261334896088,0.009535076134530281,0.022893807540337246,0.005133712379805362,1.2265625,0.08118988160479113,,,,,,
20299,3,,,,,,,0.0,0.0,0.9326147437095642,0.11551475972796171,0.1374508390824,0.014167289159013548,0.02384406638642152,0.007148510961508082,1.2630208333333333,0.09254872731206698,,,,,,
20349,3,,,,,,,0.0,0.0,0.7982513109842936,0.13532654280216247,0.132757768034935,0.00899772972410371,0.022568969056010246,0.0032964536947412163,1.2239583333333333,0.08426400878835123,,,,,,
20399,3,,,,,,,0.0,0.0,0.8846171100934347,0.15330427380228934,0.134457066655159,0.013554473996783903,0.024105506017804146,0.005209072191327138,1.2265625,0.09504316453590968,,,,,,
20449,3,,,,,,,0.0,0.0,0.891416609287262,0.0898569091892567,0.1322886993487676,0.007750416382349168,0.023401977494359016,0.0038597858848686425,1.2083333333333333,0.047091513854232096,,,,,,
20499,3,,,,,,,0.0,0.0,0.9193826119105021,0.21218721372834173,0.13732446978489557,0.014387249192571522,0.022578376345336437,0.006142764701962412,1.2760416666666667,0.09320588629256918,,,,,,
20549,3,,,,,,,0.0,0.0,0.8052968382835388,0.10549190168814583,0.13836323221524557,0.005656171631383715,0.02312885783612728,0.002002089006555991,1.28125,0.04752158226795484,,,,,,
20599,3,,,,,,,0.0,0.0,0.7806538740793864,0.052475593027653665,0.13436497499545416,0.017915433449746207,0.02206029122074445,0.0038112912114477856,1.25,0.1640625,,,,,,
20649,3,,,,,,,0.0,0.0,0.8965389529863993,0.1482411359134147,0.13851187626520792,0.00920587974176733,0.023114739606777828,0.00581271784358256,1.28125,0.06810779599282303,,,,,,
20699,3,,,,,,,0.0,0.0,0.8390165766080221,0.18116670048489897,0.14085690677165985,0.012642834660425638,0.02643633261322975,0.005229309693871858,1.2708333333333333,0.08605578980134534,,,,,,
20749,3,,,,,,,0.0,0.0,1.0328720609347026,0.42687739981762735,0.131632462143898,0.010510206998143343,0.02274574153125286,0.0024805244043614853,1.2109375,0.12573028858930532,,,,,,
20799,3,,,,,,,0.0,0.0,0.8522440592447916,0.1754612357137687,0.132241557041804,0.013627861799698241,0.023680354778965313,0.0042841769814135,1.2057291666666667,0.10606985340841824,,,,,,
20849,3,,,,,,,0.0,0.0,0.9826276302337646,0.05414402180753844,0.14407717188199362,0.012298121318013503,0.031446960444251694,0.0042841845448361475,1.25,0.10245997694221876,,,,,,
20899,3,,,,,,,0.0,0.0,1.4011039932568867,0.6983744194450751,0.14338303357362747,0.022037019565359337,0.02814865919450919,0.00913112718084578,1.28125,0.15209314323384207,,,,,,
20949,3,,,,,,,0.0,0.0,0.9840624332427979,0.2790141280964883,0.1469460278749466,0.02111580328643627,0.02747988390425841,0.01502948662360672,1.328125,0.13049447725382865,,,,,,
20999,3,,,,,,,0.0,0.0,0.8681318362553915,0.13417009388267062,0.1329989085594813,0.02175284943297792,0.02199630532413721,0.008546663355214153,1.234375,0.15605456527686076,,,,,,
21049,3,,,,,,,0.0,0.0,0.8136694232622782,0.10627201991146334,0.13230337450901666,0.010288893521916177,0.021626294280091923,0.003117338652546361,1.2291666666666667,0.09054863880580058,,,,,,
21099,3,,,,,,,0.0,0.0,0.9318885008494059,0.04622474258870983,0.1422186940908432,0.015577483123583268,0.0240546353161335,0.006267465117713462,1.3125,0.129083684702018,,,,,,
21149,3,,,,,,,0.0,0.0,0.9830359021822611,0.19959478481869547,0.14322570959726968,0.020186169631662323,0.02554992524286111,0.004276243550372812,1.3072916666666667,0.17923402924551837,,,,,,
21199,3,,,,,,,0.0,0.0,0.8800499439239502,0.16197162635672727,0.1382156511147817,0.02039342623871388,0.02346955860654513,0.007329654465214579,1.2734375,0.14594954447085473,,,,,,
21249,3,,,,,,,0.0,0.0,0.751556932926178,0.09222851840201635,0.12844123442967734,0.018771709544253966,0.01971727671722571,0.0057804446531983435,1.2083333333333333,0.152760514333984,,,,,,
21299,3,,,,,,,0.0,0.0,0.8966710170110067,0.07111073816579919,0.1366497278213501,0.01101431897203643,0.023205714921156567,0.009063135906886968,1.2604166666666667,0.05863713671457137,,,,,,
21349,3,,,,,,,0.0,0.0,0.8255793452262878,0.18419335773579215,0.1329596241315206,0.005606712241892379,0.018864572048187256,0.0027700002912935803,1.2682291666666667,0.0708888416084177,,,,,,
21399,3,,,,,,,0.0,0.0,0.898369292418162,0.27357479772617593,0.13584507505098978,0.014200978823692416,0.021587267518043518,0.004907018721752269,1.2682291666666667,0.1097463932588827,,,,,,
21449,3,,,,,,,0.0,0.0,0.9924264748891195,0.09814333108730551,0.14709376792112985,0.02004356653179201,0.03283595107495785,0.007482842779060417,1.2682291666666667,0.14069731936708435,,,,,,
21499,3,,,,,,,0.0,0.0,0.9603707591692606,0.14290097612362285,0.14542412757873535,0.019466652384532095,0.028399392341574032,0.009042285457867196,1.3020833333333333,0.12939852342505045,,,,,,
21549,3,,,,,,,0.0,0.0,1.1782150268554688,0.2610871642350228,0.13363366822401682,0.006264622533110947,0.02084069699048996,0.0035710626609776206,1.2552083333333333,0.06644453553215142,,,,,,
21599,3,,,,,,,0.0,0.0,0.9465402563412985,0.1838149515988359,0.13793344795703888,0.01265101684529482,0.025954278806845348,0.002578172041668608,1.2447916666666667,0.11959335940838578,,,,,,
21649,3,,,,,,,0.0,0.0,0.9217926462491354,0.14026808898252682,0.13401979704697928,0.009151781197768416,0.024807560568054516,0.00633546839696976,1.2135416666666667,0.039322054350368486,,,,,,
21699,3,,,,,,,0.0,0.0,0.8377535144488016,0.07700074911572236,0.1374527414639791,0.009563653480117361,0.02628737936417262,0.007623669184693167,1.234375,0.09600160724566022,,,,,,
21749,3,,,,,,,0.0,0.0,1.1052691737810771,0.14932687500870523,0.1388998677333196,0.01434661845356045,0.021875128149986267,0.004796883375367764,1.2994791666666667,0.1453908838771652,,,,,,
21799,3,,,,,,,0.0,0.0,0.9391390085220337,0.05836555010609005,0.13607566555341086,0.015114461432832012,0.021655093878507614,0.00584650583649235,1.2708333333333333,0.10549285989858903,,,,,,
21849,3,,,,,,,0.0,0.0,0.8862059513727824,0.15848146614022018,0.13596383730570474,0.012961965965304478,0.020892224585016567,0.0020267035492714486,1.2786458333333333,0.12111474952326547,,,,,,
21899,3,,,,,,,0.0,0.0,0.8014659484227499,0.08914910841130043,0.13994784653186798,0.008447376849608538,0.023411390682061512,0.0015686387561389362,1.2942708333333333,0.10606985340841824,,,,,,
21949,3,,,,,,,0.0,0.0,0.9405325452486674,0.12632366810581838,0.1392035981019338,0.021729086822473452,0.028200995177030563,0.010462265827064098,1.234375,0.12573028858930532,,,,,,
21999,3,,,,,,,0.0,0.0,0.9934332768122355,0.28220445193190663,0.13827890157699585,0.016922331436613296,0.0233700480312109,0.0018150290229290728,1.2760416666666667,0.1687090035077658,,,,,,
22049,3,,,,,,,0.0,0.0,0.8169810573259989,0.01475759245249745,0.13499731322129568,0.016892540170342432,0.021227781971295673,0.004018869886858294,1.2630208333333333,0.14664487734688633,,,,,,
22099,3,,,,,,,0.0,0.0,0.7706214984258016,0.08480882070793364,0.13911380618810654,0.014444798611878275,0.02094973996281624,0.002229121623486224,1.3125,0.13887803777055607,,,,,,
22149,3,,,,,,,0.0,0.0,0.8668086926142374,0.16524486856044399,0.13410056630770364,0.019274650170030064,0.02293519799908002,0.006384685592566364,1.234375,0.14320549046737,,,,,,
22199,3,,,,,,,0.0,0.0,0.7981985608736674,0.16665963921604413,0.13369259238243103,0.00863125501388413,0.018132696238656838,0.0035396262600916263,1.2838541666666667,0.07507049638228945,,,,,,
22249,3,,,,,,,0.0,0.0,1.0122748812039692,0.21674816050384854,0.13914555311203003,0.00659003322802527,0.022120811666051548,0.002608525578715848,1.2994791666666667,0.047735163489123336,,,,,,
22299,3,,,,,,,0.0,0.0,0.9716803828875223,0.11643593291574071,0.1360755960146586,0.004604630551979008,0.025235756610830624,0.003384892726836526,1.2317708333333333,0.08884751098558323,,,,,,
22349,3,,,,,,,0.0,0.0,0.7910783489545187,0.08885367876930075,0.13212048014005026,0.016544846824707856,0.020304073579609394,0.004881983089660613,1.2421875,0.16143733062321738,,,,,,
22399,3,,,,,,,0.0,0.0,1.1502714157104492,0.35556144100657827,0.14523736387491226,0.02357847035452353,0.026585021677116554,0.011093423750946855,1.3177083333333333,0.15513928133965083,,,,,,
22449,3,,,,,,,0.0,0.0,0.931907057762146,0.11507062251459947,0.12139941255251567,0.011893800019976159,0.0199996717274189,0.004552426204371871,1.125,0.129083684702018,,,,,,
22499,3,,,,,,,0.0,0.0,0.8699073394139608,0.07562805571187244,0.1332168529431025,0.006699876505601014,0.018959041063984234,0.002699991370045538,1.2682291666666667,0.05863713671457137,,,,,,
22549,3,,,,,,,0.0,0.0,0.9638883868853251,0.1013446428237605,0.14063455164432526,0.014339348385809365,0.02312153143187364,0.0042869770145149986,1.3046875,0.11267347735824966,,,,,,
22599,3,,,,,,,0.0,0.0,0.8044992685317993,0.0688900346592896,0.13341709723075232,0.017175455715793573,0.02339105245967706,0.0028348024161660664,1.2239583333333333,0.16093244328625392,,,,,,
22649,3,,,,,,,0.0,0.0,0.8308084805806478,0.09225891009740625,0.12771635005871454,0.015778435512183487,0.018829630687832832,0.00354512672142638,1.2083333333333333,0.14664487734688633,,,,,,
22699,3,,,,,,,0.0,0.0,1.1495694319407146,0.08769885337649415,0.1355093444387118,0.015146405784178033,0.025157783180475235,0.0036707528592593228,1.2265625,0.12789613706050704,,,,,,
22749,3,,,,,,,0.0,0.0,20.422833998998005,33.54538054961326,0.17171433568000793,0.0542925079834449,0.048179179430007935,0.041666571035269793,1.3723958333333333,0.20763228401330883,,,,,,
22799,3,,,,,,,0.0,0.0,0.8500739733378092,0.1468056636627739,0.1322146157423655,0.004379111090669368,0.01974716844658057,0.0020308741095570377,1.25,0.062009796353076345,,,,,,
22849,3,,,,,,,0.0,0.0,0.7674522797266642,0.09127074607684699,0.1323831851283709,0.01322025495460679,0.021543338894844055,0.0019949487281704197,1.2317708333333333,0.12532509807829129,,,,,,
22899,3,,,,,,,0.0,0.0,0.7497777342796326,0.06482656231449808,0.1288765917221705,0.007270097025207475,0.020315390701095264,0.0018198034260175173,1.2057291666666667,0.08605578980134534,,,,,,
22949,3,,,,,,,0.0,0.0,0.8149977922439575,0.0973943808059417,0.1379439334074656,0.012949115324359543,0.02433716629942258,0.005045326196131457,1.2604166666666667,0.09768228819537006,,,,,,
22999,3,,,,,,,0.0,0.0,1.2244181235631306,0.6593990779537895,0.14423200488090515,0.02060091607505112,0.02916039216021697,0.013286197728486462,1.2786458333333333,0.0828026723728367,,,,,,
23049,3,,,,,,,0.0,0.0,0.8817594647407532,0.1843855097094039,0.13065889477729797,0.013730588655319384,0.022097696860631306,0.004790247807209279,1.2057291666666667,0.11384110934580413,,,,,,
23099,3,,,,,,,0.0,0.0,0.8996609449386597,0.054517183232513304,0.14583341777324677,0.02373317205351093,0.027018312364816666,0.006588165678625767,1.3229166666666667,0.19205618820304474,,,,,,
23149,3,,,,,,,0.0,0.0,0.8375099301338196,0.06614243424486516,0.13335355619589487,0.005102943361459719,0.02251371058324973,0.0031261486699082734,1.2317708333333333,0.07259041596232475,,,,,,
23199,3,,,,,,,0.0,0.0,1.4712160627047222,1.2480572830926342,0.12896409382422766,0.011558817956622523,0.0205656581868728,0.004702276802464022,1.2057291666666667,0.08426400878835123,,,,,,
23249,3,,,,,,,0.0,0.0,0.9931304653485616,0.23259731379712117,0.14336343109607697,0.018833523321972044,0.02438556340833505,0.003080426605253592,1.3229166666666667,0.20166744683905566,,,,,,
23299,3,,,,,,,0.0,0.0,0.9260397553443909,0.15313092741963638,0.13087183982133865,0.007387968329661976,0.022310638800263405,0.0005093216694561208,1.2083333333333333,0.08605578980134534,,,,,,
23349,3,,,,,,,0.0,0.0,0.9753004908561707,0.09893662015312933,0.1391322761774063,0.007788517603039468,0.02178201513985793,0.0037774211944775348,1.3046875,0.05633673867912483,,,,,,
23399,3,,,,,,,0.0,0.0,0.7801324327786764,0.09423994981342232,0.13887600849072138,0.017819526514865142,0.024618197232484818,0.00468478618310048,1.2708333333333333,0.1451808319246495,,,,,,
23449,3,,,,,,,0.0,0.0,1.1775353749593098,0.31590469717646286,0.14726704359054565,0.02226849662011605,0.029916785036524136,0.005403382059339244,1.3046875,0.18798764711743696,,,,,,
23499,3,,,,,,,0.0,0.0,0.8392143050829569,0.14996468809450306,0.12340270479520161,0.013372323569472839,0.019073276470104854,0.0029667928853322925,1.1588541666666667,0.13895126637452188,,,,,,
23549,3,,,,,,,0.0,0.0,0.9697287877400717,0.24263708188858135,0.14953822642564774,0.02734988801639876,0.0313741664091746,0.01540143302081525,1.3125,0.14127454156269628,,,,,,
23599,3,,,,,,,0.0,0.0,0.8569863637288412,0.10680183170355775,0.13748630384604135,0.02014482305483794,0.024042297154664993,0.005061672603709445,1.2604166666666667,0.1842712455243176,,,,,,
23649,3,,,,,,,0.0,0.0,0.8601369063059489,0.08112134119508138,0.13600863019625345,0.015693244860246792,0.021913578112920124,0.004345115216431666,1.2682291666666667,0.1284516922410263,,,,,,
23699,3,,,,,,,0.0,0.0,0.9566704034805298,0.22463139154710007,0.1332660143574079,0.012534298375303895,0.024704815198977787,0.007394152774813749,1.2057291666666667,0.08570043058283507,,,,,,
23749,3,,,,,,,0.0,0.0,0.8675172527631124,0.09566559741765564,0.1303140918413798,0.010064817792930118,0.021752895166476566,0.003881447266866963,1.2057291666666667,0.07864410870073697,,,,,,
23799,3,,,,,,,0.0,0.0,0.9388428727785746,0.18655762197184322,0.14510914186636606,0.0034535426606376093,0.025154709815979004,0.006472646154017326,1.3333333333333333,0.03522851369392886,,,,,,
23849,3,,,,,,,0.0,0.0,0.9343769152959188,0.24479762576024897,0.11985450734694798,0.010887042706880259,0.018129245688517887,0.0018404547995573583,1.1302083333333333,0.11384110934580413,,,,,,
23899,3,,,,,,,0.0,0.0,1.154378056526184,0.24870016456989485,0.13760150969028473,0.012627619551147894,0.026110625515381496,0.008664011590190198,1.2395833333333333,0.047735163489123336,,,,,,
23949,3,,,,,,,0.0,0.0,0.8101128141085306,0.09979260772888487,0.1340105434258779,0.005304046909890736,0.02170585406323274,0.0017414989778113295,1.2473958333333333,0.04302789490067267,,,,,,
23999,3,,,,,,,0.0,0.0,0.8096921245257059,0.2089583428161306,0.13140985618034998,0.015398640750077602,0.021383815445005894,0.006151443484964926,1.2213541666666667,0.11057746742480284,,,,,,
24049,3,,,,,,,0.0,0.0,1.0135986010233562,0.16521672168253979,0.1358730892340342,0.012486266338015759,0.022591834887862206,0.0035785303291541596,1.2578125,0.1085347186675766,,,,,,
24099,3,,,,,,,0.0,0.0,0.9854732751846313,0.18609685978050114,0.14225215216477713,0.030400975517108027,0.019856316968798637,0.004119744767017926,1.3619791666666667,0.29380955734894554,,,,,,
24149,3,,,,,,,0.0,0.0,0.7924733559290568,0.1531938349619535,0.12348003188769023,0.010411042340855412,0.019476125948131084,0.005151874245463672,1.15625,0.06394806853025352,,,,,,
24199,3,,,,,,,0.0,0.0,0.9019648631413778,0.1124212731757299,0.14116403460502625,0.01098680576171079,0.02218617560962836,0.001951342728189524,1.3229166666666667,0.1031526162517623,,,,,,
24249,3,,,,,,,0.0,0.0,0.7336214780807495,0.060197142880004884,0.12193343540032704,0.011927504150649294,0.019557135179638863,0.0028139997787978185,1.1380208333333333,0.10834710449330584,,,,,,
24299,3,,,,,,,0.0,0.0,0.9202495813369751,0.07337541837935603,0.1315354878703753,0.01362183833979701,0.020858406089246273,0.0059044122026655176,1.2291666666666667,0.09054863880580058,,,,,,
24349,3,,,,,,,0.0,0.0,0.8159743944803873,0.07989714810701418,0.1282701442639033,0.01089727033844601,0.02003446655968825,0.004904937744017114,1.203125,0.071602745233685,,,,,,
24399,3,,,,,,,0.0,0.0,0.8385169506072998,0.18603283891070854,0.1326271966099739,0.017562736127185914,0.022275629453361034,0.006952010745157903,1.2265625,0.12789613706050704,,,,,,
24449,3,,,,,,,0.0,0.0,0.8499030470848083,0.045193872119433876,0.12887967377901077,0.01571139745888458,0.0217833174392581,0.006592483365587468,1.1901041666666667,0.10403637685124052,,,,,,
24499,3,,,,,,,0.0,0.0,0.8484476804733276,0.06411262263282186,0.1314989005525907,0.019732782659817486,0.02212390210479498,0.0065955690817471315,1.2161458333333333,0.1451808319246495,,,,,,
24549,3,,,,,,,0.0,0.0,0.8209717075030009,0.12043664114123405,0.13317431012789407,0.016155581020731943,0.022497229278087616,0.007409379479466736,1.2291666666666667,0.09768228819537006,,,,,,
24599,3,,,,,,,0.0,0.0,0.8572880625724792,0.13717059935778825,0.12689598153034845,0.01276477296888165,0.021264471113681793,0.0050455467678989195,1.1744791666666667,0.08781101718795503,,,,,,
24649,3,,,,,,,0.0,0.0,0.9514234264691671,0.10049118360181551,0.13807383428017297,0.024311442502199174,0.021374615840613842,0.006834937190116747,1.2994791666666667,0.1998432816973924,,,,,,
24699,3,,,,,,,0.0,0.0,13.76222155491511,22.498201235850786,0.13508228957653046,0.02200851713743584,0.023916926855842274,0.003859611222881838,1.234375,0.20267377767301323,,,,,,
24749,3,,,,,,,0.0,0.0,0.8377776145935059,0.1565384128106274,0.12908098349968591,0.014283421432170153,0.02149634559949239,0.0053146994129879156,1.1953125,0.1015625,,,,,,
24799,3,,,,,,,0.0,0.0,0.9044053554534912,0.18545899001499735,0.1353751296798388,0.015043073774317708,0.023395961771408718,0.001606592922751485,1.2447916666666667,0.152760514333984,,,,,,
24849,3,,,,,,,0.0,0.0,0.8457223176956177,0.28072626746517804,0.13693984349568686,0.010908295366959446,0.027727598945299785,0.011659639074485983,1.2135416666666667,0.011933790872280834,,,,,,
24899,3,,,,,,,0.0,0.0,0.8261319200197855,0.18308851101466805,0.1291747217377027,0.016232886753466853,0.018009355602165062,0.004311065988622032,1.2369791666666667,0.13311851999095892,,,,,,
24949,3,,,,,,,0.0,0.0,0.7562172412872314,0.0721880361388638,0.12632649143536887,0.017874661142412533,0.018253578183551628,0.004695910589688968,1.2005208333333333,0.14454884464976997,,,,,,
24999,3,,,,,,,0.0,0.0,1.171798865000407,0.0992050605387815,0.13736422856648764,0.017356908451961067,0.022943658133347828,0.0070892078805958785,1.2708333333333333,0.11384110934580413,,,,,,
25049,3,,,,,,,0.0,0.0,0.776552160580953,0.19432153919482006,0.1260986477136612,0.007865496266050832,0.01802573228875796,0.002155069102649316,1.2005208333333333,0.06362912355661779,,,,,,
25099,3,,,,,,,0.0,0.0,0.8514081239700317,0.09269798054167866,0.13036984453598657,0.018043481718940865,0.021320367852846783,0.004396077172968087,1.2109375,0.1691906861539665,,,,,,
25149,3,,,,,,,0.0,0.0,0.9124515255292257,0.1113136001657156,0.12596779316663742,0.011825009952553889,0.020824561826884747,0.007055504818608475,1.1692708333333333,0.05317858816839098,,,,,,
25199,3,,,,,,,0.0,0.0,0.9328407247861227,0.08858206885213096,0.12976927310228348,0.018686378152810792,0.024300523102283478,0.008597612891514922,1.171875,0.11020887484113973,,,,,,
25249,3,,,,,,,0.0,0.0,0.9163208802541097,0.0848601658574348,0.1306061844031016,0.01091566280406018,0.021231184403101604,0.00405767278168666,1.2161458333333333,0.08987205170175729,,,,,,
25299,3,,,,,,,0.0,0.0,1.0285630027453105,0.19398797601358855,0.1407171885172526,0.02213629157254879,0.031016665200392406,0.011960645586735975,1.21875,0.15605456527686076,,,,,,
25349,3,,,,,,,0.0,0.0,0.8949199120203654,0.061867373797577625,0.12846768399079642,0.016236750734125584,0.023649977520108223,0.004865342690085972,1.1640625,0.1355418091632615,,,,,,
25399,3,,,,,,,0.0,0.0,0.8092963099479675,0.06758092466365591,0.12198448181152344,0.007104278106812181,0.01619021159907182,0.0010166109502727889,1.1744791666666667,0.07216878364870322,,,,,,
25449,3,,,,,,,0.0,0.0,1.1198424100875854,0.13608289272645666,0.14206351091464361,0.019630207260537595,0.024550490081310272,0.007107622816285217,1.3072916666666667,0.1449704756220498,,,,,,
25499,3,,,,,,,0.0,0.0,0.8766895135243734,0.08363752454302953,0.13615198681751886,0.012402257877600785,0.025637660175561905,0.006468839626789285,1.2265625,0.08873294290312927,,,,,,
25549,3,,,,,,,0.0,0.0,0.9100949565569559,0.028833227796978538,0.1253445322314898,0.01254683254233157,0.021015103285511334,0.003460620851676178,1.1588541666666667,0.10403637685124052,,,,,,
25599,3,,,,,,,0.0,0.0,0.8239885568618774,0.13197072594940776,0.12787205229202905,0.011742785701724911,0.020287414081394672,0.00702433200593201,1.1953125,0.0546875,,,,,,
25649,3,,,,,,,0.0,0.0,0.895135740439097,0.14804920652284265,0.12251933912436168,0.0017422653290044836,0.018027152866125107,0.0012909706315178508,1.1614583333333333,0.009021097956087902,,,,,,
25699,3,,,,,,,0.0,0.0,0.9149197737375895,0.15443724141885137,0.1365578124920527,0.015182450815874209,0.025066925212740898,0.0026393762589896784,1.2395833333333333,0.15115387355136928,,,,,,
25749,3,,,,,,,0.0,0.0,1.2588917414347331,0.1297979014461001,0.13657094538211823,0.009786756625050028,0.027846985186139744,0.003824894817851117,1.2083333333333333,0.06825699178167269,,,,,,
25799,3,,,,,,,0.0,0.0,0.9146356582641602,0.17485483677405753,0.14169217149416605,0.0035429032780269977,0.02499295336504777,0.0037133009293760406,1.296875,0.06765823467065928,,,,,,
25849,3,,,,,,,0.0,0.0,1.0058230757713318,0.3074121106555687,0.13110858450333276,0.0152183663882289,0.025151555115977924,0.006640370846035133,1.1770833333333333,0.10606985340841824,,,,,,
25899,3,,,,,,,0.0,0.0,3.6822707056999207,4.597801981996234,0.13601050774256387,0.02086276838615295,0.023054778575897217,0.00594077466785805,1.2552083333333333,0.1687090035077658,,,,,,
25949,3,,,,,,,0.0,0.0,0.9825930992762247,0.14771821549628675,0.13044407467047373,0.011554191767833876,0.0220456396540006,0.008221212634138556,1.203125,0.04878904686248749,,,,,,
25999,3,,,,,,,0.0,0.0,0.9176068703333536,0.05819192820283228,0.1337591161330541,0.009683316874341314,0.023244793837269146,0.0021354256504132335,1.2265625,0.09504316453590968,,,,,,
26049,3,,,,,,,0.0,0.0,0.8573048313458761,0.1696738006381548,0.1270988086859385,0.012100698207612405,0.022281102215250332,0.005458118211357573,1.1640625,0.08230979494416202,,,,,,
26099,3,,,,,,,0.0,0.0,0.9243292808532715,0.18975980209830542,0.12815864632527033,0.014811789181241453,0.020736771014829476,0.006303276512889642,1.1927083333333333,0.09953913986258538,,,,,,
26149,3,,,,,,,0.0,0.0,1.4196264147758484,0.7894005830402365,0.13838759809732437,0.016567125155817816,0.02364150434732437,0.0036199679612908403,1.2734375,0.19717858537693692,,,,,,
26199,3,,,,,,,0.0,0.0,0.854211668173472,0.02789631030979271,0.13382989913225174,0.017699094786400037,0.02217625454068184,0.004958000013268778,1.2421875,0.14127454156269628,,,,,,
26249,3,,,,,,,0.0,0.0,1.0758150617281597,0.2495065024926339,0.13698934018611908,0.0168818872974841,0.027288818421463173,0.010553713011006854,1.21875,0.08699631816921909,,,,,,
26299,3,,,,,,,0.0,0.0,1.046155313650767,0.18088944726570602,0.13299194475015005,0.009971591880394863,0.02280314328769843,0.00407098053123096,1.2239583333333333,0.06644453553215142,,,,,,
26349,3,,,,,,,0.0,0.0,0.8042333126068115,0.08938297988922016,0.12378929803768794,0.005454017842282068,0.018483308454354603,0.002777888791274144,1.1692708333333333,0.05758683434243745,,,,,,
26399,3,,,,,,,0.0,0.0,1.1249934832255046,0.09459398722815725,0.13760581612586975,0.022001975703249053,0.0266032125800848,0.009718249142804477,1.234375,0.1446895248238448,,,,,,
26449,3,,,,,,,0.0,0.0,0.997560461362203,0.11412259274489969,0.1299106776714325,0.023338409166938818,0.02216327873369058,0.004752931613336465,1.1979166666666667,0.22430629461092558,,,,,,
26499,3,,,,,,,0.0,0.0,1.0985769033432007,0.07258147697989023,0.13523631542921066,0.011909282226904544,0.025210275625189144,0.003977536475311933,1.2213541666666667,0.08987205170175729,,,,,,
26549,3,,,,,,,0.0,0.0,0.8526124159495035,0.24554314377036587,0.12711193412542343,0.00739146725019559,0.018550734966993332,0.002401176265619455,1.2057291666666667,0.06068323019651585,,,,,,
26599,3,,,,,,,0.0,0.0,0.9135402043660482,0.12359071434631556,0.12649428099393845,0.011358283063810854,0.020374491810798645,0.0008535254025409739,1.1796875,0.1335000585205864,,,,,,
26649,3,,,,,,,0.0,0.0,0.7561179995536804,0.046309812475685594,0.12465145935614903,0.013903587348401528,0.018857189764579136,0.0030943472857197277,1.1744791666666667,0.12161765030037101,,,,,,
26699,3,,,,,,,0.0,0.0,0.9351985851923624,0.21832758921404163,0.12956076115369797,0.019483274415999136,0.020023000426590443,0.005515717781777538,1.2161458333333333,0.16036254498271513,,,,,,
26749,3,,,,,,,0.0,0.0,1.020650307337443,0.11549580039524517,0.13499484956264496,0.010615058253982033,0.02057427664597829,0.0033024573798944917,1.2708333333333333,0.08353653610596583,,,,,,
26799,3,,,,,,,0.0,0.0,0.8693926135698954,0.1810514884639081,0.12492728233337402,0.008071504883637101,0.020597856491804123,0.0014081098391993364,1.1588541666666667,0.07507049638228945,,,,,,
26849,3,,,,,,,0.0,0.0,1.007262686888377,0.23151185898454302,0.13089363276958466,0.016125608412403424,0.02021654788404703,0.006163338576748827,1.2291666666666667,0.11167594605412275,,,,,,
26899,3,,,,,,,0.0,0.0,1.2019061247507732,0.2665265268153386,0.1358825812737147,0.018416673700576803,0.027484144394596417,0.004606018547499139,1.203125,0.15683484296784947,,,,,,
26949,3,,,,,,,0.0,0.0,1.220422128836314,0.533945722719285,0.13022930920124054,0.023494443790715094,0.02280743233859539,0.008813979634110684,1.1927083333333333,0.20526714998894327,,,,,,
26999,3,,,,,,,0.0,0.0,1.200440486272176,0.2557863223869581,0.14340078830718994,0.024251404737868004,0.028329176207383473,0.0065568743723621635,1.2786458333333333,0.19661027175184245,,,,,,
27049,3,,,,,,,0.0,0.0,1.1265808741251628,0.35567709597964603,0.14458005130290985,0.020256745576212834,0.030322238182028134,0.012765764617728376,1.2682291666666667,0.08640968761998467,,,,,,
27099,3,,,,,,,0.0,0.0,0.861948827902476,0.19152491666534016,0.12497328221797943,0.015546113108945991,0.020806612446904182,0.007965679332878851,1.15625,0.12573028858930532,,,,,,
27149,3,,,,,,,0.0,0.0,0.9684132933616638,0.2812500188907033,0.12812377512454987,0.009717168644033993,0.025259194895625114,0.006571431593787138,1.1432291666666667,0.049616038758483465,,,,,,
27199,3,,,,,,,0.0,0.0,0.9123076597849528,0.12039096418812444,0.1353811671336492,0.00303464432452482,0.023401999846100807,0.00315405860142788,1.2447916666666667,0.04302789490067267,,,,,,
27249,3,,,,,,,0.0,0.0,0.9016897082328796,0.20945853599137104,0.12596618632475534,0.015688255294868073,0.019032590401669342,0.0063634083148574935,1.1875,0.10216169398923454,,,,,,
27299,3,,,,,,,0.0,0.0,1.060486912727356,0.37954093563355745,0.13084253668785095,0.015644336062182917,0.025373786066969235,0.009217527282607916,1.171875,0.07534102157025746,,,,,,
27349,3,,,,,,,0.0,0.0,0.8529142737388611,0.1152613139737568,0.12692061066627502,0.010714759358234693,0.020475296924511593,0.003788662674488444,1.1822916666666667,0.08018127249135756,,,,,,
27399,3,,,,,,,0.0,0.0,0.9623006582260132,0.2783878003716475,0.12687703470389047,0.02014893757724418,0.023198645872374375,0.009064674549757224,1.1510416666666667,0.1245924345198509,,,,,,
27449,3,,,,,,,0.0,0.0,0.9461788733800253,0.28319878050076697,0.12665084252754846,0.011698431216797074,0.020368292306860287,0.0032607162298651654,1.1822916666666667,0.12010263080833547,,,,,,
27499,3,,,,,,,0.0,0.0,0.9707727630933126,0.3585249440359723,0.1315404251217842,0.01598690701878083,0.023467506592472393,0.007870194843239963,1.2005208333333333,0.09054863880580058,,,,,,
27549,3,,,,,,,0.0,0.0,0.9572498202323914,0.27925668724059394,0.1252646048863729,0.004615404520902729,0.02012137385706107,0.0029275252190969973,1.1692708333333333,0.07507049638228945,,,,,,
27599,3,,,,,,,0.0,0.0,0.9224340716997782,0.21234171803417626,0.13486845791339874,0.014032073003392563,0.02272652896742026,0.0018990255903556183,1.2447916666666667,0.15355753112297466,,,,,,
27649,3,,,,,,,0.0,0.0,0.945894718170166,0.08079753553262783,0.13763883958260217,0.015011569483498143,0.025659671053290367,0.007880689142558786,1.2447916666666667,0.09830513587592123,,,,,,
27699,3,,,,,,,0.0,0.0,0.7975914080937704,0.027250514821980716,0.12196326752503713,0.013733996872235973,0.01926144367704789,0.0051932463477944776,1.140625,0.09789034442298178,,,,,,
27749,3,,,,,,,0.0,0.0,0.9383694330851237,0.12266486471116474,0.12475694467624028,0.014174585041497679,0.022380642592906952,0.0044789749391856626,1.1380208333333333,0.12211848008013912,,,,,,
27799,3,,,,,,,0.0,0.0,0.7990817427635193,0.09923939760284539,0.1269309197862943,0.011551101012675903,0.018695241771638393,0.004775503151357058,1.203125,0.07452650011069888,,,,,,
27849,3,,,,,,,0.0,0.0,0.8321507175763448,0.16976895950146786,0.12229220569133759,0.006879362115434,0.017962778297563393,0.0068444728747126884,1.1588541666666667,0.025113673856752488,,,,,,
27899,3,,,,,,,0.0,0.0,0.7642380992571512,0.10095947531780591,0.12542709956566492,0.006822836431122217,0.019632826559245586,0.0048932741982466305,1.1744791666666667,0.025113673856752488,,,,,,
27949,3,,,,,,,0.0,0.0,0.8493403196334839,0.019267760574033725,0.13084464768568674,0.002502375114136894,0.02114412933588028,0.000833028008010916,1.21875,0.020669932117692115,,,,,,
27999,3,,,,,,,0.0,0.0,0.8125361601511637,0.1059730833213471,0.12162707994381587,0.015112516253135205,0.018274216291805107,0.0069807613571101984,1.1484375,0.0900981452708656,,,,,,
28049,3,,,,,,,0.0,0.0,0.7667339444160461,0.08854261469660366,0.12042155116796494,0.0038423136823853947,0.01706868565330903,0.0017026484578138738,1.1484375,0.04349815908460954,,,,,,
28099,3,,,,,,,0.0,0.0,0.9127837816874186,0.027328904385898023,0.1270488128066063,0.016632377768972063,0.017999337054789066,0.0030327499862513184,1.2135416666666667,0.1531595411722147,,,,,,
28149,3,,,,,,,0.0,0.0,0.68827223777771,0.11485985790598154,0.1144091213742892,0.004879612701530088,0.014311465434730053,0.0016801228504758827,1.1119791666666667,0.05863713671457137,,,,,,
28199,3,,,,,,,0.0,0.0,0.9691372116406759,0.33842144120401146,0.1267132187883059,0.0017838215492928294,0.019779625659187634,0.0025556888434733914,1.1875,0.015625,,,,,,
28249,3,,,,,,,0.0,0.0,1.0619625647862752,0.3207764836036921,0.12942958374818167,0.016660486204188238,0.02151942377289136,0.007168160988319831,1.1979166666666667,0.1213664603930317,,,,,,
28299,3,,,,,,,0.0,0.0,0.9010507861773173,0.16752847460962475,0.1253195951382319,0.016255194343466606,0.02196673055489858,0.008645867415891278,1.1484375,0.08450510801868726,,,,,,
28349,3,,,,,,,0.0,0.0,0.7400877873102824,0.105559119038224,0.11953806628783543,0.0072436948440372335,0.018138325462738674,0.0029195372335548073,1.1276041666666667,0.0758791785642368,,,,,,
28399,3,,,,,,,0.0,0.0,0.8473124901453654,0.09605887500564303,0.12835242599248886,0.014659782868842449,0.01881466930111249,0.0012130976156956815,1.2161458333333333,0.15355753112297466,,,,,,
28449,3,,,,,,,0.0,0.0,0.8628222346305847,0.08941160399310259,0.1269629423816999,0.010722124283214299,0.024098357806603115,0.0074205095005308915,1.1432291666666667,0.07425300744470444,,,,,,
28499,3,,,,,,,0.0,0.0,0.9014638662338257,0.18156337387806046,0.13491976509491602,0.02141180348892564,0.021150235707561176,0.004990702111924293,1.2630208333333333,0.18244041550142703,,,,,,
28549,3,,,,,,,0.0,0.0,0.8532119790712992,0.16299885777789774,0.1186695968111356,0.009169111026354426,0.01889746201535066,0.004729868091681734,1.109375,0.11561444208553705,,,,,,
28599,3,,,,,,,0.0,0.0,0.9652129411697388,0.281135029299814,0.1291226496299108,0.011533595978884224,0.019259369000792503,0.003077306849440389,1.2213541666666667,0.09892406204803426,,,,,,
28649,3,,,,,,,0.0,0.0,0.9305637081464132,0.11553523413843807,0.14131008088588715,0.028140442832689457,0.023146019627650578,0.005796900060263978,1.3151041666666667,0.27291616968784266,,,,,,
28699,3,,,,,,,0.0,0.0,0.8296210765838623,0.10587506099492365,0.12617281327644983,0.012586910960304194,0.018262655784686405,0.002585053700690985,1.1979166666666667,0.13982701831936248,,,,,,
28749,3,,,,,,,0.0,0.0,0.8349403540293375,0.23026818552860517,0.12491856515407562,0.010874990309052984,0.01782221191873153,0.0053059281646839675,1.1901041666666667,0.06505206248331664,,,,,,
28799,3,,,,,,,0.0,0.0,0.8548812667528788,0.254580761515652,0.11588580658038457,0.004699849270610043,0.017252995322148006,0.0018685667460552834,1.0963541666666667,0.073840869160197,,,,,,
28849,3,,,,,,,0.0,0.0,1.0173722505569458,0.32342017015177316,0.13699738681316376,0.02210874267360017,0.028761711592475574,0.010922720375699626,1.203125,0.12573028858930532,,,,,,
28899,3,,,,,,,0.0,0.0,0.7891861001650492,0.0610940202229755,0.11570578813552856,0.01166166421245837,0.015933649614453316,0.0020893205224263877,1.1067708333333333,0.10606985340841824,,,,,,
28949,3,,,,,,,0.0,0.0,0.9546696345011393,0.26757472878516386,0.12960798044999441,0.011291631655162235,0.021535068129499752,0.004823450763960585,1.2005208333333333,0.1451808319246495,,,,,,
28999,3,,,,,,,0.0,0.0,0.7525692780812582,0.04746491978298934,0.12206821391979854,0.008323205568021292,0.017250506517787773,0.002724354548550367,1.1640625,0.0625,,,,,,
29049,3,,,,,,,0.0,0.0,0.8923824230829874,0.14574257373903424,0.12088126689195633,0.009237429704902583,0.022573973673085373,0.007656077686962325,1.0911458333333333,0.027436598314720676,,,,,,
29099,3,,,,,,,0.0,0.0,0.87489253282547,0.1222052415498506,0.12197226782639821,0.011601652523661727,0.01845664344727993,0.0031594787631981417,1.1510416666666667,0.1284516922410263,,,,,,
29149,3,,,,,,,0.0,0.0,1.0819757382074993,0.1167996741377749,0.1310375009973844,0.018475222777028035,0.019872139518459637,0.003179406135219648,1.2369791666666667,0.18160211845428273,,,,,,
29199,3,,,,,,,0.0,0.0,1.0117744207382202,0.364571300168692,0.1262029161055883,0.012866534641652355,0.020245882061620552,0.0065450959357226356,1.1770833333333333,0.08884751098558323,,,,,,
29249,3,,,,,,,0.0,0.0,0.9621823032697042,0.3831392265007582,0.12220424662033717,0.012413354555435909,0.019339663287003834,0.005030449635902721,1.1432291666666667,0.0797997575314821,,,,,,
29299,3,,,,,,,0.0,0.0,0.8860667745272318,0.157609288934817,0.12545412282148996,0.005567435605241473,0.017543967192371685,0.0026193446536953787,1.1979166666666667,0.07259041596232475,,,,,,
29349,3,,,,,,,0.0,0.0,0.9323504964510599,0.1827461244284781,0.12663487096627554,0.007461454107570435,0.016771590647598106,0.0033808830569455046,1.2213541666666667,0.049616038758483465,,,,,,
29399,3,,,,,,,0.0,0.0,0.8904503385225931,0.25173304209363523,0.11603447049856186,0.012717945880857529,0.017076139027873676,0.0027761450254802193,1.0989583333333333,0.12939852342505045,,,,,,
29449,3,,,,,,,0.0,0.0,0.9602936704953512,0.07066536598559314,0.134602352976799,0.009391801722738806,0.019856257364153862,0.002963779158432588,1.2760416666666667,0.08570043058283507,,,,,,
29499,3,,,,,,,0.0,0.0,1.0234465797742207,0.11234952898309651,0.130652517080307,0.015636882048915658,0.021440277496973675,0.006102307938810048,1.2135416666666667,0.11303403340734743,,,,,,
29549,3,,,,,,,0.0,0.0,0.9873531858126322,0.341290407423123,0.12951616197824478,0.018504863473823997,0.02323360772182544,0.01067602317553186,1.1822916666666667,0.09768228819537006,,,,,,
29599,3,,,,,,,0.0,0.0,0.9680074055989584,0.05416008838627836,0.12678926438093185,0.0077538764753477835,0.019367394347985584,0.001455510339919745,1.1927083333333333,0.0813150781041458,,,,,,
29649,3,,,,,,,0.0,0.0,0.9563021461168925,0.35156085730127307,0.12671675781408945,0.019908313365163126,0.018643837111691635,0.006192402819793655,1.2005208333333333,0.1601721282779352,,,,,,
29699,3,,,,,,,0.0,0.0,0.8356120785077413,0.10341157549928345,0.13328873614470163,0.01171596422034176,0.02000748800734679,0.004414022325987779,1.2578125,0.09472152853892297,,,,,,
29749,3,,,,,,,0.0,0.0,0.8973013559977213,0.02348950259193768,0.1267333154877027,0.01787087828913696,0.019474198731283348,0.007303169148917603,1.1927083333333333,0.1417776832168354,,,,,,
29799,3,,,,,,,0.0,0.0,0.8884569605191549,0.26500580190943646,0.12519573420286179,0.012497620901812646,0.02102906412134568,0.005806126937038083,1.15625,0.08267972847076846,,,,,,
29849,3,,,,,,,0.0,0.0,0.8641087810198466,0.21093393360988064,0.1268151526649793,0.012536177293837191,0.02102088276296854,0.006456314952866242,1.1744791666666667,0.06735686018946647,,,,,,
29899,3,,,,,,,0.0,0.0,0.8204471667607626,0.05607572115900501,0.1260890687505404,0.014883211180645152,0.01785339166720708,0.0024861295067544068,1.203125,0.13621559198564606,,,,,,
29949,3,,,,,,,0.0,0.0,0.9601619640986124,0.21518000540508123,0.13098504145940146,0.012058485401360123,0.01933139159033696,0.004955258143770787,1.2395833333333333,0.0797997575314821,,,,,,
29999,3,,,,,,,0.0,0.0,0.8537706335385641,0.17388262475127247,0.12668724358081818,0.012153047294333289,0.0176377659663558,0.0060227111407192635,1.2109375,0.11348311754948398,,,,,,
30049,3,,,,,,,0.0,0.0,0.8710856040318807,0.20781038891278908,0.12436490505933762,0.018300222490730798,0.01987271662801504,0.00724106232530271,1.1614583333333333,0.12211848008013912,,,,,,
30099,3,,,,,,,0.0,0.0,0.9483906825383505,0.07966688663484434,0.12656235694885254,0.004530762802604822,0.020930844048659008,0.0030437642797637604,1.1744791666666667,0.01626301562082916,,,,,,
30149,3,,,,,,,0.0,0.0,1.0626910130182903,0.325360494063683,0.11955043425162633,0.018231607398611363,0.018476213949422043,0.00650544742825255,1.1223958333333333,0.1451808319246495,,,,,,
30199,3,,,,,,,0.0,0.0,0.9304080406824747,0.2575802671479035,0.12876061101754507,0.014049039069603952,0.02003665454685688,0.005145243372175258,1.2083333333333333,0.10664372515335037,,,,,,
30249,3,,,,,,,0.0,0.0,0.9196274280548096,0.23949837793192333,0.12706682085990906,0.013191329460715297,0.021272551268339157,0.0020198746790931255,1.1770833333333333,0.13403238783810179,,,,,,
30299,3,,,,,,,0.0,0.0,0.9151789347330729,0.1238906820313382,0.13182049244642258,0.009739366984184598,0.022445494929949444,0.002509263947170864,1.2161458333333333,0.09953913986258538,,,,,,
30349,3,,,,,,,0.0,0.0,1.0072662631670635,0.11659961827269145,0.13024938851594925,0.01789488848987738,0.021362670076390106,0.00806307691019158,1.2109375,0.125,,,,,,
30399,3,,,,,,,0.0,0.0,0.8214378952980042,0.21287717452053562,0.1244829793771108,0.02063602235826859,0.017874906150003273,0.005929941738274115,1.1848958333333333,0.16393844516184522,,,,,,
30449,3,,,,,,,0.0,0.0,0.9564106464385986,0.12494701936827203,0.12538462380568186,0.013167225241579981,0.019915871322155,0.0039711035280144925,1.171875,0.10568554108178659,,,,,,
30499,3,,,,,,,0.0,0.0,0.8454267978668213,0.015507232747627055,0.11697432647148769,0.003864565558226051,0.01801599406947692,0.004445018667139302,1.1015625,0.028168369339562415,,,,,,
30549,3,,,,,,,0.0,0.0,0.9734941720962524,0.3063199800315285,0.12428819636503856,0.013254844730315112,0.02060981219013532,0.004198159803207364,1.1536458333333333,0.1344869930591183,,,,,,
30599,3,,,,,,,0.0,0.0,0.8067462841669718,0.10135495172914227,0.1252309630314509,0.005851731204653426,0.01748356595635414,0.004891350852984708,1.1979166666666667,0.011933790872280834,,,,,,
30649,3,,,,,,,0.0,0.0,1.005508283774058,0.3232205789848038,0.11998103062311809,0.009640186478587697,0.01841852907091379,0.0033860863633320168,1.1276041666666667,0.0964245238623626,,,,,,
30699,3,,,,,,,0.0,0.0,0.8855469822883606,0.06791785575943766,0.12925603489081064,0.004908470418085312,0.021020357807477314,0.0017415769650668373,1.203125,0.04133986423538423,,,,,,
30749,3,,,,,,,0.0,0.0,0.9709253112475077,0.31534097323226074,0.11967198302348454,0.010232693811231808,0.019248807802796364,0.0059800578080554,1.1145833333333333,0.09547032697824667,,,,,,
30799,3,,,,,,,0.0,0.0,1.0537127057711284,0.10438517718168858,0.12683181713024774,0.011502951407334528,0.019247181092699368,0.0031864058231096293,1.1953125,0.09472152853892297,,,,,,
30849,3,,,,,,,0.0,0.0,0.9641352295875549,0.20525166234757425,0.12391250083843867,0.01177714948111261,0.01958307685951392,0.0023128191707564613,1.1588541666666667,0.10403637685124052,,,,,,
30899,3,,,,,,,0.0,0.0,0.7467332283655802,0.030487459479781827,0.11997580528259277,0.006366595568540406,0.015320855503280958,0.0010525690826056152,1.1614583333333333,0.05863713671457137,,,,,,
30949,3,,,,,,,0.0,0.0,0.9259410500526428,0.2629630048528462,0.12250969310601552,0.011635033936995927,0.017854747362434864,0.006357641835677894,1.1614583333333333,0.07864410870073697,,,,,,
30999,3,,,,,,,0.0,0.0,0.9708591302235922,0.2704919421640925,0.11980506281057994,0.013112130845602442,0.019219127173225086,0.005599967237454308,1.1171875,0.08450510801868726,,,,,,
31049,3,,,,,,,0.0,0.0,0.9870646794637045,0.17616234325337185,0.12432950735092163,0.0053343140814332765,0.01820971506337325,0.0031576531156166277,1.1796875,0.07534102157025746,,,,,,
31099,3,,,,,,,0.0,0.0,1.026668111483256,0.16883572764207777,0.1230823149283727,0.014170401705513265,0.01907840371131897,0.005812152227526971,1.15625,0.12573028858930532,,,,,,
31149,3,,,,,,,0.0,0.0,0.9209524194399515,0.23212174794641835,0.12287292877833049,0.02073107280369003,0.018543499832352,0.005667677525101476,1.1588541666666667,0.17855166371272863,,,,,,
31199,3,,,,,,,0.0,0.0,0.9470324913660685,0.3948599758586633,0.12192829449971516,0.008810820682043854,0.017598868658145268,0.0025942439433869666,1.1588541666666667,0.10606985340841824,,,,,,
31249,3,,,,,,,0.0,0.0,0.8159353931744894,0.07298361006162186,0.11840762446324031,0.0141134790945513,0.016845124152799446,0.0035236201683580114,1.12890625,0.13683031162607026,,,,,,
31299,3,,,,,,,0.0,0.0,0.9436478614807129,0.16424250111856412,0.11955558508634567,0.006043931024186545,0.020271730919679005,0.0010656185261810208,1.1041666666666667,0.07903120263277874,,,,,,
31349,3,,,,,,,0.0,0.0,0.8095036546389262,0.13644757300815888,0.1271300589044889,0.01575082603890572,0.020521988160908222,0.005754531904759068,1.1848958333333333,0.1289259770259017,,,,,,
31399,3,,,,,,,0.0,0.0,0.9961636066436768,0.22395984947224987,0.1265678952137629,0.009548293374618272,0.021261904388666153,0.004897849333246112,1.171875,0.10825317547305482,,,,,,
31449,3,,,,,,,0.0,0.0,0.8093467354774475,0.1312833077691179,0.12792660047610602,0.010392756801877562,0.016761233409245808,0.0006381947814803963,1.234375,0.11508531142700183,,,,,,
31499,3,,,,,,,0.0,0.0,0.9371266563733419,0.10777122207300664,0.12547123432159424,0.007950658973566775,0.02537357745071252,0.0024129930082383293,1.1119791666666667,0.06362912355661779,,,,,,
31549,3,,,,,,,0.0,0.0,0.846458375453949,0.037775094810493515,0.12021201600631078,0.010804117590821442,0.01913779942939679,0.003708506500440312,1.1223958333333333,0.08640968761998467,,,,,,
31599,3,,,,,,,0.0,0.0,1.0267718434333801,0.33203961114204744,0.1222992663582166,0.02091731465865102,0.02089952553311984,0.008490095071088598,1.1276041666666667,0.15513928133965083,,,,,,
31649,3,,,,,,,0.0,0.0,0.925268828868866,0.3724840053650848,0.12476862221956253,0.018326394383986505,0.020927477938433487,0.009110465239727234,1.1536458333333333,0.10403637685124052,,,,,,
31699,3,,,,,,,0.0,0.0,0.9105688333511353,0.20423772000317897,0.1252659559249878,0.011858011302893046,0.02240137445429961,0.005702302980149026,1.1432291666666667,0.06735686018946647,,,,,,
31749,3,,,,,,,0.0,0.0,0.9029414057731628,0.34514467461028503,0.12480873614549637,0.017458382241284955,0.019502746251722176,0.007399574146759845,1.1692708333333333,0.13471372037893295,,,,,,
31799,3,,,,,,,0.0,0.0,0.8653228481610616,0.17765393135831348,0.12289248655239741,0.006618073143834558,0.018074776356418926,0.00291792602409956,1.1640625,0.1015625,,,,,,
31849,3,,,,,,,0.0,0.0,0.8873794476191202,0.15362585307705418,0.1245029444495837,0.005166237993271724,0.02180112401644389,0.004031910491208754,1.140625,0.05122998847110938,,,,,,
31899,3,,,,,,,0.0,0.0,0.8862460851669312,0.21899328346344013,0.12878403067588806,0.0015238264371877064,0.01826970310260852,0.005355146798208287,1.2265625,0.05633673867912483,,,,,,
31949,3,,,,,,,0.0,0.0,0.890549898147583,0.2405286397351481,0.11891579627990723,0.011274954318466653,0.01735329783211152,0.0037701394393820946,1.1276041666666667,0.09547032697824667,,,,,,
31999,3,,,,,,,0.0,0.0,0.9133610725402832,0.13723708534215692,0.1235157127181689,0.011339471001861497,0.019186285324394703,0.0060064778212668216,1.1588541666666667,0.0813150781041458,,,,,,
32049,3,,,,,,,0.0,0.0,0.8686118920644125,0.05773958183116008,0.12013234694798787,0.008537769188326081,0.019383651204407215,0.005449212165909051,1.1197916666666667,0.05863713671457137,,,,,,
32099,3,,,,,,,0.0,0.0,0.7952032287915548,0.22206269680869964,0.11958665897448857,0.014480240609375842,0.01688483419517676,0.008147074024763324,1.140625,0.10510643786776336,,,,,,
32149,3,,,,,,,0.0,0.0,0.9473486940066019,0.3092940214390986,0.1272808164358139,0.018042002460179674,0.018882376762727898,0.006963975030690694,1.2057291666666667,0.12532509807829129,,,,,,
32199,3,,,,,,,0.0,0.0,0.8275307218233744,0.22021722226972315,0.11993695050477982,0.011279346294285572,0.016746845717231434,0.004307644847924765,1.1458333333333333,0.08353653610596583,,,,,,
32249,3,,,,,,,0.0,0.0,0.8504025936126709,0.14524089274699084,0.12111255029837291,0.008729595937223006,0.016457601450383663,0.0015465154099002438,1.1640625,0.09789034442298178,,,,,,
32299,3,,,,,,,0.0,0.0,0.9568702379862467,0.10829870846621696,0.12063561876614888,0.008778945037687664,0.018259317924578983,0.004392841677217166,1.1354166666666667,0.049616038758483465,,,,,,
32349,3,,,,,,,0.0,0.0,0.8328561782836914,0.06094975762264073,0.11933877815802892,0.009992818867027147,0.015985917610426743,0.004821037434634967,1.1484375,0.05898308152555273,,,,,,
32399,3,,,,,,,0.0,0.0,1.0369164148966472,0.2925161532789436,0.12452272822459538,0.0077289082525210315,0.01921673895170291,0.006681974897062439,1.1692708333333333,0.01626301562082916,,,,,,
32449,3,,,,,,,0.0,0.0,0.8684397141138712,0.17369574336114527,0.12578426549832025,0.010055869386551636,0.017223067892094452,0.003111242293971623,1.2057291666666667,0.07707629472369136,,,,,,
32499,3,,,,,,,0.0,0.0,0.9861577153205872,0.11961296453910251,0.1276159112652143,0.006116494961695279,0.02230992230276267,0.003950022062900446,1.1692708333333333,0.039322054350368486,,,,,,
32549,3,,,,,,,0.0,0.0,0.8959308862686157,0.1815663780824575,0.12121113389730453,0.01379949149272807,0.017044464436670143,0.005512544663508278,1.15625,0.11020887484113973,,,,,,
32599,3,,,,,,,0.0,0.0,0.7761069734891256,0.09343917085002582,0.11334852625926335,0.009404455928053581,0.015041235523919264,0.0029101837944764124,1.0911458333333333,0.0820622461280663,,,,,,
32649,3,,,,,,,0.0,0.0,0.9083393216133118,0.29135117694539847,0.12677055845657983,0.02474297062720218,0.018860402517020702,0.009105091998022747,1.1979166666666667,0.17475103197716269,,,,,,
32699,3,,,,,,,0.0,0.0,1.019378920396169,0.13847575376457047,0.12091935922702153,0.006533899035925711,0.02000790275633335,0.004236315750505713,1.1223958333333333,0.04577707247720559,,,,,,
32749,3,,,,,,,0.0,0.0,0.811710258324941,0.11208765835060935,0.12366211165984471,0.01936394820249281,0.01656575594097376,0.005437052021427172,1.1901041666666667,0.15631509060894708,,,,,,
32799,3,,,,,,,0.0,0.0,1.0604218045870464,0.22449848965685432,0.12047253300746281,0.011000390936439406,0.017119669665892918,0.00367096840236745,1.1484375,0.0900981452708656,,,,,,
32849,3,,,,,,,0.0,0.0,0.7546582619349161,0.05265182860650239,0.11729821314414342,0.002195419302235256,0.015735714075465996,0.0011798746312260044,1.1276041666666667,0.03157384284630766,,,,,,
32899,3,,,,,,,0.0,0.0,1.0832287867863972,0.0708157943143957,0.13878768185774484,0.017638824971528043,0.023390549545486767,0.007066705797521647,1.28125,0.11508531142700183,,,,,,
32949,3,,,,,,,0.0,0.0,0.8440988262494405,0.18145745865946078,0.1172718455394109,0.013418353524951441,0.017825227541228134,0.004034964176405004,1.10546875,0.11178975016604832,,,,,,
32999,3,,,,,,,0.0,0.0,0.9825449188550314,0.14742761305237345,0.11900629103183746,0.0034774449551046157,0.019071395508944988,0.004249151758870274,1.1119791666666667,0.0820622461280663,,,,,,
33049,3,,,,,,,0.0,0.0,0.9042213161786398,0.04387014332179786,0.12225782871246338,0.009682626801898634,0.019718768075108528,0.0029965752734374667,1.140625,0.09974332292815394,,,,,,
33099,3,,,,,,,0.0,0.0,0.8571174343427023,0.03587917231601702,0.1255673219760259,0.005163430430382495,0.018633728846907616,0.004158866674614598,1.1875,0.04752158226795484,,,,,,
33149,3,,,,,,,0.0,0.0,0.8816938400268555,0.32099019259600664,0.11871982614199321,0.015687561859743338,0.018459404818713665,0.006259947167847052,1.1145833333333333,0.12211848008013912,,,,,,
33199,3,,,,,,,0.0,0.0,0.8893332878748575,0.2735989858239295,0.1193265567223231,0.00827781734407707,0.015648174099624157,0.004266214497634639,1.1510416666666667,0.044423755492791615,,,,,,
33249,3,,,,,,,0.0,0.0,0.8740950226783752,0.09025453816503887,0.12316687156756718,0.011570890098592192,0.017535363013545673,0.003542668508640184,1.1744791666666667,0.08711317022748818,,,,,,
33299,3,,,,,,,0.0,0.0,0.8939517140388489,0.21237400868308678,0.12320707986752193,0.005550124983180038,0.018877653405070305,0.003694523415618424,1.1588541666666667,0.0369204345800985,,,,,,
33349,3,,,,,,,0.0,0.0,0.8985724449157715,0.13249443049533863,0.12087843815485637,0.011028266401682436,0.01817661275466283,0.0032037802255284664,1.140625,0.11020887484113973,,,,,,
33399,3,,,,,,,0.0,0.0,1.058401087919871,0.06269057429693012,0.12269459168116252,0.0160972933900703,0.0186906848102808,0.0017457302303428436,1.1549479166666667,0.16069523128198557,,,,,,
33449,3,,,,,,,0.0,0.0,1.1751200358072917,0.5651649796744223,0.14078412701686224,0.01610647684838013,0.02278282369176547,0.00796004008612234,1.3125,0.136886058343244,,,,,,
33499,3,,,,,,,0.0,0.0,0.7943082650502523,0.08677660181492716,0.11546196788549423,0.010160493459183387,0.016178112477064133,0.0031293742093551377,1.1041666666666667,0.08353653610596583,,,,,,
33549,3,,,,,,,0.0,0.0,0.8502452572186788,0.23955858561029675,0.11816010624170303,0.010378567926591907,0.01480723979572455,0.0033358881668636865,1.1484375,0.08230979494416202,,,,,,
33599,3,,,,,,,0.0,0.0,0.9096514185269674,0.04683687771278368,0.11843873063723247,0.004598077741446507,0.01589966844767332,0.0014176286293117251,1.1380208333333333,0.06266254903914564,,,,,,
33649,3,,,,,,,0.0,0.0,0.9967625737190247,0.23400429969681574,0.12688537438710532,0.018785190487681288,0.020440062507987022,0.006870504806905714,1.1822916666666667,0.13651398356334538,,,,,,
33699,3,,,,,,,0.0,0.0,0.8670870661735535,0.2367524908037939,0.1224076176683108,0.015075547111150701,0.01742714736610651,0.003820102470730154,1.1666666666666667,0.12629537138523064,,,,,,
33749,3,,,,,,,0.0,0.0,0.8975224296251932,0.08405798749016492,0.12837906926870346,0.005621343095809685,0.019004070510466892,0.001395903155088697,1.2161458333333333,0.050227347713504976,,,,,,
33799,3,,,,,,,0.0,0.0,0.8337474266688029,0.13568645604480906,0.12418595949808757,0.004636722979327732,0.018228928558528423,0.0063809677737567015,1.1770833333333333,0.04302789490067267,,,,,,
33849,3,,,,,,,0.0,0.0,0.9723508755366007,0.26871953840272245,0.12522593140602112,0.020304936284632848,0.016013691822687786,0.004517540346557025,1.2135416666666667,0.19552072234058296,,,,,,
33899,3,,,,,,,0.0,0.0,1.152962287267049,0.36676627371364234,0.13283739735682806,0.02260883694661897,0.026066564333935578,0.010550665222630493,1.1848958333333333,0.1376271902262897,,,,,,
33949,3,,,,,,,0.0,0.0,0.9009583592414856,0.1488564082192543,0.12293848892052968,0.009605920717520448,0.016004895480970543,0.002048659756133619,1.1875,0.09472152853892297,,,,,,
33999,3,,,,,,,0.0,0.0,0.8216596444447836,0.10866224361690642,0.1156335895260175,0.006100753364576048,0.01716353806356589,0.005305478808197794,1.09375,0.03125,,,,,,
34049,3,,,,,,,0.0,0.0,1.0483052134513855,0.18307060292008753,0.13292897740999857,0.011322620124322934,0.021112571159998577,0.0027426185108317,1.2421875,0.1015625,,,,,,
34099,3,,,,,,,0.0,0.0,0.7903198599815369,0.17928136464863942,0.1179663712779681,0.0059467757719682875,0.015264548050860563,0.002780215109896897,1.140625,0.04133986423538423,,,,,,
34149,3,,,,,,,0.0,0.0,1.088122288386027,0.1393614636350504,0.12346750497817993,0.008933960077862586,0.019463598107298214,0.005044480569259982,1.15625,0.062009796353076345,,,,,,
34199,3,,,,,,,0.0,0.0,0.7519019444783529,0.1399457045632414,0.1227195883790652,0.012410970734368434,0.016111518256366253,0.0045998307303249525,1.1822916666666667,0.09021097956087903,,,,,,
34249,3,,,,,,,0.0,0.0,0.8950985670089722,0.03109927690541902,0.12364815920591354,0.004619296207986535,0.015412479949494204,0.0027263460839033254,1.203125,0.0234375,,,,,,
34299,3,,,,,,,0.0,0.0,1.0135081211725872,0.31729706495476834,0.1237447460492452,0.017429427987488266,0.01925255823880434,0.007503150332880342,1.1614583333333333,0.1183105905375057,,,,,,
34349,3,,,,,,,0.0,0.0,0.9498474995295206,0.05322035792606593,0.12102364997069041,0.010420133888233957,0.017345263933142025,0.002551292045526484,1.1536458333333333,0.13895126637452188,,,,,,
34399,3,,,,,,,0.0,0.0,0.88374129931132,0.29589358211976513,0.12265737354755402,0.013442649344050487,0.017188623547554016,0.007809279311648278,1.171875,0.11267347735824966,,,,,,
34449,3,,,,,,,0.0,0.0,1.093656877676646,0.23950927070180533,0.1278072396914164,0.02369434972623148,0.022012969789405663,0.009837020214477181,1.1744791666666667,0.15513928133965083,,,,,,
34499,3,,,,,,,0.0,0.0,0.8191571633021036,0.13375626150959735,0.12143398573001225,0.004623153081072049,0.01743008103221655,0.0030816974998073452,1.1536458333333333,0.07825510000685791,,,,,,
34549,3,,,,,,,0.0,0.0,0.9979538520177206,0.2349366459870708,0.12230621526638667,0.016291081768501664,0.017162985789279144,0.0055344742713913965,1.1692708333333333,0.14199276958557902,,,,,,
34599,3,,,,,,,0.0,0.0,0.9029774268468221,0.09298297726439414,0.118475837012132,0.009980831016084274,0.016262296897669632,0.0035842232197840535,1.1354166666666667,0.1151736686848749,,,,,,
34649,3,,,,,,,0.0,0.0,1.023682673772176,0.29917207805117985,0.12364221860965093,0.014349178663050943,0.018824509344995022,0.00547023189042885,1.1640625,0.11508531142700183,,,,,,
34699,3,,,,,,,0.0,0.0,0.9398076335589091,0.12247243749891364,0.11782452712456386,0.0068941192721374755,0.01854067388921976,0.004236053546164047,1.1041666666666667,0.05083130545818525,,,,,,
34749,3,,,,,,,0.0,0.0,0.8757979075113932,0.10286413617012534,0.12207007159789403,0.011196971315608702,0.018066163485248882,0.004839219934770167,1.15625,0.06810779599282303,,,,,,
34799,3,,,,,,,0.0,0.0,1.2941733797391255,0.5897811885709768,0.13521022846301398,0.022972476606229707,0.02502142669012149,0.011145359688894723,1.2239583333333333,0.13403238783810179,,,,,,
34849,3,,,,,,,0.0,0.0,0.7887718280156454,0.11557938128664105,0.12174968669811885,0.01263751959918696,0.016606456600129604,0.0032090726606757245,1.1666666666666667,0.11384110934580413,,,,,,
34899,3,,,,,,,0.0,0.0,0.9901349941889445,0.29835027179498036,0.1244305248061816,0.006637571068826546,0.01912453304976225,0.006904463389828401,1.1692708333333333,0.004510548978043951,,,,,,
34949,3,,,,,,,0.0,0.0,1.0443524916966755,0.19553962913511383,0.13307824482520422,0.010263165543556427,0.021587359408537548,0.002693727486548672,1.2369791666666667,0.09021097956087903,,,,,,
34999,3,,,,,,,0.0,0.0,0.9679293036460876,0.36016849527354805,0.11782868206501007,0.0214198848567672,0.015940660921235878,0.0030709288205981516,1.1315104166666667,0.2183427198105557,,,,,,
35049,3,,,,,,,0.0,0.0,0.7993975877761841,0.053459283918524836,0.12042450408140819,0.0029978223690849785,0.016908878460526466,0.0015139241297128746,1.1484375,0.04878904686248749,,,,,,
35099,3,,,,,,,0.0,0.0,0.7033637960751852,0.10963386104501076,0.11147935440142949,0.003034444241812717,0.013497582326332727,0.004310152844871798,1.0885416666666667,0.018042195912175804,,,,,,
35149,3,,,,,,,0.0,0.0,0.908801794052124,0.3258584386269827,0.12089020013809204,0.0184958088068403,0.01704905368387699,0.007010783063501685,1.15625,0.1314265925098494,,,,,,
35199,3,,,,,,,0.0,0.0,1.245201865832011,0.5382384891324798,0.11979317913452785,0.00859621916469219,0.01855619965742032,0.005048750951194965,1.125,0.04133986423538423,,,,,,
35249,3,,,,,,,0.0,0.0,0.8486353953679403,0.10208332789481442,0.11816128094991048,0.005122002982473375,0.017900864283243816,0.005464029856510744,1.1119791666666667,0.09450649641470862,,,,,,
35299,3,,,,,,,0.0,0.0,1.0179126461346943,0.26207892656002085,0.138697050511837,0.020105748644706847,0.02199783145139615,0.007398693287969411,1.296875,0.1556629597279006,,,,,,
35349,3,,,,,,,0.0,0.0,1.188028593858083,0.3337190985214381,0.12474034229914348,0.011112889946164788,0.021875755861401558,0.004756733701051769,1.1432291666666667,0.10196235390860361,,,,,,
35399,3,,,,,,,0.0,0.0,0.8296489516894022,0.05718778952148539,0.12188962350289027,0.006934837352579378,0.017234674654901028,0.004095482074333013,1.1640625,0.04752158226795484,,,,,,
35449,3,,,,,,,0.0,0.0,0.8603222568829855,0.113324250077112,0.1234070360660553,0.005427316534121023,0.01810104555139939,0.005706548095620128,1.1692708333333333,0.11959335940838578,,,,,,
35499,3,,,,,,,0.0,0.0,0.756353755791982,0.1285355107933544,0.11591867605845134,0.012090145563080522,0.015007218345999718,0.002324070726265168,1.1223958333333333,0.10946796644262345,,,,,,
35549,3,,,,,,,0.0,0.0,1.0050842960675557,0.10641572483536235,0.1251173143585523,0.011035091585455011,0.021927207087477047,0.004877937232516268,1.1484375,0.06765823467065928,,,,,,
35599,3,,,,,,,0.0,0.0,0.7888247768084208,0.10894859331834111,0.11743223667144775,0.0048404059826746525,0.017171819383899372,0.0027061769741011594,1.1145833333333333,0.025113673856752488,,,,,,
35649,3,,,,,,,0.0,0.0,1.0021824439366658,0.2121843857791551,0.13966092964013418,0.012081036898002492,0.02247342715660731,0.005722355967608877,1.3046875,0.11561444208553705,,,,,,
35699,3,,,,,,,0.0,0.0,0.8111701806386312,0.049202051127768105,0.12787205229202905,0.008372003714219384,0.01849704918762048,0.005167226824567615,1.2135416666666667,0.047091513854232096,,,,,,
35749,3,,,,,,,0.0,0.0,0.9731011986732483,0.27463510722628476,0.12157521893580754,0.009283572213462718,0.01805959641933441,0.0041413057988409895,1.1510416666666667,0.05758683434243745,,,,,,
35799,3,,,,,,,0.0,0.0,0.872410237789154,0.14163811371353255,0.12064445267120998,0.014613600008926546,0.016152264860769112,0.0026979837712433927,1.1588541666666667,0.13288907106430284,,,,,,
35849,3,,,,,,,0.0,0.0,0.8223658998807272,0.2462995301155915,0.11839208503564198,0.012898345100885106,0.018457187960545223,0.007336190817730325,1.109375,0.0667500292602932,,,,,,
35899,3,,,,,,,0.0,0.0,0.8444071213404337,0.13126730957549396,0.11933539311091106,0.011205198855227833,0.016959093511104584,0.003125300654213994,1.1380208333333333,0.09450649641470862,,,,,,
35949,3,,,,,,,0.0,0.0,0.8234495520591736,0.09171196335797253,0.1211505929629008,0.0051902929629293855,0.0179604875544707,0.00033721067323294894,1.1458333333333333,0.05487319662944135,,,,,,
35999,3,,,,,,,0.0,0.0,0.8853806455930074,0.1179727843310155,0.11861489216486613,0.013357136826457627,0.01884275519599517,0.0036894549464119553,1.1080729166666667,0.11296651680595819,,,,,,
36049,3,,,,,,,0.0,0.0,1.1184593836466472,0.7027267505135674,0.11656567454338074,0.010047651431105807,0.017281820066273212,0.004223563713342951,1.1041666666666667,0.09547032697824667,,,,,,
36099,3,,,,,,,0.0,0.0,0.9261274139086405,0.26555366119173335,0.11874424417813619,0.01557666653275836,0.014903100517888864,0.005857121976224373,1.1536458333333333,0.10946796644262345,,,,,,
36149,3,,,,,,,0.0,0.0,0.951781153678894,0.15826088572563515,0.12695052723089853,0.0025228944309795016,0.02017969327668349,0.0018819021814970097,1.1848958333333333,0.029577647634376425,,,,,,
36199,3,,,,,,,0.0,0.0,0.9247653683026632,0.25550666745657125,0.12635140120983124,0.014325923396783692,0.020394369959831238,0.010496186982477866,1.1770833333333333,0.05915529526875285,,,,,,
36249,3,,,,,,,0.0,0.0,1.0734952688217163,0.11945748561417298,0.1223983292778333,0.020365162910814194,0.020022029678026836,0.0019047332929001068,1.1380208333333333,0.22647268334632178,,,,,,
36299,3,,,,,,,0.0,0.0,0.9045864542325338,0.19626028483046656,0.12183588494857152,0.01226101448151717,0.018483019123474758,0.005402218632375136,1.1484375,0.078125,,,,,,
36349,3,,,,,,,0.0,0.0,0.9192454814910889,0.18528576198731112,0.11967959503332774,0.006866998868606081,0.01632673169175784,0.002197228891315387,1.1484375,0.0546875,,,,,,
36399,3,,,,,,,0.0,0.0,0.808027962843577,0.1292188411959028,0.12863264977931976,0.018171933075244916,0.01714176560441653,0.005514419105513597,1.2369791666666667,0.16093244328625392,,,,,,
36449,3,,,,,,,0.0,0.0,0.9756330450375875,0.3450520026044457,0.11942274123430252,0.018974593270980993,0.01704643542567889,0.007222624666379707,1.13671875,0.13671875,,,,,,
36499,3,,,,,,,0.0,0.0,0.8148698012034098,0.17251271205665472,0.1205938309431076,0.014039343518761276,0.017729247299333412,0.0035590829263272006,1.1432291666666667,0.12211848008013912,,,,,,
36549,3,,,,,,,0.0,0.0,1.0633270343144734,0.4441318612607159,0.1287103792031606,0.021233977845120166,0.02372990921139717,0.012100065930516326,1.1666666666666667,0.1245924345198509,,,,,,
36599,3,,,,,,,0.0,0.0,0.9688869516054789,0.18254748215995936,0.1273200884461403,0.015562506330530803,0.016643007285892963,0.004862900005556848,1.2291666666666667,0.14871137015905453,,,,,,
36649,3,,,,,,,0.0,0.0,0.856745719909668,0.2711466069057605,0.1152126540740331,0.01782806202331963,0.014626715642710527,0.005585275899571702,1.1171875,0.13821723447620415,,,,,,
36699,3,,,,,,,0.0,0.0,1.111052672068278,0.6247802376736081,0.11970927317937215,0.014115092159107997,0.019611612893640995,0.006667462790153365,1.1119791666666667,0.08781101718795503,,,,,,
36749,3,,,,,,,0.0,0.0,0.8067391713460287,0.12904787990136196,0.12029448399941127,0.004937497858834835,0.016778858688970406,0.0045493506131494554,1.1510416666666667,0.06551950846567252,,,,,,
36799,3,,,,,,,0.0,0.0,1.0866069793701172,0.17527756652151408,0.11727819343407948,0.0030959226974875452,0.019621944675842922,0.00025009954422537185,1.0859375,0.0358013726168425,,,,,,
36849,3,,,,,,,0.0,0.0,0.8941970666249593,0.06563278492840231,0.1208953931927681,0.0069490760664751815,0.018356327898800373,0.0035311403246185637,1.1380208333333333,0.03853814736184568,,,,,,
36899,3,,,,,,,0.0,0.0,1.0556124448776245,0.24770320349287386,0.1302155777812004,0.012918444959650588,0.01986401652296384,0.0043624090119863896,1.2265625,0.09600160724566022,,,,,,
36949,3,,,,,,,0.0,0.0,0.8307475845019022,0.17905807272765964,0.12233856072028478,0.009158556698774911,0.017032570205628872,0.0034592865112252577,1.1692708333333333,0.1108531075718373,,,,,,
36999,3,,,,,,,0.0,0.0,1.0863932569821675,0.3127499467645845,0.12698918084303537,0.01510716835377508,0.020055588334798813,0.004253530057846973,1.1875,0.1484375,,,,,,
37049,3,,,,,,,0.0,0.0,0.875628928343455,0.07217582418265903,0.1200351392229398,0.009021687831048033,0.016356753806273144,0.0015359759419107087,1.1510416666666667,0.09155414495441118,,,,,,
37099,3,,,,,,,0.0,0.0,0.8807345628738403,0.2704518130577408,0.11914770305156708,0.01711012703388015,0.016283120028674603,0.0072569899697815495,1.1432291666666667,0.11437599612498828,,,,,,
37149,3,,,,,,,0.0,0.0,0.8483182191848755,0.054992463809730344,0.11900051931540172,0.012177764834341676,0.016461455263197422,0.002558842440901375,1.140625,0.109375,,,,,,
37199,3,,,,,,,0.0,0.0,0.8035721381505331,0.07208212750869324,0.11482222626606624,0.012829890229294004,0.013259727197388807,0.002459417586672801,1.1276041666666667,0.11701376009719255,,,,,,
37249,3,,,,,,,0.0,0.0,0.8780765732129415,0.12332307380715588,0.12425187975168228,0.0028711227919502435,0.017969330462316673,0.002661159797453335,1.1822916666666667,0.049616038758483465,,,,,,
37299,3,,,,,,,0.0,0.0,1.0423952341079712,0.2671264871601976,0.13118626674016318,0.012665169656588695,0.021974027156829834,0.006421533552778634,1.2135416666666667,0.0813150781041458,,,,,,
37349,3,,,,,,,0.0,0.0,0.9041147828102112,0.16897704805295594,0.12867599725723267,0.01258941358437017,0.020928602044781048,0.006658246442277851,1.1979166666666667,0.08987205170175729,,,,,,
37399,3,,,,,,,0.0,0.0,0.784342348575592,0.0947948286429078,0.1187737633784612,0.016952342535692385,0.0173740250368913,0.00417161522485984,1.1276041666666667,0.1470604989947448,,,,,,
37449,3,,,,,,,0.0,0.0,0.9476730227470398,0.11637180081403016,0.1215743546684583,0.0054228791056283015,0.016431122086942196,0.003191144548122188,1.1692708333333333,0.03252603124165832,,,,,,
37499,3,,,,,,,0.0,0.0,0.8860069513320923,0.15569176372712454,0.12045424928267796,0.007733680307640237,0.01726414853086074,0.0019738618784036666,1.1458333333333333,0.09768228819537006,,,,,,
37549,3,,,,,,,0.0,0.0,0.8065123756726583,0.1523403630661289,0.11827080696821213,0.011791495527752277,0.01735934739311536,0.005248494569738542,1.1197916666666667,0.10664372515335037,,,,,,
37599,3,,,,,,,0.0,0.0,0.9094234704971313,0.16408097778233152,0.12093382825454076,0.008501751045058147,0.01758096491297086,0.0013572164245477091,1.1484375,0.10568554108178659,,,,,,
37649,3,,,,,,,0.0,0.0,0.7481805086135864,0.11308639014245168,0.11631929874420166,0.009766901800053338,0.015570602379739285,0.005614732970901434,1.1197916666666667,0.07259041596232475,,,,,,
37699,3,,,,,,,0.0,0.0,0.952480137348175,0.040751596042448386,0.12101531773805618,0.008063428643254515,0.0184762558589379,0.0015985360435826668,1.140625,0.10510643786776336,,,,,,
37749,3,,,,,,,0.0,0.0,0.8751514951388041,0.051230225416170935,0.1281671846906344,0.012207429258457204,0.019931505744655926,0.001214723333840624,1.203125,0.12401959270615269,,,,,,
37799,3,,,,,,,0.0,0.0,1.0206554532051086,0.13177075677814748,0.12282159179449081,0.008436464161603291,0.019143206377824146,0.002634133704990526,1.1536458333333333,0.073840869160197,,,,,,
37849,3,,,,,,,0.0,0.0,0.9179910024007162,0.0773926086144315,0.12519474575916925,0.008494339032536873,0.020051515350739162,0.002552678201512382,1.1692708333333333,0.09768228819537006,,,,,,
37899,3,,,,,,,0.0,0.0,0.9279438455899557,0.06528106396707166,0.12372540434201558,0.009654989057052584,0.017442851327359676,0.0017118606299646993,1.1796875,0.08873294290312927,,,,,,
37949,3,,,,,,,0.0,0.0,0.7899789015452067,0.096161447201971,0.11667844653129578,0.00468141650945513,0.016906309872865677,0.0024638046209349506,1.109375,0.028168369339562415,,,,,,
37999,3,,,,,,,0.0,0.0,0.8948294123013815,0.22008942755020128,0.12651272863149643,0.0265829514797021,0.02088121821482976,0.0071352945301172595,1.1731770833333333,0.2131085228540164,,,,,,
38049,3,,,,,,,0.0,0.0,0.9920885562896729,0.4466040996743032,0.12612269322077432,0.013560840500526713,0.020165663212537766,0.006845199354153837,1.1770833333333333,0.11384110934580413,,,,,,
38099,3,,,,,,,0.0,0.0,0.8576954404513041,0.176996556742128,0.11944898714621861,0.014138950312817915,0.016096122562885284,0.002716458578004446,1.1484375,0.15388840315306412,,,,,,
38149,3,,,,,,,0.0,0.0,0.8862682183583578,0.19723684222540458,0.1229608083764712,0.0056487608190741645,0.018631380672256153,0.004475384625223275,1.1588541666666667,0.06644453553215142,,,,,,
38199,3,,,,,,,0.0,0.0,0.9352249701817831,0.3034423372183616,0.12450577815373738,0.024580022153931683,0.019525310024619102,0.00625261408728947,1.16796875,0.20599682614742515,,,,,,
38249,3,,,,,,,0.0,0.0,1.07476939757665,0.35368676648956415,0.12113796174526215,0.014993189280862362,0.017296816532810528,0.004649896066050144,1.1536458333333333,0.11437599612498828,,,,,,
38299,3,,,,,,,0.0,0.0,0.9723686178525289,0.1357416403842897,0.11659788588682811,0.006906906285025436,0.018778874228398006,0.002733670579601878,1.0859375,0.05122998847110938,,,,,,
38349,3,,,,,,,0.0,0.0,0.8481301665306091,0.084039494033862,0.1253554274638494,0.0016729062725124799,0.01972391704718272,0.002028663857774094,1.1744791666666667,0.03522851369392886,,,,,,
38399,3,,,,,,,0.0,0.0,0.8801592588424683,0.12258159134283371,0.12375964721043904,0.005004969312691842,0.01829089845220248,0.0033282353527691252,1.171875,0.020669932117692115,,,,,,
38449,3,,,,,,,0.0,0.0,1.017469863096873,0.21808450931534804,0.12629851947228113,0.018387270082898602,0.020992526784539223,0.005791208642883828,1.1692708333333333,0.14026284384890866,,,,,,
38499,3,,,,,,,0.0,0.0,0.9374391833941141,0.21508961217060124,0.12782677014668783,0.010692468569497397,0.019753855963548023,0.0018336488109135989,1.2005208333333333,0.09892406204803426,,,,,,
38549,3,,,,,,,0.0,0.0,0.9821270108222961,0.08258344059135281,0.1259543920556704,0.004047631494423464,0.019346316655476887,0.0024790544285482434,1.1848958333333333,0.01626301562082916,,,,,,
38599,3,,,,,,,0.0,0.0,0.8679545919100443,0.219109800246482,0.12235457946856816,0.0065571412597055885,0.015909271004299324,0.003359063175485532,1.1822916666666667,0.05317858816839098,,,,,,
38649,3,,,,,,,0.0,0.0,0.9440029263496399,0.1976048339053319,0.12180180599292119,0.01072825997121465,0.017635141499340534,0.007043908556670806,1.15625,0.08230979494416202,,,,,,
38699,3,,,,,,,0.0,0.0,0.8939200242360433,0.31537895817656375,0.12331979970137279,0.017994077525867798,0.018827611580491066,0.009475327329460381,1.1614583333333333,0.09450649641470862,,,,,,
38749,3,,,,,,,0.0,0.0,0.9200713038444519,0.2895768262187425,0.12465181946754456,0.013540368298497541,0.017718228821953137,0.005613647458890829,1.1875,0.08804240366863003,,,,,,
38799,3,,,,,,,0.0,0.0,0.8432153662045797,0.1008631777841969,0.12437024712562561,0.014475893564082831,0.01792493462562561,0.004032210923216408,1.1822916666666667,0.1183105905375057,,,,,,
38849,3,,,,,,,0.0,0.0,0.75328661998113,0.18020530595584175,0.11527602871259053,0.014706067895688523,0.017457017675042152,0.0056257385643728106,1.0872395833333333,0.1074277933975693,,,,,,
38899,3,,,,,,,0.0,0.0,0.9137522379557291,0.11493733765026679,0.12196943908929825,0.013032468402093537,0.017965531907975674,0.0033627119280810564,1.1536458333333333,0.11276372445109878,,,,,,
38949,3,,,,,,,0.0,0.0,0.9702186783154806,0.3173055350178791,0.12147158632675807,0.008104277628970456,0.015677313630779583,0.005374325444367854,1.1744791666666667,0.03252603124165832,,,,,,
38999,3,,,,,,,0.0,0.0,0.9980423450469971,0.14471985788810812,0.12204514443874359,0.005168754699719031,0.0186922795449694,0.0033435573277033562,1.1484375,0.027063293868263706,,,,,,
39049,3,,,,,,,0.0,0.0,0.917464017868042,0.23820188350475338,0.1259083648522695,0.02442546488682372,0.018160969639817875,0.004851277812960474,1.1953125,0.2249403132638745,,,,,,
39099,3,,,,,,,0.0,0.0,0.9125025669733683,0.34056593587498846,0.11934202909469604,0.017984304914247445,0.018756091284255188,0.008136368588296389,1.1171875,0.11666550408646936,,,,,,
39149,3,,,,,,,0.0,0.0,1.0266968607902527,0.19296705717227547,0.12437102943658829,0.0077698633465540096,0.018902281920115154,0.004252345968307184,1.171875,0.04133986423538423,,,,,,
39199,3,,,,,,,0.0,0.0,0.9387477238972982,0.16084540508349207,0.12673784295717874,0.013999115894643713,0.018664926290512085,0.005123848505053802,1.2005208333333333,0.11856825456075219,,,,,,
39249,3,,,,,,,0.0,0.0,1.0404813687006633,0.02256460716098526,0.132378950715065,0.010002601052206626,0.024957071368892986,0.003324330769823611,1.1927083333333333,0.14622807438923394,,,,,,
39299,3,,,,,,,0.0,0.0,0.8766972025235494,0.11113849139320041,0.1230088546872139,0.011898358489245465,0.015586980308095614,0.003872456259657761,1.1953125,0.09472152853892297,,,,,,
39349,3,,,,,,,0.0,0.0,0.8810662428538004,0.19624767885591188,0.12540234376986822,0.012806178576241488,0.019282551171878975,0.004348454781518216,1.1796875,0.09375,,,,,,
39399,3,,,,,,,0.0,0.0,0.9378182689348856,0.10846693172035524,0.12320469816525777,0.006327833628600569,0.020014595240354538,0.0024303769646050457,1.1458333333333333,0.047735163489123336,,,,,,
39449,3,,,,,,,0.0,0.0,0.883192777633667,0.3806709676331696,0.1171466385324796,0.008650687314388436,0.01509585821380218,0.003453144827381308,1.1328125,0.0703125,,,,,,
39499,3,,,,,,,0.0,0.0,1.073088030020396,0.3258580505246733,0.12969451894362768,0.015097363572771505,0.018691911982993286,0.006564365007363792,1.234375,0.11348311754948398,,,,,,
39549,3,,,,,,,0.0,0.0,0.8718249797821045,0.10496477310937556,0.1164315218726794,0.014565056350226138,0.016659385214249294,0.0008220970875215694,1.1080729166666667,0.15548314422477066,,,,,,
39599,3,,,,,,,0.0,0.0,0.7879822055498759,0.2172401345282634,0.1178274005651474,0.01245993018270176,0.015125578579803308,0.0046899866518602795,1.140625,0.11508531142700183,,,,,,
39649,3,,,,,,,0.0,0.0,0.7931730151176453,0.20052326878938115,0.11639900505542755,0.004503791145144582,0.014348225357631842,0.001661527746444639,1.1328125,0.034053897996411515,,,,,,
39699,3,,,,,,,0.0,0.0,1.1107263565063477,0.17527476928929384,0.12470678240060806,0.009295290919624437,0.02070287490884463,0.00804747163071259,1.15625,0.04878904686248749,,,,,,
39749,3,,,,,,,0.0,0.0,1.1352054874102275,0.3907721176322919,0.13190371294816336,0.005698640357885539,0.023016991714636486,0.004318318892561076,1.2083333333333333,0.023867581744561668,,,,,,
39799,3,,,,,,,0.0,0.0,0.7704310615857443,0.08481941648885405,0.11474076161781947,0.008489245889976516,0.015131386928260326,0.0019144234773572305,1.1067708333333333,0.0828026723728367,,,,,,
39849,3,,,,,,,0.0,0.0,0.8584249218304952,0.10718522567855264,0.1287863850593567,0.0065129862868686305,0.02396867610514164,0.0016239344471038256,1.1640625,0.0900981452708656,,,,,,
39899,3,,,,,,,0.0,0.0,0.8386896848678589,0.21500333192957718,0.122435229520003,0.02043880292403364,0.015664393392701943,0.005535866234486133,1.1848958333333333,0.16707307221193166,,,,,,
39949,3,,,,,,,0.0,0.0,1.6493723193804424,1.0874382675671064,0.12565195063749948,0.01131245234569218,0.023112885653972626,0.004841894425146642,1.1380208333333333,0.07259041596232475,,,,,,
39999,3,,,,,,,0.0,0.0,0.7598333358764648,0.17505205014986192,0.1168233926097552,0.014882080528643203,0.014609849701325098,0.003320943373256614,1.1354166666666667,0.15415258944738272,0.16006099681059519,0.0164985015428938,0.01259192389746507,0.0038775215942495733,1.6384114424387615,0.14692505620137458
